episode,survival_steps_agent0,epsilon,intrinsic_weight,env_steps_all_agents,total_env_steps_cumulative
0,45,1.000000,1.000000,360,360
1,44,0.995000,1.000000,352,712
2,59,0.990025,1.000000,472,1184
3,67,0.985075,1.000000,536,1720
4,45,0.980150,1.000000,360,2080
5,46,0.975249,1.000000,368,2448
6,48,0.970373,1.000000,384,2832
7,45,0.965521,1.000000,360,3192
8,68,0.960693,1.000000,544,3736
9,43,0.955890,1.000000,344,4080
10,42,0.951110,1.000000,336,4416
11,80,0.946355,1.000000,640,5056
12,66,0.941623,1.000000,528,5584
13,45,0.936915,1.000000,360,5944
14,45,0.932230,1.000000,360,6304
15,47,0.927569,1.000000,376,6680
16,45,0.922931,1.000000,360,7040
17,46,0.918316,1.000000,368,7408
18,105,0.913725,1.000000,840,8248
19,43,0.909156,1.000000,344,8592
20,68,0.904610,1.000000,544,9136
21,45,0.900087,1.000000,360,9496
22,43,0.895587,1.000000,344,9840
23,44,0.891109,1.000000,352,10192
24,49,0.886654,1.000000,392,10584
25,49,0.882220,1.000000,392,10976
26,49,0.877809,1.000000,392,11368
27,47,0.873420,1.000000,376,11744
28,43,0.869053,1.000000,344,12088
29,44,0.864708,1.000000,352,12440
30,44,0.860384,1.000000,352,12792
31,46,0.856082,1.000000,368,13160
32,77,0.851802,1.000000,616,13776
33,61,0.847543,1.000000,488,14264
34,46,0.843305,1.000000,368,14632
35,46,0.839089,1.000000,368,15000
36,49,0.834893,1.000000,392,15392
37,43,0.830719,1.000000,344,15736
38,45,0.826565,1.000000,360,16096
39,49,0.822432,1.000000,392,16488
40,80,0.818320,1.000000,640,17128
41,45,0.814229,1.000000,360,17488
42,47,0.810157,1.000000,376,17864
43,48,0.806107,1.000000,384,18248
44,68,0.802076,1.000000,544,18792
45,43,0.798066,1.000000,344,19136
46,43,0.794075,1.000000,344,19480
47,49,0.790105,1.000000,392,19872
48,70,0.786154,1.000000,560,20432
49,70,0.782224,1.000000,560,20992
50,42,0.778313,1.000000,336,21328
51,45,0.774421,1.000000,360,21688
52,47,0.770549,1.000000,376,22064
53,72,0.766696,1.000000,576,22640
54,43,0.762863,1.000000,344,22984
55,46,0.759048,1.000000,368,23352
56,47,0.755253,1.000000,376,23728
57,41,0.751477,1.000000,328,24056
58,48,0.747719,1.000000,384,24440
59,44,0.743981,1.000000,352,24792
60,44,0.740261,1.000000,352,25144
61,51,0.736560,1.000000,408,25552
62,51,0.732877,1.000000,408,25960
63,45,0.729212,1.000000,360,26320
64,62,0.725566,1.000000,496,26816
65,45,0.721939,1.000000,360,27176
66,54,0.718329,1.000000,432,27608
67,55,0.714737,1.000000,440,28048
68,48,0.711164,1.000000,384,28432
69,77,0.707608,1.000000,616,29048
70,48,0.704070,1.000000,384,29432
71,53,0.700549,1.000000,424,29856
72,57,0.697047,1.000000,456,30312
73,48,0.693561,1.000000,384,30696
74,48,0.690094,1.000000,384,31080
75,49,0.686643,1.000000,392,31472
76,51,0.683210,1.000000,408,31880
77,51,0.679794,1.000000,408,32288
78,49,0.676395,1.000000,392,32680
79,49,0.673013,1.000000,392,33072
80,42,0.669648,1.000000,336,33408
81,48,0.666300,1.000000,384,33792
82,45,0.662968,1.000000,360,34152
83,53,0.659653,1.000000,424,34576
84,65,0.656355,1.000000,520,35096
85,50,0.653073,1.000000,400,35496
86,55,0.649808,1.000000,440,35936
87,45,0.646559,1.000000,360,36296
88,47,0.643326,1.000000,376,36672
89,49,0.640109,1.000000,392,37064
90,81,0.636909,1.000000,648,37712
91,51,0.633724,1.000000,408,38120
92,47,0.630556,1.000000,376,38496
93,70,0.627403,1.000000,560,39056
94,43,0.624266,1.000000,344,39400
95,51,0.621145,1.000000,408,39808
96,49,0.618039,1.000000,392,40200
97,51,0.614949,1.000000,408,40608
98,44,0.611874,1.000000,352,40960
99,86,0.608815,1.000000,688,41648
100,43,0.605770,1.000000,344,41992
101,68,0.602742,1.000000,544,42536
102,57,0.599728,1.000000,456,42992
103,51,0.596729,1.000000,408,43400
104,50,0.593746,1.000000,400,43800
105,69,0.590777,1.000000,552,44352
106,57,0.587823,1.000000,456,44808
107,48,0.584884,1.000000,384,45192
108,51,0.581959,1.000000,408,45600
109,49,0.579050,1.000000,392,45992
110,52,0.576154,1.000000,416,46408
111,57,0.573274,1.000000,456,46864
112,53,0.570407,1.000000,424,47288
113,45,0.567555,1.000000,360,47648
114,47,0.564717,1.000000,376,48024
115,42,0.561894,1.000000,336,48360
116,46,0.559084,1.000000,368,48728
117,51,0.556289,1.000000,408,49136
118,55,0.553508,1.000000,440,49576
119,66,0.550740,1.000000,528,50104
120,45,0.547986,1.000000,360,50464
121,47,0.545246,1.000000,376,50840
122,50,0.542520,1.000000,400,51240
123,54,0.539808,1.000000,432,51672
124,61,0.537108,1.000000,488,52160
125,71,0.534423,1.000000,568,52728
126,46,0.531751,1.000000,368,53096
127,45,0.529092,1.000000,360,53456
128,44,0.526447,1.000000,352,53808
129,45,0.523814,1.000000,360,54168
130,45,0.521195,1.000000,360,54528
131,51,0.518589,1.000000,408,54936
132,45,0.515996,1.000000,360,55296
133,68,0.513416,1.000000,544,55840
134,59,0.510849,1.000000,472,56312
135,55,0.508295,1.000000,440,56752
136,49,0.505754,1.000000,392,57144
137,80,0.503225,1.000000,640,57784
138,51,0.500709,1.000000,408,58192
139,67,0.498205,1.000000,536,58728
140,53,0.495714,1.000000,424,59152
141,57,0.493236,1.000000,456,59608
142,55,0.490769,1.000000,440,60048
143,49,0.488316,1.000000,392,60440
144,47,0.485874,1.000000,376,60816
145,48,0.483445,1.000000,384,61200
146,54,0.481027,1.000000,432,61632
147,57,0.478622,1.000000,456,62088
148,47,0.476229,1.000000,376,62464
149,102,0.473848,1.000000,816,63280
150,52,0.471479,1.000000,416,63696
151,52,0.469121,1.000000,416,64112
152,57,0.466776,1.000000,456,64568
153,53,0.464442,1.000000,424,64992
154,49,0.462120,1.000000,392,65384
155,65,0.459809,1.000000,520,65904
156,61,0.457510,1.000000,488,66392
157,69,0.455222,1.000000,552,66944
158,60,0.452946,1.000000,480,67424
159,63,0.450682,1.000000,504,67928
160,85,0.448428,1.000000,680,68608
161,57,0.446186,1.000000,456,69064
162,53,0.443955,1.000000,424,69488
163,51,0.441735,1.000000,408,69896
164,68,0.439527,1.000000,544,70440
165,55,0.437329,1.000000,440,70880
166,86,0.435142,1.000000,688,71568
167,57,0.432967,1.000000,456,72024
168,60,0.430802,1.000000,480,72504
169,77,0.428648,1.000000,616,73120
170,61,0.426505,1.000000,488,73608
171,55,0.424372,1.000000,440,74048
172,62,0.422250,1.000000,496,74544
173,59,0.420139,1.000000,472,75016
174,67,0.418038,1.000000,536,75552
175,67,0.415948,1.000000,536,76088
176,67,0.413868,1.000000,536,76624
177,68,0.411799,1.000000,544,77168
178,48,0.409740,1.000000,384,77552
179,49,0.407691,1.000000,392,77944
180,63,0.405653,1.000000,504,78448
181,54,0.403625,1.000000,432,78880
182,70,0.401606,1.000000,560,79440
183,125,0.399598,1.000000,1000,80440
184,57,0.397600,1.000000,456,80896
185,59,0.395612,1.000000,472,81368
186,59,0.393634,1.000000,472,81840
187,62,0.391666,1.000000,496,82336
188,58,0.389708,1.000000,464,82800
189,76,0.387759,1.000000,608,83408
190,59,0.385821,1.000000,472,83880
191,64,0.383891,1.000000,512,84392
192,59,0.381972,1.000000,472,84864
193,59,0.380062,1.000000,472,85336
194,56,0.378162,1.000000,448,85784
195,72,0.376271,1.000000,576,86360
196,59,0.374390,1.000000,472,86832
197,55,0.372518,1.000000,440,87272
198,68,0.370655,1.000000,544,87816
199,64,0.368802,1.000000,512,88328
200,59,0.366958,1.000000,472,88800
201,59,0.365123,1.000000,472,89272
202,64,0.363297,1.000000,512,89784
203,49,0.361481,1.000000,392,90176
204,93,0.359674,1.000000,744,90920
205,90,0.357875,1.000000,720,91640
206,57,0.356086,1.000000,456,92096
207,63,0.354305,1.000000,504,92600
208,68,0.352534,1.000000,544,93144
209,53,0.350771,1.000000,424,93568
210,62,0.349017,1.000000,496,94064
211,67,0.347272,1.000000,536,94600
212,59,0.345536,1.000000,472,95072
213,56,0.343808,1.000000,448,95520
214,104,0.342089,1.000000,832,96352
215,61,0.340379,1.000000,488,96840
216,72,0.338677,1.000000,576,97416
217,76,0.336983,1.000000,608,98024
218,66,0.335298,1.000000,528,98552
219,59,0.333622,1.000000,472,99024
220,76,0.331954,1.000000,608,99632
221,70,0.330294,1.000000,560,100192
222,90,0.328643,1.000000,720,100912
223,122,0.326999,1.000000,976,101888
224,118,0.325364,1.000000,944,102832
225,97,0.323738,1.000000,776,103608
226,70,0.322119,1.000000,560,104168
227,106,0.320508,1.000000,848,105016
228,72,0.318906,1.000000,576,105592
229,74,0.317311,1.000000,592,106184
230,72,0.315725,1.000000,576,106760
231,82,0.314146,1.000000,656,107416
232,72,0.312575,1.000000,576,107992
233,72,0.311012,1.000000,576,108568
234,74,0.309457,1.000000,592,109160
235,76,0.307910,1.000000,608,109768
236,80,0.306371,1.000000,640,110408
237,80,0.304839,1.000000,640,111048
238,80,0.303315,1.000000,640,111688
239,74,0.301798,1.000000,592,112280
240,72,0.300289,1.000000,576,112856
241,71,0.298788,1.000000,568,113424
242,88,0.297294,1.000000,704,114128
243,76,0.295807,1.000000,608,114736
244,116,0.294328,1.000000,928,115664
245,98,0.292856,1.000000,784,116448
246,107,0.291392,1.000000,856,117304
247,81,0.289935,1.000000,648,117952
248,71,0.288486,1.000000,568,118520
249,76,0.287043,1.000000,608,119128
250,77,0.285608,1.000000,616,119744
251,78,0.284180,1.000000,624,120368
252,76,0.282759,1.000000,608,120976
253,74,0.281345,1.000000,592,121568
254,82,0.279938,1.000000,656,122224
255,74,0.278539,1.000000,592,122816
256,106,0.277146,1.000000,848,123664
257,78,0.275760,1.000000,624,124288
258,74,0.274382,1.000000,592,124880
259,91,0.273010,1.000000,728,125608
260,78,0.271645,1.000000,624,126232
261,70,0.270286,1.000000,560,126792
262,74,0.268935,1.000000,592,127384
263,73,0.267590,1.000000,584,127968
264,78,0.266252,1.000000,624,128592
265,72,0.264921,1.000000,576,129168
266,78,0.263596,1.000000,624,129792
267,75,0.262278,1.000000,600,130392
268,78,0.260967,1.000000,624,131016
269,112,0.259662,1.000000,896,131912
270,80,0.258364,1.000000,640,132552
271,84,0.257072,1.000000,672,133224
272,84,0.255787,1.000000,672,133896
273,82,0.254508,1.000000,656,134552
274,80,0.253235,1.000000,640,135192
275,84,0.251969,1.000000,672,135864
276,82,0.250709,1.000000,656,136520
277,78,0.249456,1.000000,624,137144
278,84,0.248208,1.000000,672,137816
279,86,0.246967,1.000000,688,138504
280,82,0.245733,1.000000,656,139160
281,79,0.244504,1.000000,632,139792
282,117,0.243281,1.000000,936,140728
283,85,0.242065,1.000000,680,141408
284,76,0.240855,1.000000,608,142016
285,121,0.239650,1.000000,968,142984
286,84,0.238452,1.000000,672,143656
287,82,0.237260,1.000000,656,144312
288,81,0.236074,1.000000,648,144960
289,138,0.234893,1.000000,1104,146064
290,82,0.233719,1.000000,656,146720
291,80,0.232550,1.000000,640,147360
292,86,0.231387,1.000000,688,148048
293,83,0.230230,1.000000,664,148712
294,84,0.229079,1.000000,672,149384
295,84,0.227934,1.000000,672,150056
296,114,0.226794,1.000000,912,150968
297,82,0.225660,1.000000,656,151624
298,80,0.224532,1.000000,640,152264
299,84,0.223409,1.000000,672,152936
300,85,0.222292,1.000000,680,153616
301,86,0.221181,1.000000,688,154304
302,141,0.220075,1.000000,1128,155432
303,84,0.218974,1.000000,672,156104
304,85,0.217880,1.000000,680,156784
305,86,0.216790,1.000000,688,157472
306,140,0.215706,1.000000,1120,158592
307,82,0.214628,1.000000,656,159248
308,82,0.213555,1.000000,656,159904
309,85,0.212487,1.000000,680,160584
310,92,0.211424,1.000000,736,161320
311,88,0.210367,1.000000,704,162024
312,84,0.209315,1.000000,672,162696
313,84,0.208269,1.000000,672,163368
314,83,0.207227,1.000000,664,164032
315,91,0.206191,1.000000,728,164760
316,86,0.205160,1.000000,688,165448
317,82,0.204135,1.000000,656,166104
318,87,0.203114,1.000000,696,166800
319,82,0.202098,1.000000,656,167456
320,114,0.201088,1.000000,912,168368
321,91,0.200082,1.000000,728,169096
322,86,0.199082,1.000000,688,169784
323,84,0.198087,1.000000,672,170456
324,85,0.197096,1.000000,680,171136
325,144,0.196111,1.000000,1152,172288
326,142,0.195130,1.000000,1136,173424
327,86,0.194154,1.000000,688,174112
328,84,0.193184,1.000000,672,174784
329,85,0.192218,1.000000,680,175464
330,129,0.191257,1.000000,1032,176496
331,88,0.190300,1.000000,704,177200
332,109,0.189349,1.000000,872,178072
333,84,0.188402,1.000000,672,178744
334,80,0.187460,1.000000,640,179384
335,88,0.186523,1.000000,704,180088
336,86,0.185590,1.000000,688,180776
337,90,0.184662,1.000000,720,181496
338,85,0.183739,1.000000,680,182176
339,86,0.182820,1.000000,688,182864
340,88,0.181906,1.000000,704,183568
341,151,0.180997,1.000000,1208,184776
342,92,0.180092,1.000000,736,185512
343,88,0.179191,1.000000,704,186216
344,82,0.178295,1.000000,656,186872
345,88,0.177404,1.000000,704,187576
346,156,0.176517,1.000000,1248,188824
347,86,0.175634,1.000000,688,189512
348,128,0.174756,1.000000,1024,190536
349,92,0.173882,1.000000,736,191272
350,111,0.173013,1.000000,888,192160
351,86,0.172148,1.000000,688,192848
352,110,0.171287,1.000000,880,193728
353,91,0.170431,1.000000,728,194456
354,86,0.169578,1.000000,688,195144
355,141,0.168731,1.000000,1128,196272
356,105,0.167887,1.000000,840,197112
357,86,0.167047,1.000000,688,197800
358,98,0.166212,1.000000,784,198584
359,86,0.165381,1.000000,688,199272
360,90,0.164554,1.000000,720,199992
361,113,0.163731,1.000000,904,200896
362,120,0.162913,1.000000,960,201856
363,131,0.162098,1.000000,1048,202904
364,94,0.161288,1.000000,752,203656
365,86,0.160481,1.000000,688,204344
366,88,0.159679,1.000000,704,205048
367,84,0.158881,1.000000,672,205720
368,121,0.158086,1.000000,968,206688
369,146,0.157296,1.000000,1168,207856
370,86,0.156509,1.000000,688,208544
371,84,0.155727,1.000000,672,209216
372,84,0.154948,1.000000,672,209888
373,84,0.154173,1.000000,672,210560
374,90,0.153402,1.000000,720,211280
375,154,0.152635,1.000000,1232,212512
376,88,0.151872,1.000000,704,213216
377,147,0.151113,1.000000,1176,214392
378,92,0.150357,1.000000,736,215128
379,134,0.149606,1.000000,1072,216200
380,92,0.148857,1.000000,736,216936
381,130,0.148113,1.000000,1040,217976
382,145,0.147373,1.000000,1160,219136
383,90,0.146636,1.000000,720,219856
384,95,0.145903,1.000000,760,220616
385,91,0.145173,1.000000,728,221344
386,87,0.144447,1.000000,696,222040
387,153,0.143725,1.000000,1224,223264
388,100,0.143006,1.000000,800,224064
389,84,0.142291,1.000000,672,224736
390,90,0.141580,1.000000,720,225456
391,152,0.140872,1.000000,1216,226672
392,94,0.140168,1.000000,752,227424
393,130,0.139467,1.000000,1040,228464
394,93,0.138769,1.000000,744,229208
395,88,0.138076,1.000000,704,229912
396,89,0.137385,1.000000,712,230624
397,129,0.136698,1.000000,1032,231656
398,141,0.136015,1.000000,1128,232784
399,126,0.135335,1.000000,1008,233792
400,96,0.134658,1.000000,768,234560
401,154,0.133985,1.000000,1232,235792
402,92,0.133315,1.000000,736,236528
403,92,0.132648,1.000000,736,237264
404,92,0.131985,1.000000,736,238000
405,156,0.131325,1.000000,1248,239248
406,148,0.130668,1.000000,1184,240432
407,118,0.130015,1.000000,944,241376
408,154,0.129365,1.000000,1232,242608
409,88,0.128718,1.000000,704,243312
410,90,0.128075,1.000000,720,244032
411,88,0.127434,1.000000,704,244736
412,91,0.126797,1.000000,728,245464
413,90,0.126163,1.000000,720,246184
414,143,0.125532,1.000000,1144,247328
415,149,0.124905,1.000000,1192,248520
416,90,0.124280,1.000000,720,249240
417,108,0.123659,1.000000,864,250104
418,88,0.123040,1.000000,704,250808
419,88,0.122425,1.000000,704,251512
420,111,0.121813,1.000000,888,252400
421,90,0.121204,1.000000,720,253120
422,103,0.120598,1.000000,824,253944
423,152,0.119995,1.000000,1216,255160
424,94,0.119395,1.000000,752,255912
425,90,0.118798,1.000000,720,256632
426,85,0.118204,1.000000,680,257312
427,96,0.117613,1.000000,768,258080
428,114,0.117025,1.000000,912,258992
429,148,0.116440,1.000000,1184,260176
430,92,0.115858,1.000000,736,260912
431,92,0.115278,1.000000,736,261648
432,136,0.114702,1.000000,1088,262736
433,90,0.114128,1.000000,720,263456
434,151,0.113558,1.000000,1208,264664
435,96,0.112990,1.000000,768,265432
436,97,0.112425,1.000000,776,266208
437,92,0.111863,1.000000,736,266944
438,92,0.111304,1.000000,736,267680
439,88,0.110747,1.000000,704,268384
440,107,0.110193,1.000000,856,269240
441,94,0.109642,1.000000,752,269992
442,114,0.109094,1.000000,912,270904
443,94,0.108549,1.000000,752,271656
444,94,0.108006,1.000000,752,272408
445,109,0.107466,1.000000,872,273280
446,153,0.106929,1.000000,1224,274504
447,96,0.106394,1.000000,768,275272
448,90,0.105862,1.000000,720,275992
449,94,0.105333,1.000000,752,276744
450,155,0.104806,1.000000,1240,277984
451,94,0.104282,1.000000,752,278736
452,92,0.103761,1.000000,736,279472
453,106,0.103242,1.000000,848,280320
454,94,0.102726,1.000000,752,281072
455,90,0.102212,1.000000,720,281792
456,96,0.101701,1.000000,768,282560
457,92,0.101192,1.000000,736,283296
458,97,0.100686,1.000000,776,284072
459,126,0.100183,1.000000,1008,285080
460,149,0.099682,1.000000,1192,286272
461,96,0.099184,1.000000,768,287040
462,109,0.098688,1.000000,872,287912
463,88,0.098194,1.000000,704,288616
464,148,0.097703,1.000000,1184,289800
465,151,0.097215,1.000000,1208,291008
466,86,0.096729,1.000000,688,291696
467,95,0.096245,1.000000,760,292456
468,155,0.095764,1.000000,1240,293696
469,90,0.095285,1.000000,720,294416
470,92,0.094809,1.000000,736,295152
471,97,0.094335,1.000000,776,295928
472,92,0.093863,1.000000,736,296664
473,148,0.093394,1.000000,1184,297848
474,154,0.092927,1.000000,1232,299080
475,155,0.092462,1.000000,1240,300320
476,92,0.092000,1.000000,736,301056
477,94,0.091540,1.000000,752,301808
478,97,0.091082,1.000000,776,302584
479,154,0.090627,1.000000,1232,303816
480,96,0.090173,1.000000,768,304584
481,92,0.089723,1.000000,736,305320
482,94,0.089274,1.000000,752,306072
483,96,0.088828,1.000000,768,306840
484,131,0.088383,1.000000,1048,307888
485,99,0.087942,1.000000,792,308680
486,116,0.087502,1.000000,928,309608
487,97,0.087064,1.000000,776,310384
488,97,0.086629,1.000000,776,311160
489,94,0.086196,1.000000,752,311912
490,120,0.085765,1.000000,960,312872
491,148,0.085336,1.000000,1184,314056
492,94,0.084909,1.000000,752,314808
493,112,0.084485,1.000000,896,315704
494,113,0.084062,1.000000,904,316608
495,111,0.083642,1.000000,888,317496
496,149,0.083224,1.000000,1192,318688
497,97,0.082808,1.000000,776,319464
498,96,0.082394,1.000000,768,320232
499,94,0.081982,1.000000,752,320984
500,70,0.081572,1.000000,560,321544
501,92,0.081164,1.000000,736,322280
502,154,0.080758,1.000000,1232,323512
503,123,0.080354,1.000000,984,324496
504,99,0.079953,1.000000,792,325288
505,96,0.079553,1.000000,768,326056
506,96,0.079155,1.000000,768,326824
507,92,0.078759,1.000000,736,327560
508,138,0.078366,1.000000,1104,328664
509,156,0.077974,1.000000,1248,329912
510,97,0.077584,1.000000,776,330688
511,156,0.077196,1.000000,1248,331936
512,157,0.076810,1.000000,1256,333192
513,155,0.076426,1.000000,1240,334432
514,96,0.076044,1.000000,768,335200
515,97,0.075664,1.000000,776,335976
516,97,0.075285,1.000000,776,336752
517,94,0.074909,1.000000,752,337504
518,94,0.074534,1.000000,752,338256
519,157,0.074162,1.000000,1256,339512
520,94,0.073791,1.000000,752,340264
521,97,0.073422,1.000000,776,341040
522,99,0.073055,1.000000,792,341832
523,92,0.072689,1.000000,736,342568
524,97,0.072326,1.000000,776,343344
525,129,0.071964,1.000000,1032,344376
526,97,0.071605,1.000000,776,345152
527,158,0.071247,1.000000,1264,346416
528,157,0.070890,1.000000,1256,347672
529,94,0.070536,1.000000,752,348424
530,153,0.070183,1.000000,1224,349648
531,115,0.069832,1.000000,920,350568
532,96,0.069483,1.000000,768,351336
533,121,0.069136,1.000000,968,352304
534,99,0.068790,1.000000,792,353096
535,97,0.068446,1.000000,776,353872
536,96,0.068104,1.000000,768,354640
537,94,0.067763,1.000000,752,355392
538,97,0.067424,1.000000,776,356168
539,94,0.067087,1.000000,752,356920
540,99,0.066752,1.000000,792,357712
541,96,0.066418,1.000000,768,358480
542,96,0.066086,1.000000,768,359248
543,92,0.065756,1.000000,736,359984
544,119,0.065427,1.000000,952,360936
545,98,0.065100,1.000000,784,361720
546,157,0.064774,1.000000,1256,362976
547,133,0.064450,1.000000,1064,364040
548,97,0.064128,1.000000,776,364816
549,97,0.063807,1.000000,776,365592
550,96,0.063488,1.000000,768,366360
551,154,0.063171,1.000000,1232,367592
552,99,0.062855,1.000000,792,368384
553,97,0.062541,1.000000,776,369160
554,106,0.062228,1.000000,848,370008
555,94,0.061917,1.000000,752,370760
556,96,0.061607,1.000000,768,371528
557,97,0.061299,1.000000,776,372304
558,99,0.060993,1.000000,792,373096
559,156,0.060688,1.000000,1248,374344
560,92,0.060384,1.000000,736,375080
561,99,0.060083,1.000000,792,375872
562,97,0.059782,1.000000,776,376648
563,96,0.059483,1.000000,768,377416
564,104,0.059186,1.000000,832,378248
565,90,0.058890,1.000000,720,378968
566,94,0.058595,1.000000,752,379720
567,90,0.058302,1.000000,720,380440
568,96,0.058011,1.000000,768,381208
569,96,0.057721,1.000000,768,381976
570,94,0.057432,1.000000,752,382728
571,128,0.057145,1.000000,1024,383752
572,98,0.056859,1.000000,784,384536
573,112,0.056575,1.000000,896,385432
574,121,0.056292,1.000000,968,386400
575,96,0.056011,1.000000,768,387168
576,131,0.055731,1.000000,1048,388216
577,127,0.055452,1.000000,1016,389232
578,96,0.055175,1.000000,768,390000
579,96,0.054899,1.000000,768,390768
580,96,0.054624,1.000000,768,391536
581,99,0.054351,1.000000,792,392328
582,94,0.054080,1.000000,752,393080
583,97,0.053809,1.000000,776,393856
584,113,0.053540,1.000000,904,394760
585,99,0.053272,1.000000,792,395552
586,155,0.053006,1.000000,1240,396792
587,99,0.052741,1.000000,792,397584
588,96,0.052477,1.000000,768,398352
589,96,0.052215,1.000000,768,399120
590,156,0.051954,1.000000,1248,400368
591,99,0.051694,1.000000,792,401160
592,94,0.051436,1.000000,752,401912
593,99,0.051178,1.000000,792,402704
594,99,0.050923,1.000000,792,403496
595,97,0.050668,1.000000,776,404272
596,97,0.050415,1.000000,776,405048
597,96,0.050163,1.000000,768,405816
598,99,0.049912,1.000000,792,406608
599,97,0.049662,1.000000,776,407384
600,96,0.049414,1.000000,768,408152
601,98,0.049167,1.000000,784,408936
602,97,0.048921,1.000000,776,409712
603,97,0.048676,1.000000,776,410488
604,155,0.048433,1.000000,1240,411728
605,156,0.048191,1.000000,1248,412976
606,99,0.047950,1.000000,792,413768
607,97,0.047710,1.000000,776,414544
608,109,0.047472,1.000000,872,415416
609,94,0.047234,1.000000,752,416168
610,96,0.046998,1.000000,768,416936
611,92,0.046763,1.000000,736,417672
612,158,0.046529,1.000000,1264,418936
613,96,0.046297,1.000000,768,419704
614,97,0.046065,1.000000,776,420480
615,112,0.045835,1.000000,896,421376
616,99,0.045606,1.000000,792,422168
617,96,0.045378,1.000000,768,422936
618,97,0.045151,1.000000,776,423712
619,97,0.044925,1.000000,776,424488
620,156,0.044700,1.000000,1248,425736
621,97,0.044477,1.000000,776,426512
622,99,0.044254,1.000000,792,427304
623,97,0.044033,1.000000,776,428080
624,97,0.043813,1.000000,776,428856
625,97,0.043594,1.000000,776,429632
626,151,0.043376,1.000000,1208,430840
627,99,0.043159,1.000000,792,431632
628,97,0.042943,1.000000,776,432408
629,129,0.042729,1.000000,1032,433440
630,94,0.042515,1.000000,752,434192
631,144,0.042302,1.000000,1152,435344
632,152,0.042091,1.000000,1216,436560
633,138,0.041880,1.000000,1104,437664
634,99,0.041671,1.000000,792,438456
635,96,0.041463,1.000000,768,439224
636,97,0.041255,1.000000,776,440000
637,98,0.041049,1.000000,784,440784
638,137,0.040844,1.000000,1096,441880
639,99,0.040640,1.000000,792,442672
640,96,0.040436,1.000000,768,443440
641,99,0.040234,1.000000,792,444232
642,96,0.040033,1.000000,768,445000
643,99,0.039833,1.000000,792,445792
644,97,0.039634,1.000000,776,446568
645,96,0.039435,1.000000,768,447336
646,158,0.039238,1.000000,1264,448600
647,99,0.039042,1.000000,792,449392
648,99,0.038847,1.000000,792,450184
649,94,0.038653,1.000000,752,450936
650,97,0.038459,1.000000,776,451712
651,99,0.038267,1.000000,792,452504
652,120,0.038076,1.000000,960,453464
653,138,0.037885,1.000000,1104,454568
654,110,0.037696,1.000000,880,455448
655,96,0.037507,1.000000,768,456216
656,126,0.037320,1.000000,1008,457224
657,97,0.037133,1.000000,776,458000
658,98,0.036948,1.000000,784,458784
659,99,0.036763,1.000000,792,459576
660,139,0.036579,1.000000,1112,460688
661,156,0.036396,1.000000,1248,461936
662,96,0.036214,1.000000,768,462704
663,96,0.036033,1.000000,768,463472
664,99,0.035853,1.000000,792,464264
665,96,0.035674,1.000000,768,465032
666,97,0.035495,1.000000,776,465808
667,99,0.035318,1.000000,792,466600
668,97,0.035141,1.000000,776,467376
669,149,0.034966,1.000000,1192,468568
670,152,0.034791,1.000000,1216,469784
671,127,0.034617,1.000000,1016,470800
672,98,0.034444,1.000000,784,471584
673,97,0.034272,1.000000,776,472360
674,98,0.034100,1.000000,784,473144
675,158,0.033930,1.000000,1264,474408
676,99,0.033760,1.000000,792,475200
677,99,0.033591,1.000000,792,475992
678,96,0.033423,1.000000,768,476760
679,96,0.033256,1.000000,768,477528
680,94,0.033090,1.000000,752,478280
681,97,0.032924,1.000000,776,479056
682,139,0.032760,1.000000,1112,480168
683,156,0.032596,1.000000,1248,481416
684,149,0.032433,1.000000,1192,482608
685,97,0.032271,1.000000,776,483384
686,98,0.032109,1.000000,784,484168
687,126,0.031949,1.000000,1008,485176
688,98,0.031789,1.000000,784,485960
689,99,0.031630,1.000000,792,486752
690,99,0.031472,1.000000,792,487544
691,157,0.031315,1.000000,1256,488800
692,127,0.031158,1.000000,1016,489816
693,99,0.031002,1.000000,792,490608
694,97,0.030847,1.000000,776,491384
695,96,0.030693,1.000000,768,492152
696,99,0.030540,1.000000,792,492944
697,99,0.030387,1.000000,792,493736
698,157,0.030235,1.000000,1256,494992
699,99,0.030084,1.000000,792,495784
700,120,0.029933,1.000000,960,496744
701,158,0.029784,1.000000,1264,498008
702,97,0.029635,1.000000,776,498784
703,99,0.029487,1.000000,792,499576
704,97,0.029339,1.000000,776,500352
705,97,0.029193,1.000000,776,501128
706,99,0.029047,1.000000,792,501920
707,96,0.028901,1.000000,768,502688
708,97,0.028757,1.000000,776,503464
709,99,0.028613,1.000000,792,504256
710,99,0.028470,1.000000,792,505048
711,97,0.028328,1.000000,776,505824
712,146,0.028186,1.000000,1168,506992
713,151,0.028045,1.000000,1208,508200
714,97,0.027905,1.000000,776,508976
715,91,0.027765,1.000000,728,509704
716,97,0.027626,1.000000,776,510480
717,157,0.027488,1.000000,1256,511736
718,156,0.027351,1.000000,1248,512984
719,127,0.027214,1.000000,1016,514000
720,115,0.027078,1.000000,920,514920
721,97,0.026943,1.000000,776,515696
722,97,0.026808,1.000000,776,516472
723,99,0.026674,1.000000,792,517264
724,99,0.026541,1.000000,792,518056
725,97,0.026408,1.000000,776,518832
726,99,0.026276,1.000000,792,519624
727,142,0.026144,1.000000,1136,520760
728,98,0.026014,1.000000,784,521544
729,157,0.025884,1.000000,1256,522800
730,99,0.025754,1.000000,792,523592
731,104,0.025625,1.000000,832,524424
732,97,0.025497,1.000000,776,525200
733,99,0.025370,1.000000,792,525992
734,97,0.025243,1.000000,776,526768
735,103,0.025117,1.000000,824,527592
736,96,0.024991,1.000000,768,528360
737,96,0.024866,1.000000,768,529128
738,97,0.024742,1.000000,776,529904
739,94,0.024618,1.000000,752,530656
740,156,0.024495,1.000000,1248,531904
741,157,0.024373,1.000000,1256,533160
742,99,0.024251,1.000000,792,533952
743,99,0.024130,1.000000,792,534744
744,99,0.024009,1.000000,792,535536
745,124,0.023889,1.000000,992,536528
746,104,0.023769,1.000000,832,537360
747,99,0.023651,1.000000,792,538152
748,96,0.023532,1.000000,768,538920
749,150,0.023415,1.000000,1200,540120
750,126,0.023298,1.000000,1008,541128
751,157,0.023181,1.000000,1256,542384
752,97,0.023065,1.000000,776,543160
753,99,0.022950,1.000000,792,543952
754,97,0.022835,1.000000,776,544728
755,99,0.022721,1.000000,792,545520
756,99,0.022607,1.000000,792,546312
757,96,0.022494,1.000000,768,547080
758,99,0.022382,1.000000,792,547872
759,96,0.022270,1.000000,768,548640
760,98,0.022159,1.000000,784,549424
761,99,0.022048,1.000000,792,550216
762,96,0.021938,1.000000,768,550984
763,97,0.021828,1.000000,776,551760
764,107,0.021719,1.000000,856,552616
765,118,0.021610,1.000000,944,553560
766,156,0.021502,1.000000,1248,554808
767,99,0.021395,1.000000,792,555600
768,119,0.021288,1.000000,952,556552
769,97,0.021181,1.000000,776,557328
770,97,0.021075,1.000000,776,558104
771,96,0.020970,1.000000,768,558872
772,92,0.020865,1.000000,736,559608
773,97,0.020761,1.000000,776,560384
774,99,0.020657,1.000000,792,561176
775,119,0.020554,1.000000,952,562128
776,97,0.020451,1.000000,776,562904
777,99,0.020349,1.000000,792,563696
778,97,0.020247,1.000000,776,564472
779,99,0.020146,1.000000,792,565264
780,151,0.020045,1.000000,1208,566472
781,97,0.019945,1.000000,776,567248
782,156,0.019845,1.000000,1248,568496
783,156,0.019746,1.000000,1248,569744
784,156,0.019647,1.000000,1248,570992
785,96,0.019549,1.000000,768,571760
786,98,0.019451,1.000000,784,572544
787,121,0.019354,1.000000,968,573512
788,158,0.019257,1.000000,1264,574776
789,99,0.019161,1.000000,792,575568
790,97,0.019065,1.000000,776,576344
791,142,0.018970,1.000000,1136,577480
792,99,0.018875,1.000000,792,578272
793,158,0.018780,1.000000,1264,579536
794,97,0.018686,1.000000,776,580312
795,127,0.018593,1.000000,1016,581328
796,157,0.018500,1.000000,1256,582584
797,99,0.018408,1.000000,792,583376
798,94,0.018315,1.000000,752,584128
799,139,0.018224,1.000000,1112,585240
800,118,0.018133,1.000000,944,586184
801,96,0.018042,1.000000,768,586952
802,157,0.017952,1.000000,1256,588208
803,156,0.017862,1.000000,1248,589456
804,97,0.017773,1.000000,776,590232
805,99,0.017684,1.000000,792,591024
806,97,0.017596,1.000000,776,591800
807,156,0.017508,1.000000,1248,593048
808,157,0.017420,1.000000,1256,594304
809,99,0.017333,1.000000,792,595096
810,99,0.017246,1.000000,792,595888
811,97,0.017160,1.000000,776,596664
812,97,0.017074,1.000000,776,597440
813,99,0.016989,1.000000,792,598232
814,144,0.016904,1.000000,1152,599384
815,158,0.016819,1.000000,1264,600648
816,98,0.016735,1.000000,784,601432
817,99,0.016652,1.000000,792,602224
818,99,0.016568,1.000000,792,603016
819,156,0.016486,1.000000,1248,604264
820,110,0.016403,1.000000,880,605144
821,152,0.016321,1.000000,1216,606360
822,156,0.016239,1.000000,1248,607608
823,158,0.016158,1.000000,1264,608872
824,97,0.016078,1.000000,776,609648
825,99,0.015997,1.000000,792,610440
826,158,0.015917,1.000000,1264,611704
827,99,0.015838,1.000000,792,612496
828,99,0.015758,1.000000,792,613288
829,154,0.015680,1.000000,1232,614520
830,99,0.015601,1.000000,792,615312
831,97,0.015523,1.000000,776,616088
832,123,0.015446,1.000000,984,617072
833,99,0.015368,1.000000,792,617864
834,99,0.015291,1.000000,792,618656
835,97,0.015215,1.000000,776,619432
836,157,0.015139,1.000000,1256,620688
837,157,0.015063,1.000000,1256,621944
838,96,0.014988,1.000000,768,622712
839,157,0.014913,1.000000,1256,623968
840,99,0.014838,1.000000,792,624760
841,158,0.014764,1.000000,1264,626024
842,99,0.014690,1.000000,792,626816
843,156,0.014617,1.000000,1248,628064
844,99,0.014544,1.000000,792,628856
845,97,0.014471,1.000000,776,629632
846,99,0.014399,1.000000,792,630424
847,99,0.014327,1.000000,792,631216
848,99,0.014255,1.000000,792,632008
849,97,0.014184,1.000000,776,632784
850,99,0.014113,1.000000,792,633576
851,97,0.014042,1.000000,776,634352
852,122,0.013972,1.000000,976,635328
853,101,0.013902,1.000000,808,636136
854,97,0.013833,1.000000,776,636912
855,158,0.013764,1.000000,1264,638176
856,99,0.013695,1.000000,792,638968
857,158,0.013626,1.000000,1264,640232
858,97,0.013558,1.000000,776,641008
859,97,0.013490,1.000000,776,641784
860,99,0.013423,1.000000,792,642576
861,98,0.013356,1.000000,784,643360
862,99,0.013289,1.000000,792,644152
863,158,0.013223,1.000000,1264,645416
864,157,0.013157,1.000000,1256,646672
865,99,0.013091,1.000000,792,647464
866,99,0.013025,1.000000,792,648256
867,99,0.012960,1.000000,792,649048
868,97,0.012895,1.000000,776,649824
869,97,0.012831,1.000000,776,650600
870,158,0.012767,1.000000,1264,651864
871,99,0.012703,1.000000,792,652656
872,97,0.012639,1.000000,776,653432
873,99,0.012576,1.000000,792,654224
874,97,0.012513,1.000000,776,655000
875,158,0.012451,1.000000,1264,656264
876,97,0.012389,1.000000,776,657040
877,99,0.012327,1.000000,792,657832
878,97,0.012265,1.000000,776,658608
879,96,0.012204,1.000000,768,659376
880,158,0.012143,1.000000,1264,660640
881,155,0.012082,1.000000,1240,661880
882,99,0.012021,1.000000,792,662672
883,99,0.011961,1.000000,792,663464
884,158,0.011902,1.000000,1264,664728
885,99,0.011842,1.000000,792,665520
886,157,0.011783,1.000000,1256,666776
887,97,0.011724,1.000000,776,667552
888,99,0.011665,1.000000,792,668344
889,99,0.011607,1.000000,792,669136
890,158,0.011549,1.000000,1264,670400
891,99,0.011491,1.000000,792,671192
892,96,0.011434,1.000000,768,671960
893,96,0.011377,1.000000,768,672728
894,158,0.011320,1.000000,1264,673992
895,99,0.011263,1.000000,792,674784
896,150,0.011207,1.000000,1200,675984
897,97,0.011151,1.000000,776,676760
898,99,0.011095,1.000000,792,677552
899,114,0.011040,1.000000,912,678464
900,139,0.010984,1.000000,1112,679576
901,157,0.010929,1.000000,1256,680832
902,97,0.010875,1.000000,776,681608
903,122,0.010820,1.000000,976,682584
904,99,0.010766,1.000000,792,683376
905,99,0.010712,1.000000,792,684168
906,96,0.010659,1.000000,768,684936
907,97,0.010606,1.000000,776,685712
908,97,0.010553,1.000000,776,686488
909,99,0.010500,1.000000,792,687280
910,99,0.010447,1.000000,792,688072
911,97,0.010395,1.000000,776,688848
912,156,0.010343,1.000000,1248,690096
913,99,0.010291,1.000000,792,690888
914,156,0.010240,1.000000,1248,692136
915,99,0.010189,1.000000,792,692928
916,157,0.010138,1.000000,1256,694184
917,99,0.010087,1.000000,792,694976
918,97,0.010037,1.000000,776,695752
919,155,0.010000,1.000000,1240,696992
920,99,0.010000,1.000000,792,697784
921,99,0.010000,1.000000,792,698576
922,97,0.010000,1.000000,776,699352
923,99,0.010000,1.000000,792,700144
924,99,0.010000,1.000000,792,700936
925,158,0.010000,1.000000,1264,702200
926,99,0.010000,1.000000,792,702992
927,97,0.010000,1.000000,776,703768
928,108,0.010000,1.000000,864,704632
929,99,0.010000,1.000000,792,705424
930,97,0.010000,1.000000,776,706200
931,99,0.010000,1.000000,792,706992
932,97,0.010000,1.000000,776,707768
933,98,0.010000,1.000000,784,708552
934,157,0.010000,1.000000,1256,709808
935,158,0.010000,1.000000,1264,711072
936,158,0.010000,1.000000,1264,712336
937,97,0.010000,1.000000,776,713112
938,99,0.010000,1.000000,792,713904
939,158,0.010000,1.000000,1264,715168
940,97,0.010000,1.000000,776,715944
941,97,0.010000,1.000000,776,716720
942,99,0.010000,1.000000,792,717512
943,97,0.010000,1.000000,776,718288
944,97,0.010000,1.000000,776,719064
945,97,0.010000,1.000000,776,719840
946,156,0.010000,1.000000,1248,721088
947,156,0.010000,1.000000,1248,722336
948,156,0.010000,1.000000,1248,723584
949,158,0.010000,1.000000,1264,724848
950,141,0.010000,1.000000,1128,725976
951,116,0.010000,1.000000,928,726904
952,99,0.010000,1.000000,792,727696
953,97,0.010000,1.000000,776,728472
954,99,0.010000,1.000000,792,729264
955,99,0.010000,1.000000,792,730056
956,156,0.010000,1.000000,1248,731304
957,158,0.010000,1.000000,1264,732568
958,97,0.010000,1.000000,776,733344
959,152,0.010000,1.000000,1216,734560
960,99,0.010000,1.000000,792,735352
961,97,0.010000,1.000000,776,736128
962,153,0.010000,1.000000,1224,737352
963,126,0.010000,1.000000,1008,738360
964,97,0.010000,1.000000,776,739136
965,158,0.010000,1.000000,1264,740400
966,156,0.010000,1.000000,1248,741648
967,97,0.010000,1.000000,776,742424
968,158,0.010000,1.000000,1264,743688
969,96,0.010000,1.000000,768,744456
970,99,0.010000,1.000000,792,745248
971,149,0.010000,1.000000,1192,746440
972,99,0.010000,1.000000,792,747232
973,97,0.010000,1.000000,776,748008
974,98,0.010000,1.000000,784,748792
975,99,0.010000,1.000000,792,749584
976,96,0.010000,1.000000,768,750352
977,99,0.010000,1.000000,792,751144
978,158,0.010000,1.000000,1264,752408
979,97,0.010000,1.000000,776,753184
980,99,0.010000,1.000000,792,753976
981,99,0.010000,1.000000,792,754768
982,99,0.010000,1.000000,792,755560
983,158,0.010000,1.000000,1264,756824
984,99,0.010000,1.000000,792,757616
985,99,0.010000,1.000000,792,758408
986,133,0.010000,1.000000,1064,759472
987,157,0.010000,1.000000,1256,760728
988,158,0.010000,1.000000,1264,761992
989,153,0.010000,1.000000,1224,763216
990,158,0.010000,1.000000,1264,764480
991,99,0.010000,1.000000,792,765272
992,99,0.010000,1.000000,792,766064
993,97,0.010000,1.000000,776,766840
994,158,0.010000,1.000000,1264,768104
995,157,0.010000,1.000000,1256,769360
996,99,0.010000,1.000000,792,770152
997,99,0.010000,1.000000,792,770944
998,97,0.010000,1.000000,776,771720
999,158,0.010000,1.000000,1264,772984
1000,99,0.010000,1.000000,792,773776
1001,158,0.010000,1.000000,1264,775040
1002,99,0.010000,1.000000,792,775832
1003,157,0.010000,1.000000,1256,777088
1004,99,0.010000,1.000000,792,777880
1005,99,0.010000,1.000000,792,778672
1006,122,0.010000,1.000000,976,779648
1007,99,0.010000,1.000000,792,780440
1008,96,0.010000,1.000000,768,781208
1009,97,0.010000,1.000000,776,781984
1010,99,0.010000,1.000000,792,782776
1011,156,0.010000,1.000000,1248,784024
1012,97,0.010000,1.000000,776,784800
1013,99,0.010000,1.000000,792,785592
1014,97,0.010000,1.000000,776,786368
1015,97,0.010000,1.000000,776,787144
1016,97,0.010000,1.000000,776,787920
1017,157,0.010000,1.000000,1256,789176
1018,158,0.010000,1.000000,1264,790440
1019,157,0.010000,1.000000,1256,791696
1020,158,0.010000,1.000000,1264,792960
1021,157,0.010000,1.000000,1256,794216
1022,99,0.010000,1.000000,792,795008
1023,155,0.010000,1.000000,1240,796248
1024,96,0.010000,1.000000,768,797016
1025,99,0.010000,1.000000,792,797808
1026,158,0.010000,1.000000,1264,799072
1027,99,0.010000,1.000000,792,799864
1028,97,0.010000,1.000000,776,800640
1029,99,0.010000,1.000000,792,801432
1030,97,0.010000,1.000000,776,802208
1031,158,0.010000,1.000000,1264,803472
1032,140,0.010000,1.000000,1120,804592
1033,157,0.010000,1.000000,1256,805848
1034,99,0.010000,1.000000,792,806640
1035,97,0.010000,1.000000,776,807416
1036,99,0.010000,1.000000,792,808208
1037,96,0.010000,1.000000,768,808976
1038,97,0.010000,1.000000,776,809752
1039,97,0.010000,1.000000,776,810528
1040,157,0.010000,1.000000,1256,811784
1041,99,0.010000,1.000000,792,812576
1042,99,0.010000,1.000000,792,813368
1043,157,0.010000,1.000000,1256,814624
1044,99,0.010000,1.000000,792,815416
1045,99,0.010000,1.000000,792,816208
1046,158,0.010000,1.000000,1264,817472
1047,99,0.010000,1.000000,792,818264
1048,99,0.010000,1.000000,792,819056
1049,157,0.010000,1.000000,1256,820312
1050,155,0.010000,1.000000,1240,821552
1051,97,0.010000,1.000000,776,822328
1052,97,0.010000,1.000000,776,823104
1053,97,0.010000,1.000000,776,823880
1054,99,0.010000,1.000000,792,824672
1055,97,0.010000,1.000000,776,825448
1056,97,0.010000,1.000000,776,826224
1057,158,0.010000,1.000000,1264,827488
1058,99,0.010000,1.000000,792,828280
1059,97,0.010000,1.000000,776,829056
1060,97,0.010000,1.000000,776,829832
1061,157,0.010000,1.000000,1256,831088
1062,157,0.010000,1.000000,1256,832344
1063,99,0.010000,1.000000,792,833136
1064,97,0.010000,1.000000,776,833912
1065,97,0.010000,1.000000,776,834688
1066,157,0.010000,1.000000,1256,835944
1067,99,0.010000,1.000000,792,836736
1068,99,0.010000,1.000000,792,837528
1069,136,0.010000,1.000000,1088,838616
1070,158,0.010000,1.000000,1264,839880
1071,120,0.010000,1.000000,960,840840
1072,125,0.010000,1.000000,1000,841840
1073,158,0.010000,1.000000,1264,843104
1074,97,0.010000,1.000000,776,843880
1075,97,0.010000,1.000000,776,844656
1076,157,0.010000,1.000000,1256,845912
1077,97,0.010000,1.000000,776,846688
1078,158,0.010000,1.000000,1264,847952
1079,97,0.010000,1.000000,776,848728
1080,99,0.010000,1.000000,792,849520
1081,97,0.010000,1.000000,776,850296
1082,158,0.010000,1.000000,1264,851560
1083,158,0.010000,1.000000,1264,852824
1084,97,0.010000,1.000000,776,853600
1085,157,0.010000,1.000000,1256,854856
1086,99,0.010000,1.000000,792,855648
1087,99,0.010000,1.000000,792,856440
1088,157,0.010000,1.000000,1256,857696
1089,97,0.010000,1.000000,776,858472
1090,97,0.010000,1.000000,776,859248
1091,97,0.010000,1.000000,776,860024
1092,97,0.010000,1.000000,776,860800
1093,97,0.010000,1.000000,776,861576
1094,99,0.010000,1.000000,792,862368
1095,99,0.010000,1.000000,792,863160
1096,155,0.010000,1.000000,1240,864400
1097,158,0.010000,1.000000,1264,865664
1098,156,0.010000,1.000000,1248,866912
1099,157,0.010000,1.000000,1256,868168
1100,158,0.010000,1.000000,1264,869432
1101,96,0.010000,1.000000,768,870200
1102,99,0.010000,1.000000,792,870992
1103,97,0.010000,1.000000,776,871768
1104,97,0.010000,1.000000,776,872544
1105,99,0.010000,1.000000,792,873336
1106,97,0.010000,1.000000,776,874112
1107,99,0.010000,1.000000,792,874904
1108,157,0.010000,1.000000,1256,876160
1109,97,0.010000,1.000000,776,876936
1110,97,0.010000,1.000000,776,877712
1111,97,0.010000,1.000000,776,878488
1112,97,0.010000,1.000000,776,879264
1113,158,0.010000,1.000000,1264,880528
1114,157,0.010000,1.000000,1256,881784
1115,99,0.010000,1.000000,792,882576
1116,97,0.010000,1.000000,776,883352
1117,158,0.010000,1.000000,1264,884616
1118,156,0.010000,1.000000,1248,885864
1119,97,0.010000,1.000000,776,886640
1120,97,0.010000,1.000000,776,887416
1121,97,0.010000,1.000000,776,888192
1122,158,0.010000,1.000000,1264,889456
1123,97,0.010000,1.000000,776,890232
1124,140,0.010000,1.000000,1120,891352
1125,111,0.010000,1.000000,888,892240
1126,157,0.010000,1.000000,1256,893496
1127,100,0.010000,1.000000,800,894296
1128,113,0.010000,1.000000,904,895200
1129,97,0.010000,1.000000,776,895976
1130,97,0.010000,1.000000,776,896752
1131,97,0.010000,1.000000,776,897528
1132,97,0.010000,1.000000,776,898304
1133,97,0.010000,1.000000,776,899080
1134,99,0.010000,1.000000,792,899872
1135,156,0.010000,1.000000,1248,901120
1136,99,0.010000,1.000000,792,901912
1137,99,0.010000,1.000000,792,902704
1138,158,0.010000,1.000000,1264,903968
1139,156,0.010000,1.000000,1248,905216
1140,97,0.010000,1.000000,776,905992
1141,151,0.010000,1.000000,1208,907200
1142,99,0.010000,1.000000,792,907992
1143,97,0.010000,1.000000,776,908768
1144,97,0.010000,1.000000,776,909544
1145,158,0.010000,1.000000,1264,910808
1146,158,0.010000,1.000000,1264,912072
1147,96,0.010000,1.000000,768,912840
1148,99,0.010000,1.000000,792,913632
1149,99,0.010000,1.000000,792,914424
1150,97,0.010000,1.000000,776,915200
1151,158,0.010000,1.000000,1264,916464
1152,156,0.010000,1.000000,1248,917712
1153,157,0.010000,1.000000,1256,918968
1154,97,0.010000,1.000000,776,919744
1155,158,0.010000,1.000000,1264,921008
1156,99,0.010000,1.000000,792,921800
1157,99,0.010000,1.000000,792,922592
1158,97,0.010000,1.000000,776,923368
1159,135,0.010000,1.000000,1080,924448
1160,97,0.010000,1.000000,776,925224
1161,158,0.010000,1.000000,1264,926488
1162,97,0.010000,1.000000,776,927264
1163,97,0.010000,1.000000,776,928040
1164,97,0.010000,1.000000,776,928816
1165,97,0.010000,1.000000,776,929592
1166,97,0.010000,1.000000,776,930368
1167,156,0.010000,1.000000,1248,931616
1168,158,0.010000,1.000000,1264,932880
1169,99,0.010000,1.000000,792,933672
1170,158,0.010000,1.000000,1264,934936
1171,97,0.010000,1.000000,776,935712
1172,99,0.010000,1.000000,792,936504
1173,115,0.010000,1.000000,920,937424
1174,158,0.010000,1.000000,1264,938688
1175,99,0.010000,1.000000,792,939480
1176,158,0.010000,1.000000,1264,940744
1177,158,0.010000,1.000000,1264,942008
1178,99,0.010000,1.000000,792,942800
1179,97,0.010000,1.000000,776,943576
1180,158,0.010000,1.000000,1264,944840
1181,99,0.010000,1.000000,792,945632
1182,158,0.010000,1.000000,1264,946896
1183,158,0.010000,1.000000,1264,948160
1184,99,0.010000,1.000000,792,948952
1185,97,0.010000,1.000000,776,949728
1186,97,0.010000,1.000000,776,950504
1187,157,0.010000,1.000000,1256,951760
1188,96,0.010000,1.000000,768,952528
1189,99,0.010000,1.000000,792,953320
1190,97,0.010000,1.000000,776,954096
1191,99,0.010000,1.000000,792,954888
1192,106,0.010000,1.000000,848,955736
1193,97,0.010000,1.000000,776,956512
1194,158,0.010000,1.000000,1264,957776
1195,157,0.010000,1.000000,1256,959032
1196,99,0.010000,1.000000,792,959824
1197,99,0.010000,1.000000,792,960616
1198,156,0.010000,1.000000,1248,961864
1199,99,0.010000,1.000000,792,962656
1200,99,0.010000,1.000000,792,963448
1201,158,0.010000,1.000000,1264,964712
1202,99,0.010000,1.000000,792,965504
1203,158,0.010000,1.000000,1264,966768
1204,97,0.010000,1.000000,776,967544
1205,99,0.010000,1.000000,792,968336
1206,99,0.010000,1.000000,792,969128
1207,97,0.010000,1.000000,776,969904
1208,99,0.010000,1.000000,792,970696
1209,99,0.010000,1.000000,792,971488
1210,97,0.010000,1.000000,776,972264
1211,158,0.010000,1.000000,1264,973528
1212,96,0.010000,1.000000,768,974296
1213,98,0.010000,1.000000,784,975080
1214,99,0.010000,1.000000,792,975872
1215,157,0.010000,1.000000,1256,977128
1216,97,0.010000,1.000000,776,977904
1217,158,0.010000,1.000000,1264,979168
1218,99,0.010000,1.000000,792,979960
1219,157,0.010000,1.000000,1256,981216
1220,97,0.010000,1.000000,776,981992
1221,144,0.010000,1.000000,1152,983144
1222,151,0.010000,1.000000,1208,984352
1223,158,0.010000,1.000000,1264,985616
1224,158,0.010000,1.000000,1264,986880
1225,94,0.010000,1.000000,752,987632
1226,96,0.010000,1.000000,768,988400
1227,158,0.010000,1.000000,1264,989664
1228,157,0.010000,1.000000,1256,990920
1229,99,0.010000,1.000000,792,991712
1230,158,0.010000,1.000000,1264,992976
1231,155,0.010000,1.000000,1240,994216
1232,97,0.010000,1.000000,776,994992
1233,158,0.010000,1.000000,1264,996256
1234,97,0.010000,1.000000,776,997032
1235,157,0.010000,1.000000,1256,998288
1236,96,0.010000,1.000000,768,999056
1237,156,0.010000,1.000000,1248,1000304
1238,97,0.010000,1.000000,776,1001080
1239,99,0.010000,1.000000,792,1001872
1240,99,0.010000,1.000000,792,1002664
1241,96,0.010000,1.000000,768,1003432
1242,97,0.010000,1.000000,776,1004208
1243,99,0.010000,1.000000,792,1005000
1244,99,0.010000,1.000000,792,1005792
1245,97,0.010000,1.000000,776,1006568
1246,157,0.010000,1.000000,1256,1007824
1247,97,0.010000,1.000000,776,1008600
1248,97,0.010000,1.000000,776,1009376
1249,158,0.010000,1.000000,1264,1010640
1250,97,0.010000,1.000000,776,1011416
1251,158,0.010000,1.000000,1264,1012680
1252,99,0.010000,1.000000,792,1013472
1253,156,0.010000,1.000000,1248,1014720
1254,99,0.010000,1.000000,792,1015512
1255,158,0.010000,1.000000,1264,1016776
1256,99,0.010000,1.000000,792,1017568
1257,158,0.010000,1.000000,1264,1018832
1258,158,0.010000,1.000000,1264,1020096
1259,99,0.010000,1.000000,792,1020888
1260,156,0.010000,1.000000,1248,1022136
1261,97,0.010000,1.000000,776,1022912
1262,97,0.010000,1.000000,776,1023688
1263,99,0.010000,1.000000,792,1024480
1264,97,0.010000,1.000000,776,1025256
1265,97,0.010000,1.000000,776,1026032
1266,111,0.010000,1.000000,888,1026920
1267,97,0.010000,1.000000,776,1027696
1268,99,0.010000,1.000000,792,1028488
1269,97,0.010000,1.000000,776,1029264
1270,98,0.010000,1.000000,784,1030048
1271,158,0.010000,1.000000,1264,1031312
1272,96,0.010000,1.000000,768,1032080
1273,97,0.010000,1.000000,776,1032856
1274,127,0.010000,1.000000,1016,1033872
1275,97,0.010000,1.000000,776,1034648
1276,97,0.010000,1.000000,776,1035424
1277,158,0.010000,1.000000,1264,1036688
1278,99,0.010000,1.000000,792,1037480
1279,97,0.010000,1.000000,776,1038256
1280,97,0.010000,1.000000,776,1039032
1281,97,0.010000,1.000000,776,1039808
1282,156,0.010000,1.000000,1248,1041056
1283,157,0.010000,1.000000,1256,1042312
1284,97,0.010000,1.000000,776,1043088
1285,99,0.010000,1.000000,792,1043880
1286,157,0.010000,1.000000,1256,1045136
1287,99,0.010000,1.000000,792,1045928
1288,99,0.010000,1.000000,792,1046720
1289,99,0.010000,1.000000,792,1047512
1290,99,0.010000,1.000000,792,1048304
1291,97,0.010000,1.000000,776,1049080
1292,97,0.010000,1.000000,776,1049856
1293,99,0.010000,1.000000,792,1050648
1294,158,0.010000,1.000000,1264,1051912
1295,97,0.010000,1.000000,776,1052688
1296,158,0.010000,1.000000,1264,1053952
1297,97,0.010000,1.000000,776,1054728
1298,97,0.010000,1.000000,776,1055504
1299,158,0.010000,1.000000,1264,1056768
1300,97,0.010000,1.000000,776,1057544
1301,97,0.010000,1.000000,776,1058320
1302,158,0.010000,1.000000,1264,1059584
1303,99,0.010000,1.000000,792,1060376
1304,97,0.010000,1.000000,776,1061152
1305,99,0.010000,1.000000,792,1061944
1306,158,0.010000,1.000000,1264,1063208
1307,158,0.010000,1.000000,1264,1064472
1308,99,0.010000,1.000000,792,1065264
1309,99,0.010000,1.000000,792,1066056
1310,157,0.010000,1.000000,1256,1067312
1311,97,0.010000,1.000000,776,1068088
1312,97,0.010000,1.000000,776,1068864
1313,158,0.010000,1.000000,1264,1070128
1314,158,0.010000,1.000000,1264,1071392
1315,99,0.010000,1.000000,792,1072184
1316,158,0.010000,1.000000,1264,1073448
1317,97,0.010000,1.000000,776,1074224
1318,120,0.010000,1.000000,960,1075184
1319,97,0.010000,1.000000,776,1075960
1320,158,0.010000,1.000000,1264,1077224
1321,96,0.010000,1.000000,768,1077992
1322,97,0.010000,1.000000,776,1078768
1323,117,0.010000,1.000000,936,1079704
1324,97,0.010000,1.000000,776,1080480
1325,97,0.010000,1.000000,776,1081256
1326,96,0.010000,1.000000,768,1082024
1327,96,0.010000,1.000000,768,1082792
1328,97,0.010000,1.000000,776,1083568
1329,96,0.010000,1.000000,768,1084336
1330,158,0.010000,1.000000,1264,1085600
1331,97,0.010000,1.000000,776,1086376
1332,99,0.010000,1.000000,792,1087168
1333,99,0.010000,1.000000,792,1087960
1334,99,0.010000,1.000000,792,1088752
1335,99,0.010000,1.000000,792,1089544
1336,99,0.010000,1.000000,792,1090336
1337,158,0.010000,1.000000,1264,1091600
1338,156,0.010000,1.000000,1248,1092848
1339,99,0.010000,1.000000,792,1093640
1340,97,0.010000,1.000000,776,1094416
1341,158,0.010000,1.000000,1264,1095680
1342,97,0.010000,1.000000,776,1096456
1343,97,0.010000,1.000000,776,1097232
1344,156,0.010000,1.000000,1248,1098480
1345,99,0.010000,1.000000,792,1099272
1346,158,0.010000,1.000000,1264,1100536
1347,158,0.010000,1.000000,1264,1101800
1348,97,0.010000,1.000000,776,1102576
1349,114,0.010000,1.000000,912,1103488
1350,99,0.010000,1.000000,792,1104280
1351,99,0.010000,1.000000,792,1105072
1352,99,0.010000,1.000000,792,1105864
1353,99,0.010000,1.000000,792,1106656
1354,99,0.010000,1.000000,792,1107448
1355,99,0.010000,1.000000,792,1108240
1356,97,0.010000,1.000000,776,1109016
1357,157,0.010000,1.000000,1256,1110272
1358,97,0.010000,1.000000,776,1111048
1359,96,0.010000,1.000000,768,1111816
1360,120,0.010000,1.000000,960,1112776
1361,157,0.010000,1.000000,1256,1114032
1362,97,0.010000,1.000000,776,1114808
1363,97,0.010000,1.000000,776,1115584
1364,97,0.010000,1.000000,776,1116360
1365,156,0.010000,1.000000,1248,1117608
1366,97,0.010000,1.000000,776,1118384
1367,157,0.010000,1.000000,1256,1119640
1368,97,0.010000,1.000000,776,1120416
1369,97,0.010000,1.000000,776,1121192
1370,158,0.010000,1.000000,1264,1122456
1371,97,0.010000,1.000000,776,1123232
1372,99,0.010000,1.000000,792,1124024
1373,158,0.010000,1.000000,1264,1125288
1374,158,0.010000,1.000000,1264,1126552
1375,136,0.010000,1.000000,1088,1127640
1376,158,0.010000,1.000000,1264,1128904
1377,97,0.010000,1.000000,776,1129680
1378,122,0.010000,1.000000,976,1130656
1379,99,0.010000,1.000000,792,1131448
1380,97,0.010000,1.000000,776,1132224
1381,98,0.010000,1.000000,784,1133008
1382,158,0.010000,1.000000,1264,1134272
1383,99,0.010000,1.000000,792,1135064
1384,99,0.010000,1.000000,792,1135856
1385,158,0.010000,1.000000,1264,1137120
1386,97,0.010000,1.000000,776,1137896
1387,97,0.010000,1.000000,776,1138672
1388,158,0.010000,1.000000,1264,1139936
1389,97,0.010000,1.000000,776,1140712
1390,156,0.010000,1.000000,1248,1141960
1391,99,0.010000,1.000000,792,1142752
1392,97,0.010000,1.000000,776,1143528
1393,120,0.010000,1.000000,960,1144488
1394,158,0.010000,1.000000,1264,1145752
1395,99,0.010000,1.000000,792,1146544
1396,97,0.010000,1.000000,776,1147320
1397,99,0.010000,1.000000,792,1148112
1398,97,0.010000,1.000000,776,1148888
1399,158,0.010000,1.000000,1264,1150152
1400,158,0.010000,1.000000,1264,1151416
1401,158,0.010000,1.000000,1264,1152680
1402,99,0.010000,1.000000,792,1153472
1403,158,0.010000,1.000000,1264,1154736
1404,96,0.010000,1.000000,768,1155504
1405,99,0.010000,1.000000,792,1156296
1406,155,0.010000,1.000000,1240,1157536
1407,97,0.010000,1.000000,776,1158312
1408,99,0.010000,1.000000,792,1159104
1409,97,0.010000,1.000000,776,1159880
1410,107,0.010000,1.000000,856,1160736
1411,158,0.010000,1.000000,1264,1162000
1412,157,0.010000,1.000000,1256,1163256
1413,97,0.010000,1.000000,776,1164032
1414,99,0.010000,1.000000,792,1164824
1415,97,0.010000,1.000000,776,1165600
1416,97,0.010000,1.000000,776,1166376
1417,97,0.010000,1.000000,776,1167152
1418,97,0.010000,1.000000,776,1167928
1419,96,0.010000,1.000000,768,1168696
1420,155,0.010000,1.000000,1240,1169936
1421,99,0.010000,1.000000,792,1170728
1422,143,0.010000,1.000000,1144,1171872
1423,99,0.010000,1.000000,792,1172664
1424,97,0.010000,1.000000,776,1173440
1425,97,0.010000,1.000000,776,1174216
1426,121,0.010000,1.000000,968,1175184
1427,97,0.010000,1.000000,776,1175960
1428,99,0.010000,1.000000,792,1176752
1429,97,0.010000,1.000000,776,1177528
1430,158,0.010000,1.000000,1264,1178792
1431,157,0.010000,1.000000,1256,1180048
1432,97,0.010000,1.000000,776,1180824
1433,97,0.010000,1.000000,776,1181600
1434,97,0.010000,1.000000,776,1182376
1435,97,0.010000,1.000000,776,1183152
1436,98,0.010000,1.000000,784,1183936
1437,97,0.010000,1.000000,776,1184712
1438,96,0.010000,1.000000,768,1185480
1439,99,0.010000,1.000000,792,1186272
1440,158,0.010000,1.000000,1264,1187536
1441,158,0.010000,1.000000,1264,1188800
1442,158,0.010000,1.000000,1264,1190064
1443,97,0.010000,1.000000,776,1190840
1444,97,0.010000,1.000000,776,1191616
1445,97,0.010000,1.000000,776,1192392
1446,99,0.010000,1.000000,792,1193184
1447,156,0.010000,1.000000,1248,1194432
1448,157,0.010000,1.000000,1256,1195688
1449,97,0.010000,1.000000,776,1196464
1450,136,0.010000,1.000000,1088,1197552
1451,158,0.010000,1.000000,1264,1198816
1452,97,0.010000,1.000000,776,1199592
1453,97,0.010000,1.000000,776,1200368
1454,157,0.010000,1.000000,1256,1201624
1455,98,0.010000,1.000000,784,1202408
1456,99,0.010000,1.000000,792,1203200
1457,97,0.010000,1.000000,776,1203976
1458,97,0.010000,1.000000,776,1204752
1459,97,0.010000,1.000000,776,1205528
1460,158,0.010000,1.000000,1264,1206792
1461,99,0.010000,1.000000,792,1207584
1462,158,0.010000,1.000000,1264,1208848
1463,99,0.010000,1.000000,792,1209640
1464,138,0.010000,1.000000,1104,1210744
1465,158,0.010000,1.000000,1264,1212008
1466,97,0.010000,1.000000,776,1212784
1467,156,0.010000,1.000000,1248,1214032
1468,155,0.010000,1.000000,1240,1215272
1469,99,0.010000,1.000000,792,1216064
1470,99,0.010000,1.000000,792,1216856
1471,97,0.010000,1.000000,776,1217632
1472,99,0.010000,1.000000,792,1218424
1473,158,0.010000,1.000000,1264,1219688
1474,99,0.010000,1.000000,792,1220480
1475,97,0.010000,1.000000,776,1221256
1476,158,0.010000,1.000000,1264,1222520
1477,99,0.010000,1.000000,792,1223312
1478,156,0.010000,1.000000,1248,1224560
1479,158,0.010000,1.000000,1264,1225824
1480,97,0.010000,1.000000,776,1226600
1481,97,0.010000,1.000000,776,1227376
1482,97,0.010000,1.000000,776,1228152
1483,99,0.010000,1.000000,792,1228944
1484,99,0.010000,1.000000,792,1229736
1485,97,0.010000,1.000000,776,1230512
1486,97,0.010000,1.000000,776,1231288
1487,97,0.010000,1.000000,776,1232064
1488,97,0.010000,1.000000,776,1232840
1489,158,0.010000,1.000000,1264,1234104
1490,157,0.010000,1.000000,1256,1235360
1491,97,0.010000,1.000000,776,1236136
1492,99,0.010000,1.000000,792,1236928
1493,126,0.010000,1.000000,1008,1237936
1494,158,0.010000,1.000000,1264,1239200
1495,97,0.010000,1.000000,776,1239976
1496,99,0.010000,1.000000,792,1240768
1497,97,0.010000,1.000000,776,1241544
1498,156,0.010000,1.000000,1248,1242792
1499,99,0.010000,1.000000,792,1243584
1500,97,0.010000,1.000000,776,1244360
1501,99,0.010000,1.000000,792,1245152
1502,158,0.010000,1.000000,1264,1246416
1503,97,0.010000,1.000000,776,1247192
1504,97,0.010000,1.000000,776,1247968
1505,156,0.010000,1.000000,1248,1249216
1506,97,0.010000,1.000000,776,1249992
1507,158,0.010000,1.000000,1264,1251256
1508,157,0.010000,1.000000,1256,1252512
1509,97,0.010000,1.000000,776,1253288
1510,97,0.010000,1.000000,776,1254064
1511,99,0.010000,1.000000,792,1254856
1512,97,0.010000,1.000000,776,1255632
1513,97,0.010000,1.000000,776,1256408
1514,97,0.010000,1.000000,776,1257184
1515,139,0.010000,1.000000,1112,1258296
1516,158,0.010000,1.000000,1264,1259560
1517,157,0.010000,1.000000,1256,1260816
1518,97,0.010000,1.000000,776,1261592
1519,99,0.010000,1.000000,792,1262384
1520,158,0.010000,1.000000,1264,1263648
1521,99,0.010000,1.000000,792,1264440
1522,158,0.010000,1.000000,1264,1265704
1523,158,0.010000,1.000000,1264,1266968
1524,99,0.010000,1.000000,792,1267760
1525,99,0.010000,1.000000,792,1268552
1526,156,0.010000,1.000000,1248,1269800
1527,158,0.010000,1.000000,1264,1271064
1528,156,0.010000,1.000000,1248,1272312
1529,99,0.010000,1.000000,792,1273104
1530,97,0.010000,1.000000,776,1273880
1531,156,0.010000,1.000000,1248,1275128
1532,97,0.010000,1.000000,776,1275904
1533,99,0.010000,1.000000,792,1276696
1534,158,0.010000,1.000000,1264,1277960
1535,99,0.010000,1.000000,792,1278752
1536,97,0.010000,1.000000,776,1279528
1537,157,0.010000,1.000000,1256,1280784
1538,157,0.010000,1.000000,1256,1282040
1539,157,0.010000,1.000000,1256,1283296
1540,97,0.010000,1.000000,776,1284072
1541,97,0.010000,1.000000,776,1284848
1542,158,0.010000,1.000000,1264,1286112
1543,97,0.010000,1.000000,776,1286888
1544,158,0.010000,1.000000,1264,1288152
1545,157,0.010000,1.000000,1256,1289408
1546,158,0.010000,1.000000,1264,1290672
1547,158,0.010000,1.000000,1264,1291936
1548,97,0.010000,1.000000,776,1292712
1549,156,0.010000,1.000000,1248,1293960
1550,158,0.010000,1.000000,1264,1295224
1551,158,0.010000,1.000000,1264,1296488
1552,99,0.010000,1.000000,792,1297280
1553,157,0.010000,1.000000,1256,1298536
1554,99,0.010000,1.000000,792,1299328
1555,156,0.010000,1.000000,1248,1300576
1556,97,0.010000,1.000000,776,1301352
1557,99,0.010000,1.000000,792,1302144
1558,158,0.010000,1.000000,1264,1303408
1559,96,0.010000,1.000000,768,1304176
1560,155,0.010000,1.000000,1240,1305416
1561,99,0.010000,1.000000,792,1306208
1562,99,0.010000,1.000000,792,1307000
1563,97,0.010000,1.000000,776,1307776
1564,99,0.010000,1.000000,792,1308568
1565,99,0.010000,1.000000,792,1309360
1566,156,0.010000,1.000000,1248,1310608
1567,156,0.010000,1.000000,1248,1311856
1568,97,0.010000,1.000000,776,1312632
1569,96,0.010000,1.000000,768,1313400
1570,99,0.010000,1.000000,792,1314192
1571,158,0.010000,1.000000,1264,1315456
1572,97,0.010000,1.000000,776,1316232
1573,96,0.010000,1.000000,768,1317000
1574,97,0.010000,1.000000,776,1317776
1575,157,0.010000,1.000000,1256,1319032
1576,157,0.010000,1.000000,1256,1320288
1577,97,0.010000,1.000000,776,1321064
1578,97,0.010000,1.000000,776,1321840
1579,97,0.010000,1.000000,776,1322616
1580,98,0.010000,1.000000,784,1323400
1581,97,0.010000,1.000000,776,1324176
1582,97,0.010000,1.000000,776,1324952
1583,157,0.010000,1.000000,1256,1326208
1584,97,0.010000,1.000000,776,1326984
1585,157,0.010000,1.000000,1256,1328240
1586,158,0.010000,1.000000,1264,1329504
1587,158,0.010000,1.000000,1264,1330768
1588,97,0.010000,1.000000,776,1331544
1589,156,0.010000,1.000000,1248,1332792
1590,97,0.010000,1.000000,776,1333568
1591,99,0.010000,1.000000,792,1334360
1592,109,0.010000,1.000000,872,1335232
1593,158,0.010000,1.000000,1264,1336496
1594,99,0.010000,1.000000,792,1337288
1595,97,0.010000,1.000000,776,1338064
1596,97,0.010000,1.000000,776,1338840
1597,97,0.010000,1.000000,776,1339616
1598,99,0.010000,1.000000,792,1340408
1599,97,0.010000,1.000000,776,1341184
1600,96,0.010000,1.000000,768,1341952
1601,110,0.010000,1.000000,880,1342832
1602,97,0.010000,1.000000,776,1343608
1603,158,0.010000,1.000000,1264,1344872
1604,122,0.010000,1.000000,976,1345848
1605,158,0.010000,1.000000,1264,1347112
1606,158,0.010000,1.000000,1264,1348376
1607,97,0.010000,1.000000,776,1349152
1608,97,0.010000,1.000000,776,1349928
1609,99,0.010000,1.000000,792,1350720
1610,158,0.010000,1.000000,1264,1351984
1611,157,0.010000,1.000000,1256,1353240
1612,156,0.010000,1.000000,1248,1354488
1613,97,0.010000,1.000000,776,1355264
1614,158,0.010000,1.000000,1264,1356528
1615,158,0.010000,1.000000,1264,1357792
1616,156,0.010000,1.000000,1248,1359040
1617,157,0.010000,1.000000,1256,1360296
1618,97,0.010000,1.000000,776,1361072
1619,97,0.010000,1.000000,776,1361848
1620,156,0.010000,1.000000,1248,1363096
1621,97,0.010000,1.000000,776,1363872
1622,97,0.010000,1.000000,776,1364648
1623,130,0.010000,1.000000,1040,1365688
1624,97,0.010000,1.000000,776,1366464
1625,155,0.010000,1.000000,1240,1367704
1626,156,0.010000,1.000000,1248,1368952
1627,158,0.010000,1.000000,1264,1370216
1628,158,0.010000,1.000000,1264,1371480
1629,97,0.010000,1.000000,776,1372256
1630,156,0.010000,1.000000,1248,1373504
1631,158,0.010000,1.000000,1264,1374768
1632,99,0.010000,1.000000,792,1375560
1633,97,0.010000,1.000000,776,1376336
1634,158,0.010000,1.000000,1264,1377600
1635,158,0.010000,1.000000,1264,1378864
1636,158,0.010000,1.000000,1264,1380128
1637,97,0.010000,1.000000,776,1380904
1638,96,0.010000,1.000000,768,1381672
1639,97,0.010000,1.000000,776,1382448
1640,97,0.010000,1.000000,776,1383224
1641,157,0.010000,1.000000,1256,1384480
1642,99,0.010000,1.000000,792,1385272
1643,97,0.010000,1.000000,776,1386048
1644,97,0.010000,1.000000,776,1386824
1645,97,0.010000,1.000000,776,1387600
1646,97,0.010000,1.000000,776,1388376
1647,158,0.010000,1.000000,1264,1389640
1648,157,0.010000,1.000000,1256,1390896
1649,99,0.010000,1.000000,792,1391688
1650,97,0.010000,1.000000,776,1392464
1651,158,0.010000,1.000000,1264,1393728
1652,97,0.010000,1.000000,776,1394504
1653,97,0.010000,1.000000,776,1395280
1654,98,0.010000,1.000000,784,1396064
1655,97,0.010000,1.000000,776,1396840
1656,157,0.010000,1.000000,1256,1398096
1657,97,0.010000,1.000000,776,1398872
1658,158,0.010000,1.000000,1264,1400136
1659,158,0.010000,1.000000,1264,1401400
1660,157,0.010000,1.000000,1256,1402656
1661,97,0.010000,1.000000,776,1403432
1662,157,0.010000,1.000000,1256,1404688
1663,97,0.010000,1.000000,776,1405464
1664,97,0.010000,1.000000,776,1406240
1665,158,0.010000,1.000000,1264,1407504
1666,158,0.010000,1.000000,1264,1408768
1667,97,0.010000,1.000000,776,1409544
1668,99,0.010000,1.000000,792,1410336
1669,97,0.010000,1.000000,776,1411112
1670,97,0.010000,1.000000,776,1411888
1671,97,0.010000,1.000000,776,1412664
1672,99,0.010000,1.000000,792,1413456
1673,156,0.010000,1.000000,1248,1414704
1674,97,0.010000,1.000000,776,1415480
1675,97,0.010000,1.000000,776,1416256
1676,97,0.010000,1.000000,776,1417032
1677,99,0.010000,1.000000,792,1417824
1678,96,0.010000,1.000000,768,1418592
1679,158,0.010000,1.000000,1264,1419856
1680,97,0.010000,1.000000,776,1420632
1681,157,0.010000,1.000000,1256,1421888
1682,156,0.010000,1.000000,1248,1423136
1683,99,0.010000,1.000000,792,1423928
1684,97,0.010000,1.000000,776,1424704
1685,158,0.010000,1.000000,1264,1425968
1686,99,0.010000,1.000000,792,1426760
1687,99,0.010000,1.000000,792,1427552
1688,158,0.010000,1.000000,1264,1428816
1689,158,0.010000,1.000000,1264,1430080
1690,157,0.010000,1.000000,1256,1431336
1691,157,0.010000,1.000000,1256,1432592
1692,99,0.010000,1.000000,792,1433384
1693,158,0.010000,1.000000,1264,1434648
1694,97,0.010000,1.000000,776,1435424
1695,99,0.010000,1.000000,792,1436216
1696,158,0.010000,1.000000,1264,1437480
1697,139,0.010000,1.000000,1112,1438592
1698,97,0.010000,1.000000,776,1439368
1699,98,0.010000,1.000000,784,1440152
1700,158,0.010000,1.000000,1264,1441416
1701,99,0.010000,1.000000,792,1442208
1702,99,0.010000,1.000000,792,1443000
1703,99,0.010000,1.000000,792,1443792
1704,158,0.010000,1.000000,1264,1445056
1705,99,0.010000,1.000000,792,1445848
1706,99,0.010000,1.000000,792,1446640
1707,158,0.010000,1.000000,1264,1447904
1708,97,0.010000,1.000000,776,1448680
1709,97,0.010000,1.000000,776,1449456
1710,131,0.010000,1.000000,1048,1450504
1711,158,0.010000,1.000000,1264,1451768
1712,99,0.010000,1.000000,792,1452560
1713,157,0.010000,1.000000,1256,1453816
1714,97,0.010000,1.000000,776,1454592
1715,97,0.010000,1.000000,776,1455368
1716,115,0.010000,1.000000,920,1456288
1717,158,0.010000,1.000000,1264,1457552
1718,156,0.010000,1.000000,1248,1458800
1719,98,0.010000,1.000000,784,1459584
1720,99,0.010000,1.000000,792,1460376
1721,158,0.010000,1.000000,1264,1461640
1722,157,0.010000,1.000000,1256,1462896
1723,99,0.010000,1.000000,792,1463688
1724,96,0.010000,1.000000,768,1464456
1725,97,0.010000,1.000000,776,1465232
1726,99,0.010000,1.000000,792,1466024
1727,99,0.010000,1.000000,792,1466816
1728,156,0.010000,1.000000,1248,1468064
1729,156,0.010000,1.000000,1248,1469312
1730,99,0.010000,1.000000,792,1470104
1731,97,0.010000,1.000000,776,1470880
1732,139,0.010000,1.000000,1112,1471992
1733,156,0.010000,1.000000,1248,1473240
1734,158,0.010000,1.000000,1264,1474504
1735,158,0.010000,1.000000,1264,1475768
1736,158,0.010000,1.000000,1264,1477032
1737,99,0.010000,1.000000,792,1477824
1738,149,0.010000,1.000000,1192,1479016
1739,97,0.010000,1.000000,776,1479792
1740,99,0.010000,1.000000,792,1480584
1741,97,0.010000,1.000000,776,1481360
1742,99,0.010000,1.000000,792,1482152
1743,97,0.010000,1.000000,776,1482928
1744,158,0.010000,1.000000,1264,1484192
1745,99,0.010000,1.000000,792,1484984
1746,97,0.010000,1.000000,776,1485760
1747,158,0.010000,1.000000,1264,1487024
1748,158,0.010000,1.000000,1264,1488288
1749,97,0.010000,1.000000,776,1489064
1750,158,0.010000,1.000000,1264,1490328
1751,156,0.010000,1.000000,1248,1491576
1752,99,0.010000,1.000000,792,1492368
1753,158,0.010000,1.000000,1264,1493632
1754,99,0.010000,1.000000,792,1494424
1755,156,0.010000,1.000000,1248,1495672
1756,97,0.010000,1.000000,776,1496448
1757,97,0.010000,1.000000,776,1497224
1758,97,0.010000,1.000000,776,1498000
1759,97,0.010000,1.000000,776,1498776
1760,96,0.010000,1.000000,768,1499544
1761,99,0.010000,1.000000,792,1500336
1762,99,0.010000,1.000000,792,1501128
1763,158,0.010000,1.000000,1264,1502392
1764,99,0.010000,1.000000,792,1503184
1765,156,0.010000,1.000000,1248,1504432
1766,99,0.010000,1.000000,792,1505224
1767,143,0.010000,1.000000,1144,1506368
1768,157,0.010000,1.000000,1256,1507624
1769,97,0.010000,1.000000,776,1508400
1770,158,0.010000,1.000000,1264,1509664
1771,137,0.010000,1.000000,1096,1510760
1772,97,0.010000,1.000000,776,1511536
1773,97,0.010000,1.000000,776,1512312
1774,97,0.010000,1.000000,776,1513088
1775,97,0.010000,1.000000,776,1513864
1776,99,0.010000,1.000000,792,1514656
1777,97,0.010000,1.000000,776,1515432
1778,156,0.010000,1.000000,1248,1516680
1779,97,0.010000,1.000000,776,1517456
1780,97,0.010000,1.000000,776,1518232
1781,140,0.010000,1.000000,1120,1519352
1782,158,0.010000,1.000000,1264,1520616
1783,99,0.010000,1.000000,792,1521408
1784,99,0.010000,1.000000,792,1522200
1785,97,0.010000,1.000000,776,1522976
1786,99,0.010000,1.000000,792,1523768
1787,97,0.010000,1.000000,776,1524544
1788,99,0.010000,1.000000,792,1525336
1789,157,0.010000,1.000000,1256,1526592
1790,97,0.010000,1.000000,776,1527368
1791,156,0.010000,1.000000,1248,1528616
1792,158,0.010000,1.000000,1264,1529880
1793,156,0.010000,1.000000,1248,1531128
1794,97,0.010000,1.000000,776,1531904
1795,97,0.010000,1.000000,776,1532680
1796,147,0.010000,1.000000,1176,1533856
1797,97,0.010000,1.000000,776,1534632
1798,156,0.010000,1.000000,1248,1535880
1799,99,0.010000,1.000000,792,1536672
1800,158,0.010000,1.000000,1264,1537936
1801,97,0.010000,1.000000,776,1538712
1802,99,0.010000,1.000000,792,1539504
1803,158,0.010000,1.000000,1264,1540768
1804,97,0.010000,1.000000,776,1541544
1805,157,0.010000,1.000000,1256,1542800
1806,99,0.010000,1.000000,792,1543592
1807,99,0.010000,1.000000,792,1544384
1808,158,0.010000,1.000000,1264,1545648
1809,97,0.010000,1.000000,776,1546424
1810,158,0.010000,1.000000,1264,1547688
1811,114,0.010000,1.000000,912,1548600
1812,158,0.010000,1.000000,1264,1549864
1813,158,0.010000,1.000000,1264,1551128
1814,97,0.010000,1.000000,776,1551904
1815,99,0.010000,1.000000,792,1552696
1816,99,0.010000,1.000000,792,1553488
1817,136,0.010000,1.000000,1088,1554576
1818,97,0.010000,1.000000,776,1555352
1819,99,0.010000,1.000000,792,1556144
1820,99,0.010000,1.000000,792,1556936
1821,156,0.010000,1.000000,1248,1558184
1822,158,0.010000,1.000000,1264,1559448
1823,99,0.010000,1.000000,792,1560240
1824,99,0.010000,1.000000,792,1561032
1825,158,0.010000,1.000000,1264,1562296
1826,158,0.010000,1.000000,1264,1563560
1827,92,0.010000,1.000000,736,1564296
1828,97,0.010000,1.000000,776,1565072
1829,97,0.010000,1.000000,776,1565848
1830,158,0.010000,1.000000,1264,1567112
1831,99,0.010000,1.000000,792,1567904
1832,155,0.010000,1.000000,1240,1569144
1833,96,0.010000,1.000000,768,1569912
1834,157,0.010000,1.000000,1256,1571168
1835,97,0.010000,1.000000,776,1571944
1836,156,0.010000,1.000000,1248,1573192
1837,99,0.010000,1.000000,792,1573984
1838,158,0.010000,1.000000,1264,1575248
1839,149,0.010000,1.000000,1192,1576440
1840,157,0.010000,1.000000,1256,1577696
1841,158,0.010000,1.000000,1264,1578960
1842,99,0.010000,1.000000,792,1579752
1843,97,0.010000,1.000000,776,1580528
1844,99,0.010000,1.000000,792,1581320
1845,158,0.010000,1.000000,1264,1582584
1846,157,0.010000,1.000000,1256,1583840
1847,158,0.010000,1.000000,1264,1585104
1848,158,0.010000,1.000000,1264,1586368
1849,158,0.010000,1.000000,1264,1587632
1850,158,0.010000,1.000000,1264,1588896
1851,99,0.010000,1.000000,792,1589688
1852,99,0.010000,1.000000,792,1590480
1853,99,0.010000,1.000000,792,1591272
1854,99,0.010000,1.000000,792,1592064
1855,99,0.010000,1.000000,792,1592856
1856,151,0.010000,1.000000,1208,1594064
1857,158,0.010000,1.000000,1264,1595328
1858,99,0.010000,1.000000,792,1596120
1859,158,0.010000,1.000000,1264,1597384
1860,158,0.010000,1.000000,1264,1598648
1861,99,0.010000,1.000000,792,1599440
1862,98,0.010000,1.000000,784,1600224
1863,158,0.010000,1.000000,1264,1601488
1864,97,0.010000,1.000000,776,1602264
1865,99,0.010000,1.000000,792,1603056
1866,96,0.010000,1.000000,768,1603824
1867,104,0.010000,1.000000,832,1604656
1868,99,0.010000,1.000000,792,1605448
1869,99,0.010000,1.000000,792,1606240
1870,99,0.010000,1.000000,792,1607032
1871,157,0.010000,1.000000,1256,1608288
1872,123,0.010000,1.000000,984,1609272
1873,157,0.010000,1.000000,1256,1610528
1874,97,0.010000,1.000000,776,1611304
1875,144,0.010000,1.000000,1152,1612456
1876,99,0.010000,1.000000,792,1613248
1877,156,0.010000,1.000000,1248,1614496
1878,158,0.010000,1.000000,1264,1615760
1879,107,0.010000,1.000000,856,1616616
1880,99,0.010000,1.000000,792,1617408
1881,158,0.010000,1.000000,1264,1618672
1882,97,0.010000,1.000000,776,1619448
1883,158,0.010000,1.000000,1264,1620712
1884,99,0.010000,1.000000,792,1621504
1885,129,0.010000,1.000000,1032,1622536
1886,99,0.010000,1.000000,792,1623328
1887,99,0.010000,1.000000,792,1624120
1888,99,0.010000,1.000000,792,1624912
1889,99,0.010000,1.000000,792,1625704
1890,97,0.010000,1.000000,776,1626480
1891,99,0.010000,1.000000,792,1627272
1892,155,0.010000,1.000000,1240,1628512
1893,156,0.010000,1.000000,1248,1629760
1894,99,0.010000,1.000000,792,1630552
1895,99,0.010000,1.000000,792,1631344
1896,97,0.010000,1.000000,776,1632120
1897,99,0.010000,1.000000,792,1632912
1898,99,0.010000,1.000000,792,1633704
1899,97,0.010000,1.000000,776,1634480
1900,156,0.010000,1.000000,1248,1635728
1901,156,0.010000,1.000000,1248,1636976
1902,157,0.010000,1.000000,1256,1638232
1903,99,0.010000,1.000000,792,1639024
1904,99,0.010000,1.000000,792,1639816
1905,97,0.010000,1.000000,776,1640592
1906,99,0.010000,1.000000,792,1641384
1907,156,0.010000,1.000000,1248,1642632
1908,99,0.010000,1.000000,792,1643424
1909,99,0.010000,1.000000,792,1644216
1910,99,0.010000,1.000000,792,1645008
1911,149,0.010000,1.000000,1192,1646200
1912,99,0.010000,1.000000,792,1646992
1913,99,0.010000,1.000000,792,1647784
1914,158,0.010000,1.000000,1264,1649048
1915,158,0.010000,1.000000,1264,1650312
1916,97,0.010000,1.000000,776,1651088
1917,99,0.010000,1.000000,792,1651880
1918,158,0.010000,1.000000,1264,1653144
1919,99,0.010000,1.000000,792,1653936
1920,158,0.010000,1.000000,1264,1655200
1921,99,0.010000,1.000000,792,1655992
1922,158,0.010000,1.000000,1264,1657256
1923,99,0.010000,1.000000,792,1658048
1924,99,0.010000,1.000000,792,1658840
1925,97,0.010000,1.000000,776,1659616
1926,97,0.010000,1.000000,776,1660392
1927,124,0.010000,1.000000,992,1661384
1928,99,0.010000,1.000000,792,1662176
1929,97,0.010000,1.000000,776,1662952
1930,99,0.010000,1.000000,792,1663744
1931,99,0.010000,1.000000,792,1664536
1932,99,0.010000,1.000000,792,1665328
1933,158,0.010000,1.000000,1264,1666592
1934,158,0.010000,1.000000,1264,1667856
1935,158,0.010000,1.000000,1264,1669120
1936,158,0.010000,1.000000,1264,1670384
1937,99,0.010000,1.000000,792,1671176
1938,158,0.010000,1.000000,1264,1672440
1939,99,0.010000,1.000000,792,1673232
1940,99,0.010000,1.000000,792,1674024
1941,99,0.010000,1.000000,792,1674816
1942,97,0.010000,1.000000,776,1675592
1943,99,0.010000,1.000000,792,1676384
1944,158,0.010000,1.000000,1264,1677648
1945,97,0.010000,1.000000,776,1678424
1946,99,0.010000,1.000000,792,1679216
1947,154,0.010000,1.000000,1232,1680448
1948,158,0.010000,1.000000,1264,1681712
1949,99,0.010000,1.000000,792,1682504
1950,99,0.010000,1.000000,792,1683296
1951,158,0.010000,1.000000,1264,1684560
1952,99,0.010000,1.000000,792,1685352
1953,158,0.010000,1.000000,1264,1686616
1954,158,0.010000,1.000000,1264,1687880
1955,99,0.010000,1.000000,792,1688672
1956,99,0.010000,1.000000,792,1689464
1957,97,0.010000,1.000000,776,1690240
1958,99,0.010000,1.000000,792,1691032
1959,157,0.010000,1.000000,1256,1692288
1960,99,0.010000,1.000000,792,1693080
1961,158,0.010000,1.000000,1264,1694344
1962,97,0.010000,1.000000,776,1695120
1963,158,0.010000,1.000000,1264,1696384
1964,157,0.010000,1.000000,1256,1697640
1965,97,0.010000,1.000000,776,1698416
1966,99,0.010000,1.000000,792,1699208
1967,97,0.010000,1.000000,776,1699984
1968,158,0.010000,1.000000,1264,1701248
1969,158,0.010000,1.000000,1264,1702512
1970,99,0.010000,1.000000,792,1703304
1971,158,0.010000,1.000000,1264,1704568
1972,155,0.010000,1.000000,1240,1705808
1973,158,0.010000,1.000000,1264,1707072
1974,156,0.010000,1.000000,1248,1708320
1975,158,0.010000,1.000000,1264,1709584
1976,99,0.010000,1.000000,792,1710376
1977,157,0.010000,1.000000,1256,1711632
1978,97,0.010000,1.000000,776,1712408
1979,106,0.010000,1.000000,848,1713256
1980,99,0.010000,1.000000,792,1714048
1981,97,0.010000,1.000000,776,1714824
1982,99,0.010000,1.000000,792,1715616
1983,158,0.010000,1.000000,1264,1716880
1984,158,0.010000,1.000000,1264,1718144
1985,97,0.010000,1.000000,776,1718920
1986,99,0.010000,1.000000,792,1719712
1987,158,0.010000,1.000000,1264,1720976
1988,97,0.010000,1.000000,776,1721752
1989,99,0.010000,1.000000,792,1722544
1990,99,0.010000,1.000000,792,1723336
1991,99,0.010000,1.000000,792,1724128
1992,156,0.010000,1.000000,1248,1725376
1993,99,0.010000,1.000000,792,1726168
1994,99,0.010000,1.000000,792,1726960
1995,99,0.010000,1.000000,792,1727752
1996,99,0.010000,1.000000,792,1728544
1997,99,0.010000,1.000000,792,1729336
1998,97,0.010000,1.000000,776,1730112
1999,98,0.010000,1.000000,784,1730896
2000,158,0.010000,1.000000,1264,1732160
2001,99,0.010000,1.000000,792,1732952
2002,96,0.010000,1.000000,768,1733720
2003,110,0.010000,1.000000,880,1734600
2004,97,0.010000,1.000000,776,1735376
2005,120,0.010000,1.000000,960,1736336
2006,99,0.010000,1.000000,792,1737128
2007,99,0.010000,1.000000,792,1737920
2008,99,0.010000,1.000000,792,1738712
2009,158,0.010000,1.000000,1264,1739976
2010,97,0.010000,1.000000,776,1740752
2011,99,0.010000,1.000000,792,1741544
2012,99,0.010000,1.000000,792,1742336
2013,97,0.010000,1.000000,776,1743112
2014,156,0.010000,1.000000,1248,1744360
2015,97,0.010000,1.000000,776,1745136
2016,99,0.010000,1.000000,792,1745928
2017,99,0.010000,1.000000,792,1746720
2018,158,0.010000,1.000000,1264,1747984
2019,158,0.010000,1.000000,1264,1749248
2020,99,0.010000,1.000000,792,1750040
2021,111,0.010000,1.000000,888,1750928
2022,99,0.010000,1.000000,792,1751720
2023,158,0.010000,1.000000,1264,1752984
2024,103,0.010000,1.000000,824,1753808
2025,99,0.010000,1.000000,792,1754600
2026,158,0.010000,1.000000,1264,1755864
2027,99,0.010000,1.000000,792,1756656
2028,99,0.010000,1.000000,792,1757448
2029,99,0.010000,1.000000,792,1758240
2030,99,0.010000,1.000000,792,1759032
2031,157,0.010000,1.000000,1256,1760288
2032,157,0.010000,1.000000,1256,1761544
2033,157,0.010000,1.000000,1256,1762800
2034,119,0.010000,1.000000,952,1763752
2035,96,0.010000,1.000000,768,1764520
2036,157,0.010000,1.000000,1256,1765776
2037,99,0.010000,1.000000,792,1766568
2038,156,0.010000,1.000000,1248,1767816
2039,99,0.010000,1.000000,792,1768608
2040,96,0.010000,1.000000,768,1769376
2041,97,0.010000,1.000000,776,1770152
2042,99,0.010000,1.000000,792,1770944
2043,157,0.010000,1.000000,1256,1772200
2044,99,0.010000,1.000000,792,1772992
2045,97,0.010000,1.000000,776,1773768
2046,158,0.010000,1.000000,1264,1775032
2047,158,0.010000,1.000000,1264,1776296
2048,101,0.010000,1.000000,808,1777104
2049,158,0.010000,1.000000,1264,1778368
2050,97,0.010000,1.000000,776,1779144
2051,97,0.010000,1.000000,776,1779920
2052,97,0.010000,1.000000,776,1780696
2053,97,0.010000,1.000000,776,1781472
2054,158,0.010000,1.000000,1264,1782736
2055,158,0.010000,1.000000,1264,1784000
2056,97,0.010000,1.000000,776,1784776
2057,97,0.010000,1.000000,776,1785552
2058,158,0.010000,1.000000,1264,1786816
2059,126,0.010000,1.000000,1008,1787824
2060,158,0.010000,1.000000,1264,1789088
2061,158,0.010000,1.000000,1264,1790352
2062,158,0.010000,1.000000,1264,1791616
2063,97,0.010000,1.000000,776,1792392
2064,157,0.010000,1.000000,1256,1793648
2065,158,0.010000,1.000000,1264,1794912
2066,97,0.010000,1.000000,776,1795688
2067,158,0.010000,1.000000,1264,1796952
2068,99,0.010000,1.000000,792,1797744
2069,158,0.010000,1.000000,1264,1799008
2070,97,0.010000,1.000000,776,1799784
2071,99,0.010000,1.000000,792,1800576
2072,158,0.010000,1.000000,1264,1801840
2073,97,0.010000,1.000000,776,1802616
2074,158,0.010000,1.000000,1264,1803880
2075,130,0.010000,1.000000,1040,1804920
2076,158,0.010000,1.000000,1264,1806184
2077,97,0.010000,1.000000,776,1806960
2078,157,0.010000,1.000000,1256,1808216
2079,99,0.010000,1.000000,792,1809008
2080,158,0.010000,1.000000,1264,1810272
2081,99,0.010000,1.000000,792,1811064
2082,114,0.010000,1.000000,912,1811976
2083,158,0.010000,1.000000,1264,1813240
2084,158,0.010000,1.000000,1264,1814504
2085,158,0.010000,1.000000,1264,1815768
2086,99,0.010000,1.000000,792,1816560
2087,143,0.010000,1.000000,1144,1817704
2088,153,0.010000,1.000000,1224,1818928
2089,99,0.010000,1.000000,792,1819720
2090,97,0.010000,1.000000,776,1820496
2091,156,0.010000,1.000000,1248,1821744
2092,97,0.010000,1.000000,776,1822520
2093,99,0.010000,1.000000,792,1823312
2094,157,0.010000,1.000000,1256,1824568
2095,158,0.010000,1.000000,1264,1825832
2096,99,0.010000,1.000000,792,1826624
2097,99,0.010000,1.000000,792,1827416
2098,157,0.010000,1.000000,1256,1828672
2099,97,0.010000,1.000000,776,1829448
2100,97,0.010000,1.000000,776,1830224
2101,97,0.010000,1.000000,776,1831000
2102,97,0.010000,1.000000,776,1831776
2103,97,0.010000,1.000000,776,1832552
2104,99,0.010000,1.000000,792,1833344
2105,156,0.010000,1.000000,1248,1834592
2106,99,0.010000,1.000000,792,1835384
2107,158,0.010000,1.000000,1264,1836648
2108,99,0.010000,1.000000,792,1837440
2109,97,0.010000,1.000000,776,1838216
2110,99,0.010000,1.000000,792,1839008
2111,148,0.010000,1.000000,1184,1840192
2112,97,0.010000,1.000000,776,1840968
2113,99,0.010000,1.000000,792,1841760
2114,158,0.010000,1.000000,1264,1843024
2115,134,0.010000,1.000000,1072,1844096
2116,96,0.010000,1.000000,768,1844864
2117,117,0.010000,1.000000,936,1845800
2118,158,0.010000,1.000000,1264,1847064
2119,157,0.010000,1.000000,1256,1848320
2120,99,0.010000,1.000000,792,1849112
2121,97,0.010000,1.000000,776,1849888
2122,99,0.010000,1.000000,792,1850680
2123,158,0.010000,1.000000,1264,1851944
2124,151,0.010000,1.000000,1208,1853152
2125,158,0.010000,1.000000,1264,1854416
2126,158,0.010000,1.000000,1264,1855680
2127,158,0.010000,1.000000,1264,1856944
2128,155,0.010000,1.000000,1240,1858184
2129,143,0.010000,1.000000,1144,1859328
2130,158,0.010000,1.000000,1264,1860592
2131,158,0.010000,1.000000,1264,1861856
2132,98,0.010000,1.000000,784,1862640
2133,97,0.010000,1.000000,776,1863416
2134,157,0.010000,1.000000,1256,1864672
2135,158,0.010000,1.000000,1264,1865936
2136,109,0.010000,1.000000,872,1866808
2137,96,0.010000,1.000000,768,1867576
2138,97,0.010000,1.000000,776,1868352
2139,158,0.010000,1.000000,1264,1869616
2140,158,0.010000,1.000000,1264,1870880
2141,97,0.010000,1.000000,776,1871656
2142,99,0.010000,1.000000,792,1872448
2143,96,0.010000,1.000000,768,1873216
2144,97,0.010000,1.000000,776,1873992
2145,133,0.010000,1.000000,1064,1875056
2146,158,0.010000,1.000000,1264,1876320
2147,97,0.010000,1.000000,776,1877096
2148,99,0.010000,1.000000,792,1877888
2149,97,0.010000,1.000000,776,1878664
2150,99,0.010000,1.000000,792,1879456
2151,99,0.010000,1.000000,792,1880248
2152,157,0.010000,1.000000,1256,1881504
2153,99,0.010000,1.000000,792,1882296
2154,99,0.010000,1.000000,792,1883088
2155,158,0.010000,1.000000,1264,1884352
2156,96,0.010000,1.000000,768,1885120
2157,99,0.010000,1.000000,792,1885912
2158,99,0.010000,1.000000,792,1886704
2159,99,0.010000,1.000000,792,1887496
2160,156,0.010000,1.000000,1248,1888744
2161,158,0.010000,1.000000,1264,1890008
2162,137,0.010000,1.000000,1096,1891104
2163,146,0.010000,1.000000,1168,1892272
2164,99,0.010000,1.000000,792,1893064
2165,99,0.010000,1.000000,792,1893856
2166,99,0.010000,1.000000,792,1894648
2167,157,0.010000,1.000000,1256,1895904
2168,96,0.010000,1.000000,768,1896672
2169,97,0.010000,1.000000,776,1897448
2170,97,0.010000,1.000000,776,1898224
2171,99,0.010000,1.000000,792,1899016
2172,97,0.010000,1.000000,776,1899792
2173,96,0.010000,1.000000,768,1900560
2174,158,0.010000,1.000000,1264,1901824
2175,158,0.010000,1.000000,1264,1903088
2176,97,0.010000,1.000000,776,1903864
2177,97,0.010000,1.000000,776,1904640
2178,99,0.010000,1.000000,792,1905432
2179,158,0.010000,1.000000,1264,1906696
2180,97,0.010000,1.000000,776,1907472
2181,157,0.010000,1.000000,1256,1908728
2182,119,0.010000,1.000000,952,1909680
2183,99,0.010000,1.000000,792,1910472
2184,157,0.010000,1.000000,1256,1911728
2185,99,0.010000,1.000000,792,1912520
2186,137,0.010000,1.000000,1096,1913616
2187,158,0.010000,1.000000,1264,1914880
2188,156,0.010000,1.000000,1248,1916128
2189,99,0.010000,1.000000,792,1916920
2190,99,0.010000,1.000000,792,1917712
2191,99,0.010000,1.000000,792,1918504
2192,156,0.010000,1.000000,1248,1919752
2193,99,0.010000,1.000000,792,1920544
2194,99,0.010000,1.000000,792,1921336
2195,99,0.010000,1.000000,792,1922128
2196,97,0.010000,1.000000,776,1922904
2197,97,0.010000,1.000000,776,1923680
2198,97,0.010000,1.000000,776,1924456
2199,99,0.010000,1.000000,792,1925248
2200,99,0.010000,1.000000,792,1926040
2201,99,0.010000,1.000000,792,1926832
2202,157,0.010000,1.000000,1256,1928088
2203,99,0.010000,1.000000,792,1928880
2204,99,0.010000,1.000000,792,1929672
2205,103,0.010000,1.000000,824,1930496
2206,157,0.010000,1.000000,1256,1931752
2207,99,0.010000,1.000000,792,1932544
2208,158,0.010000,1.000000,1264,1933808
2209,158,0.010000,1.000000,1264,1935072
2210,158,0.010000,1.000000,1264,1936336
2211,97,0.010000,1.000000,776,1937112
2212,97,0.010000,1.000000,776,1937888
2213,99,0.010000,1.000000,792,1938680
2214,97,0.010000,1.000000,776,1939456
2215,156,0.010000,1.000000,1248,1940704
2216,97,0.010000,1.000000,776,1941480
2217,158,0.010000,1.000000,1264,1942744
2218,99,0.010000,1.000000,792,1943536
2219,99,0.010000,1.000000,792,1944328
2220,99,0.010000,1.000000,792,1945120
2221,99,0.010000,1.000000,792,1945912
2222,158,0.010000,1.000000,1264,1947176
2223,158,0.010000,1.000000,1264,1948440
2224,99,0.010000,1.000000,792,1949232
2225,157,0.010000,1.000000,1256,1950488
2226,99,0.010000,1.000000,792,1951280
2227,157,0.010000,1.000000,1256,1952536
2228,99,0.010000,1.000000,792,1953328
2229,99,0.010000,1.000000,792,1954120
2230,158,0.010000,1.000000,1264,1955384
2231,97,0.010000,1.000000,776,1956160
2232,157,0.010000,1.000000,1256,1957416
2233,142,0.010000,1.000000,1136,1958552
2234,158,0.010000,1.000000,1264,1959816
2235,156,0.010000,1.000000,1248,1961064
2236,99,0.010000,1.000000,792,1961856
2237,156,0.010000,1.000000,1248,1963104
2238,99,0.010000,1.000000,792,1963896
2239,99,0.010000,1.000000,792,1964688
2240,99,0.010000,1.000000,792,1965480
2241,97,0.010000,1.000000,776,1966256
2242,99,0.010000,1.000000,792,1967048
2243,99,0.010000,1.000000,792,1967840
2244,97,0.010000,1.000000,776,1968616
2245,99,0.010000,1.000000,792,1969408
2246,97,0.010000,1.000000,776,1970184
2247,97,0.010000,1.000000,776,1970960
2248,99,0.010000,1.000000,792,1971752
2249,99,0.010000,1.000000,792,1972544
2250,99,0.010000,1.000000,792,1973336
2251,99,0.010000,1.000000,792,1974128
2252,158,0.010000,1.000000,1264,1975392
2253,97,0.010000,1.000000,776,1976168
2254,99,0.010000,1.000000,792,1976960
2255,99,0.010000,1.000000,792,1977752
2256,99,0.010000,1.000000,792,1978544
2257,158,0.010000,1.000000,1264,1979808
2258,97,0.010000,1.000000,776,1980584
2259,155,0.010000,1.000000,1240,1981824
2260,99,0.010000,1.000000,792,1982616
2261,139,0.010000,1.000000,1112,1983728
2262,156,0.010000,1.000000,1248,1984976
2263,97,0.010000,1.000000,776,1985752
2264,158,0.010000,1.000000,1264,1987016
2265,99,0.010000,1.000000,792,1987808
2266,97,0.010000,1.000000,776,1988584
2267,99,0.010000,1.000000,792,1989376
2268,98,0.010000,1.000000,784,1990160
2269,99,0.010000,1.000000,792,1990952
2270,158,0.010000,1.000000,1264,1992216
2271,99,0.010000,1.000000,792,1993008
2272,97,0.010000,1.000000,776,1993784
2273,158,0.010000,1.000000,1264,1995048
2274,137,0.010000,1.000000,1096,1996144
2275,157,0.010000,1.000000,1256,1997400
2276,97,0.010000,1.000000,776,1998176
2277,99,0.010000,1.000000,792,1998968
2278,99,0.010000,1.000000,792,1999760
2279,158,0.010000,1.000000,1264,2001024
2280,158,0.010000,1.000000,1264,2002288
2281,156,0.010000,1.000000,1248,2003536
2282,99,0.010000,1.000000,792,2004328
2283,99,0.010000,1.000000,792,2005120
2284,158,0.010000,1.000000,1264,2006384
2285,97,0.010000,1.000000,776,2007160
2286,158,0.010000,1.000000,1264,2008424
2287,157,0.010000,1.000000,1256,2009680
2288,157,0.010000,1.000000,1256,2010936
2289,158,0.010000,1.000000,1264,2012200
2290,97,0.010000,1.000000,776,2012976
2291,158,0.010000,1.000000,1264,2014240
2292,99,0.010000,1.000000,792,2015032
2293,158,0.010000,1.000000,1264,2016296
2294,98,0.010000,1.000000,784,2017080
2295,158,0.010000,1.000000,1264,2018344
2296,96,0.010000,1.000000,768,2019112
2297,157,0.010000,1.000000,1256,2020368
2298,97,0.010000,1.000000,776,2021144
2299,157,0.010000,1.000000,1256,2022400
2300,158,0.010000,1.000000,1264,2023664
2301,97,0.010000,1.000000,776,2024440
2302,97,0.010000,1.000000,776,2025216
2303,97,0.010000,1.000000,776,2025992
2304,99,0.010000,1.000000,792,2026784
2305,99,0.010000,1.000000,792,2027576
2306,157,0.010000,1.000000,1256,2028832
2307,157,0.010000,1.000000,1256,2030088
2308,158,0.010000,1.000000,1264,2031352
2309,97,0.010000,1.000000,776,2032128
2310,115,0.010000,1.000000,920,2033048
2311,97,0.010000,1.000000,776,2033824
2312,99,0.010000,1.000000,792,2034616
2313,99,0.010000,1.000000,792,2035408
2314,99,0.010000,1.000000,792,2036200
2315,99,0.010000,1.000000,792,2036992
2316,157,0.010000,1.000000,1256,2038248
2317,99,0.010000,1.000000,792,2039040
2318,158,0.010000,1.000000,1264,2040304
2319,97,0.010000,1.000000,776,2041080
2320,99,0.010000,1.000000,792,2041872
2321,99,0.010000,1.000000,792,2042664
2322,157,0.010000,1.000000,1256,2043920
2323,158,0.010000,1.000000,1264,2045184
2324,99,0.010000,1.000000,792,2045976
2325,157,0.010000,1.000000,1256,2047232
2326,99,0.010000,1.000000,792,2048024
2327,99,0.010000,1.000000,792,2048816
2328,157,0.010000,1.000000,1256,2050072
2329,145,0.010000,1.000000,1160,2051232
2330,97,0.010000,1.000000,776,2052008
2331,157,0.010000,1.000000,1256,2053264
2332,97,0.010000,1.000000,776,2054040
2333,99,0.010000,1.000000,792,2054832
2334,97,0.010000,1.000000,776,2055608
2335,99,0.010000,1.000000,792,2056400
2336,97,0.010000,1.000000,776,2057176
2337,158,0.010000,1.000000,1264,2058440
2338,158,0.010000,1.000000,1264,2059704
2339,99,0.010000,1.000000,792,2060496
2340,99,0.010000,1.000000,792,2061288
2341,99,0.010000,1.000000,792,2062080
2342,99,0.010000,1.000000,792,2062872
2343,97,0.010000,1.000000,776,2063648
2344,158,0.010000,1.000000,1264,2064912
2345,99,0.010000,1.000000,792,2065704
2346,99,0.010000,1.000000,792,2066496
2347,99,0.010000,1.000000,792,2067288
2348,97,0.010000,1.000000,776,2068064
2349,158,0.010000,1.000000,1264,2069328
2350,97,0.010000,1.000000,776,2070104
2351,113,0.010000,1.000000,904,2071008
2352,158,0.010000,1.000000,1264,2072272
2353,99,0.010000,1.000000,792,2073064
2354,97,0.010000,1.000000,776,2073840
2355,98,0.010000,1.000000,784,2074624
2356,99,0.010000,1.000000,792,2075416
2357,99,0.010000,1.000000,792,2076208
2358,99,0.010000,1.000000,792,2077000
2359,97,0.010000,1.000000,776,2077776
2360,158,0.010000,1.000000,1264,2079040
2361,99,0.010000,1.000000,792,2079832
2362,97,0.010000,1.000000,776,2080608
2363,99,0.010000,1.000000,792,2081400
2364,99,0.010000,1.000000,792,2082192
2365,99,0.010000,1.000000,792,2082984
2366,99,0.010000,1.000000,792,2083776
2367,99,0.010000,1.000000,792,2084568
2368,97,0.010000,1.000000,776,2085344
2369,97,0.010000,1.000000,776,2086120
2370,158,0.010000,1.000000,1264,2087384
2371,157,0.010000,1.000000,1256,2088640
2372,99,0.010000,1.000000,792,2089432
2373,97,0.010000,1.000000,776,2090208
2374,157,0.010000,1.000000,1256,2091464
2375,99,0.010000,1.000000,792,2092256
2376,97,0.010000,1.000000,776,2093032
2377,97,0.010000,1.000000,776,2093808
2378,99,0.010000,1.000000,792,2094600
2379,158,0.010000,1.000000,1264,2095864
2380,99,0.010000,1.000000,792,2096656
2381,99,0.010000,1.000000,792,2097448
2382,99,0.010000,1.000000,792,2098240
2383,99,0.010000,1.000000,792,2099032
2384,99,0.010000,1.000000,792,2099824
2385,158,0.010000,1.000000,1264,2101088
2386,108,0.010000,1.000000,864,2101952
2387,157,0.010000,1.000000,1256,2103208
2388,158,0.010000,1.000000,1264,2104472
2389,97,0.010000,1.000000,776,2105248
2390,99,0.010000,1.000000,792,2106040
2391,99,0.010000,1.000000,792,2106832
2392,157,0.010000,1.000000,1256,2108088
2393,96,0.010000,1.000000,768,2108856
2394,99,0.010000,1.000000,792,2109648
2395,99,0.010000,1.000000,792,2110440
2396,99,0.010000,1.000000,792,2111232
2397,103,0.010000,1.000000,824,2112056
2398,99,0.010000,1.000000,792,2112848
2399,97,0.010000,1.000000,776,2113624
2400,157,0.010000,1.000000,1256,2114880
2401,157,0.010000,1.000000,1256,2116136
2402,99,0.010000,1.000000,792,2116928
2403,158,0.010000,1.000000,1264,2118192
2404,130,0.010000,1.000000,1040,2119232
2405,99,0.010000,1.000000,792,2120024
2406,97,0.010000,1.000000,776,2120800
2407,158,0.010000,1.000000,1264,2122064
2408,99,0.010000,1.000000,792,2122856
2409,157,0.010000,1.000000,1256,2124112
2410,156,0.010000,1.000000,1248,2125360
2411,158,0.010000,1.000000,1264,2126624
2412,158,0.010000,1.000000,1264,2127888
2413,99,0.010000,1.000000,792,2128680
2414,157,0.010000,1.000000,1256,2129936
2415,99,0.010000,1.000000,792,2130728
2416,157,0.010000,1.000000,1256,2131984
2417,97,0.010000,1.000000,776,2132760
2418,155,0.010000,1.000000,1240,2134000
2419,99,0.010000,1.000000,792,2134792
2420,99,0.010000,1.000000,792,2135584
2421,97,0.010000,1.000000,776,2136360
2422,97,0.010000,1.000000,776,2137136
2423,97,0.010000,1.000000,776,2137912
2424,158,0.010000,1.000000,1264,2139176
2425,97,0.010000,1.000000,776,2139952
2426,99,0.010000,1.000000,792,2140744
2427,157,0.010000,1.000000,1256,2142000
2428,99,0.010000,1.000000,792,2142792
2429,99,0.010000,1.000000,792,2143584
2430,99,0.010000,1.000000,792,2144376
2431,99,0.010000,1.000000,792,2145168
2432,97,0.010000,1.000000,776,2145944
2433,99,0.010000,1.000000,792,2146736
2434,99,0.010000,1.000000,792,2147528
2435,99,0.010000,1.000000,792,2148320
2436,158,0.010000,1.000000,1264,2149584
2437,158,0.010000,1.000000,1264,2150848
2438,99,0.010000,1.000000,792,2151640
2439,99,0.010000,1.000000,792,2152432
2440,99,0.010000,1.000000,792,2153224
2441,158,0.010000,1.000000,1264,2154488
2442,158,0.010000,1.000000,1264,2155752
2443,99,0.010000,1.000000,792,2156544
2444,99,0.010000,1.000000,792,2157336
2445,158,0.010000,1.000000,1264,2158600
2446,99,0.010000,1.000000,792,2159392
2447,99,0.010000,1.000000,792,2160184
2448,156,0.010000,1.000000,1248,2161432
2449,99,0.010000,1.000000,792,2162224
2450,158,0.010000,1.000000,1264,2163488
2451,99,0.010000,1.000000,792,2164280
2452,158,0.010000,1.000000,1264,2165544
2453,97,0.010000,1.000000,776,2166320
2454,99,0.010000,1.000000,792,2167112
2455,99,0.010000,1.000000,792,2167904
2456,97,0.010000,1.000000,776,2168680
2457,158,0.010000,1.000000,1264,2169944
2458,99,0.010000,1.000000,792,2170736
2459,99,0.010000,1.000000,792,2171528
2460,158,0.010000,1.000000,1264,2172792
2461,156,0.010000,1.000000,1248,2174040
2462,99,0.010000,1.000000,792,2174832
2463,99,0.010000,1.000000,792,2175624
2464,97,0.010000,1.000000,776,2176400
2465,99,0.010000,1.000000,792,2177192
2466,99,0.010000,1.000000,792,2177984
2467,152,0.010000,1.000000,1216,2179200
2468,99,0.010000,1.000000,792,2179992
2469,99,0.010000,1.000000,792,2180784
2470,99,0.010000,1.000000,792,2181576
2471,99,0.010000,1.000000,792,2182368
2472,99,0.010000,1.000000,792,2183160
2473,97,0.010000,1.000000,776,2183936
2474,158,0.010000,1.000000,1264,2185200
2475,157,0.010000,1.000000,1256,2186456
2476,99,0.010000,1.000000,792,2187248
2477,99,0.010000,1.000000,792,2188040
2478,99,0.010000,1.000000,792,2188832
2479,99,0.010000,1.000000,792,2189624
2480,158,0.010000,1.000000,1264,2190888
2481,157,0.010000,1.000000,1256,2192144
2482,99,0.010000,1.000000,792,2192936
2483,97,0.010000,1.000000,776,2193712
2484,99,0.010000,1.000000,792,2194504
2485,99,0.010000,1.000000,792,2195296
2486,97,0.010000,1.000000,776,2196072
2487,97,0.010000,1.000000,776,2196848
2488,97,0.010000,1.000000,776,2197624
2489,97,0.010000,1.000000,776,2198400
2490,99,0.010000,1.000000,792,2199192
2491,99,0.010000,1.000000,792,2199984
2492,99,0.010000,1.000000,792,2200776
2493,99,0.010000,1.000000,792,2201568
2494,99,0.010000,1.000000,792,2202360
2495,158,0.010000,1.000000,1264,2203624
2496,99,0.010000,1.000000,792,2204416
2497,99,0.010000,1.000000,792,2205208
2498,158,0.010000,1.000000,1264,2206472
2499,99,0.010000,1.000000,792,2207264
2500,99,0.010000,1.000000,792,2208056
2501,158,0.010000,1.000000,1264,2209320
2502,157,0.010000,1.000000,1256,2210576
2503,99,0.010000,1.000000,792,2211368
2504,99,0.010000,1.000000,792,2212160
2505,99,0.010000,1.000000,792,2212952
2506,99,0.010000,1.000000,792,2213744
2507,99,0.010000,1.000000,792,2214536
2508,99,0.010000,1.000000,792,2215328
2509,99,0.010000,1.000000,792,2216120
2510,99,0.010000,1.000000,792,2216912
2511,158,0.010000,1.000000,1264,2218176
2512,158,0.010000,1.000000,1264,2219440
2513,99,0.010000,1.000000,792,2220232
2514,158,0.010000,1.000000,1264,2221496
2515,97,0.010000,1.000000,776,2222272
2516,97,0.010000,1.000000,776,2223048
2517,99,0.010000,1.000000,792,2223840
2518,99,0.010000,1.000000,792,2224632
2519,158,0.010000,1.000000,1264,2225896
2520,99,0.010000,1.000000,792,2226688
2521,97,0.010000,1.000000,776,2227464
2522,99,0.010000,1.000000,792,2228256
2523,158,0.010000,1.000000,1264,2229520
2524,157,0.010000,1.000000,1256,2230776
2525,99,0.010000,1.000000,792,2231568
2526,99,0.010000,1.000000,792,2232360
2527,99,0.010000,1.000000,792,2233152
2528,157,0.010000,1.000000,1256,2234408
2529,99,0.010000,1.000000,792,2235200
2530,99,0.010000,1.000000,792,2235992
2531,99,0.010000,1.000000,792,2236784
2532,97,0.010000,1.000000,776,2237560
2533,99,0.010000,1.000000,792,2238352
2534,99,0.010000,1.000000,792,2239144
2535,147,0.010000,1.000000,1176,2240320
2536,99,0.010000,1.000000,792,2241112
2537,99,0.010000,1.000000,792,2241904
2538,157,0.010000,1.000000,1256,2243160
2539,99,0.010000,1.000000,792,2243952
2540,99,0.010000,1.000000,792,2244744
2541,99,0.010000,1.000000,792,2245536
2542,99,0.010000,1.000000,792,2246328
2543,99,0.010000,1.000000,792,2247120
2544,97,0.010000,1.000000,776,2247896
2545,99,0.010000,1.000000,792,2248688
2546,99,0.010000,1.000000,792,2249480
2547,99,0.010000,1.000000,792,2250272
2548,97,0.010000,1.000000,776,2251048
2549,99,0.010000,1.000000,792,2251840
2550,99,0.010000,1.000000,792,2252632
2551,158,0.010000,1.000000,1264,2253896
2552,99,0.010000,1.000000,792,2254688
2553,157,0.010000,1.000000,1256,2255944
2554,99,0.010000,1.000000,792,2256736
2555,97,0.010000,1.000000,776,2257512
2556,99,0.010000,1.000000,792,2258304
2557,99,0.010000,1.000000,792,2259096
2558,157,0.010000,1.000000,1256,2260352
2559,99,0.010000,1.000000,792,2261144
2560,99,0.010000,1.000000,792,2261936
2561,99,0.010000,1.000000,792,2262728
2562,99,0.010000,1.000000,792,2263520
2563,158,0.010000,1.000000,1264,2264784
2564,99,0.010000,1.000000,792,2265576
2565,99,0.010000,1.000000,792,2266368
2566,99,0.010000,1.000000,792,2267160
2567,99,0.010000,1.000000,792,2267952
2568,155,0.010000,1.000000,1240,2269192
2569,109,0.010000,1.000000,872,2270064
2570,99,0.010000,1.000000,792,2270856
2571,99,0.010000,1.000000,792,2271648
2572,97,0.010000,1.000000,776,2272424
2573,99,0.010000,1.000000,792,2273216
2574,99,0.010000,1.000000,792,2274008
2575,99,0.010000,1.000000,792,2274800
2576,99,0.010000,1.000000,792,2275592
2577,158,0.010000,1.000000,1264,2276856
2578,157,0.010000,1.000000,1256,2278112
2579,158,0.010000,1.000000,1264,2279376
2580,158,0.010000,1.000000,1264,2280640
2581,99,0.010000,1.000000,792,2281432
2582,158,0.010000,1.000000,1264,2282696
2583,99,0.010000,1.000000,792,2283488
2584,97,0.010000,1.000000,776,2284264
2585,99,0.010000,1.000000,792,2285056
2586,97,0.010000,1.000000,776,2285832
2587,158,0.010000,1.000000,1264,2287096
2588,99,0.010000,1.000000,792,2287888
2589,97,0.010000,1.000000,776,2288664
2590,99,0.010000,1.000000,792,2289456
2591,158,0.010000,1.000000,1264,2290720
2592,99,0.010000,1.000000,792,2291512
2593,99,0.010000,1.000000,792,2292304
2594,99,0.010000,1.000000,792,2293096
2595,99,0.010000,1.000000,792,2293888
2596,99,0.010000,1.000000,792,2294680
2597,99,0.010000,1.000000,792,2295472
2598,99,0.010000,1.000000,792,2296264
2599,97,0.010000,1.000000,776,2297040
2600,99,0.010000,1.000000,792,2297832
2601,99,0.010000,1.000000,792,2298624
2602,99,0.010000,1.000000,792,2299416
2603,99,0.010000,1.000000,792,2300208
2604,99,0.010000,1.000000,792,2301000
2605,99,0.010000,1.000000,792,2301792
2606,99,0.010000,1.000000,792,2302584
2607,99,0.010000,1.000000,792,2303376
2608,99,0.010000,1.000000,792,2304168
2609,158,0.010000,1.000000,1264,2305432
2610,99,0.010000,1.000000,792,2306224
2611,99,0.010000,1.000000,792,2307016
2612,99,0.010000,1.000000,792,2307808
2613,99,0.010000,1.000000,792,2308600
2614,99,0.010000,1.000000,792,2309392
2615,99,0.010000,1.000000,792,2310184
2616,97,0.010000,1.000000,776,2310960
2617,158,0.010000,1.000000,1264,2312224
2618,99,0.010000,1.000000,792,2313016
2619,99,0.010000,1.000000,792,2313808
2620,99,0.010000,1.000000,792,2314600
2621,158,0.010000,1.000000,1264,2315864
2622,99,0.010000,1.000000,792,2316656
2623,99,0.010000,1.000000,792,2317448
2624,99,0.010000,1.000000,792,2318240
2625,97,0.010000,1.000000,776,2319016
2626,99,0.010000,1.000000,792,2319808
2627,99,0.010000,1.000000,792,2320600
2628,99,0.010000,1.000000,792,2321392
2629,99,0.010000,1.000000,792,2322184
2630,99,0.010000,1.000000,792,2322976
2631,99,0.010000,1.000000,792,2323768
2632,99,0.010000,1.000000,792,2324560
2633,156,0.010000,1.000000,1248,2325808
2634,158,0.010000,1.000000,1264,2327072
2635,99,0.010000,1.000000,792,2327864
2636,99,0.010000,1.000000,792,2328656
2637,99,0.010000,1.000000,792,2329448
2638,99,0.010000,1.000000,792,2330240
2639,99,0.010000,1.000000,792,2331032
2640,99,0.010000,1.000000,792,2331824
2641,99,0.010000,1.000000,792,2332616
2642,99,0.010000,1.000000,792,2333408
2643,99,0.010000,1.000000,792,2334200
2644,99,0.010000,1.000000,792,2334992
2645,97,0.010000,1.000000,776,2335768
2646,99,0.010000,1.000000,792,2336560
2647,99,0.010000,1.000000,792,2337352
2648,99,0.010000,1.000000,792,2338144
2649,158,0.010000,1.000000,1264,2339408
2650,158,0.010000,1.000000,1264,2340672
2651,97,0.010000,1.000000,776,2341448
2652,97,0.010000,1.000000,776,2342224
2653,99,0.010000,1.000000,792,2343016
2654,158,0.010000,1.000000,1264,2344280
2655,99,0.010000,1.000000,792,2345072
2656,158,0.010000,1.000000,1264,2346336
2657,158,0.010000,1.000000,1264,2347600
2658,99,0.010000,1.000000,792,2348392
2659,156,0.010000,1.000000,1248,2349640
2660,99,0.010000,1.000000,792,2350432
2661,158,0.010000,1.000000,1264,2351696
2662,158,0.010000,1.000000,1264,2352960
2663,99,0.010000,1.000000,792,2353752
2664,99,0.010000,1.000000,792,2354544
2665,99,0.010000,1.000000,792,2355336
2666,97,0.010000,1.000000,776,2356112
2667,99,0.010000,1.000000,792,2356904
2668,99,0.010000,1.000000,792,2357696
2669,99,0.010000,1.000000,792,2358488
2670,124,0.010000,1.000000,992,2359480
2671,98,0.010000,1.000000,784,2360264
2672,99,0.010000,1.000000,792,2361056
2673,99,0.010000,1.000000,792,2361848
2674,99,0.010000,1.000000,792,2362640
2675,158,0.010000,1.000000,1264,2363904
2676,97,0.010000,1.000000,776,2364680
2677,99,0.010000,1.000000,792,2365472
2678,97,0.010000,1.000000,776,2366248
2679,157,0.010000,1.000000,1256,2367504
2680,97,0.010000,1.000000,776,2368280
2681,99,0.010000,1.000000,792,2369072
2682,97,0.010000,1.000000,776,2369848
2683,158,0.010000,1.000000,1264,2371112
2684,97,0.010000,1.000000,776,2371888
2685,158,0.010000,1.000000,1264,2373152
2686,97,0.010000,1.000000,776,2373928
2687,99,0.010000,1.000000,792,2374720
2688,158,0.010000,1.000000,1264,2375984
2689,158,0.010000,1.000000,1264,2377248
2690,121,0.010000,1.000000,968,2378216
2691,106,0.010000,1.000000,848,2379064
2692,99,0.010000,1.000000,792,2379856
2693,99,0.010000,1.000000,792,2380648
2694,97,0.010000,1.000000,776,2381424
2695,97,0.010000,1.000000,776,2382200
2696,158,0.010000,1.000000,1264,2383464
2697,158,0.010000,1.000000,1264,2384728
2698,99,0.010000,1.000000,792,2385520
2699,158,0.010000,1.000000,1264,2386784
2700,99,0.010000,1.000000,792,2387576
2701,99,0.010000,1.000000,792,2388368
2702,97,0.010000,1.000000,776,2389144
2703,158,0.010000,1.000000,1264,2390408
2704,97,0.010000,1.000000,776,2391184
2705,97,0.010000,1.000000,776,2391960
2706,99,0.010000,1.000000,792,2392752
2707,96,0.010000,1.000000,768,2393520
2708,157,0.010000,1.000000,1256,2394776
2709,99,0.010000,1.000000,792,2395568
2710,99,0.010000,1.000000,792,2396360
2711,99,0.010000,1.000000,792,2397152
2712,99,0.010000,1.000000,792,2397944
2713,99,0.010000,1.000000,792,2398736
2714,97,0.010000,1.000000,776,2399512
2715,158,0.010000,1.000000,1264,2400776
2716,158,0.010000,1.000000,1264,2402040
2717,99,0.010000,1.000000,792,2402832
2718,97,0.010000,1.000000,776,2403608
2719,97,0.010000,1.000000,776,2404384
2720,99,0.010000,1.000000,792,2405176
2721,158,0.010000,1.000000,1264,2406440
2722,158,0.010000,1.000000,1264,2407704
2723,99,0.010000,1.000000,792,2408496
2724,99,0.010000,1.000000,792,2409288
2725,97,0.010000,1.000000,776,2410064
2726,97,0.010000,1.000000,776,2410840
2727,130,0.010000,1.000000,1040,2411880
2728,158,0.010000,1.000000,1264,2413144
2729,158,0.010000,1.000000,1264,2414408
2730,156,0.010000,1.000000,1248,2415656
2731,157,0.010000,1.000000,1256,2416912
2732,97,0.010000,1.000000,776,2417688
2733,98,0.010000,1.000000,784,2418472
2734,97,0.010000,1.000000,776,2419248
2735,133,0.010000,1.000000,1064,2420312
2736,99,0.010000,1.000000,792,2421104
2737,158,0.010000,1.000000,1264,2422368
2738,99,0.010000,1.000000,792,2423160
2739,97,0.010000,1.000000,776,2423936
2740,99,0.010000,1.000000,792,2424728
2741,99,0.010000,1.000000,792,2425520
2742,99,0.010000,1.000000,792,2426312
2743,157,0.010000,1.000000,1256,2427568
2744,97,0.010000,1.000000,776,2428344
2745,97,0.010000,1.000000,776,2429120
2746,158,0.010000,1.000000,1264,2430384
2747,97,0.010000,1.000000,776,2431160
2748,97,0.010000,1.000000,776,2431936
2749,97,0.010000,1.000000,776,2432712
2750,97,0.010000,1.000000,776,2433488
2751,99,0.010000,1.000000,792,2434280
2752,158,0.010000,1.000000,1264,2435544
2753,97,0.010000,1.000000,776,2436320
2754,158,0.010000,1.000000,1264,2437584
2755,158,0.010000,1.000000,1264,2438848
2756,97,0.010000,1.000000,776,2439624
2757,99,0.010000,1.000000,792,2440416
2758,99,0.010000,1.000000,792,2441208
2759,96,0.010000,1.000000,768,2441976
2760,97,0.010000,1.000000,776,2442752
2761,99,0.010000,1.000000,792,2443544
2762,99,0.010000,1.000000,792,2444336
2763,99,0.010000,1.000000,792,2445128
2764,99,0.010000,1.000000,792,2445920
2765,97,0.010000,1.000000,776,2446696
2766,158,0.010000,1.000000,1264,2447960
2767,99,0.010000,1.000000,792,2448752
2768,158,0.010000,1.000000,1264,2450016
2769,99,0.010000,1.000000,792,2450808
2770,97,0.010000,1.000000,776,2451584
2771,99,0.010000,1.000000,792,2452376
2772,99,0.010000,1.000000,792,2453168
2773,97,0.010000,1.000000,776,2453944
2774,158,0.010000,1.000000,1264,2455208
2775,99,0.010000,1.000000,792,2456000
2776,157,0.010000,1.000000,1256,2457256
2777,158,0.010000,1.000000,1264,2458520
2778,99,0.010000,1.000000,792,2459312
2779,99,0.010000,1.000000,792,2460104
2780,99,0.010000,1.000000,792,2460896
2781,99,0.010000,1.000000,792,2461688
2782,99,0.010000,1.000000,792,2462480
2783,97,0.010000,1.000000,776,2463256
2784,151,0.010000,1.000000,1208,2464464
2785,157,0.010000,1.000000,1256,2465720
2786,158,0.010000,1.000000,1264,2466984
2787,158,0.010000,1.000000,1264,2468248
2788,99,0.010000,1.000000,792,2469040
2789,158,0.010000,1.000000,1264,2470304
2790,158,0.010000,1.000000,1264,2471568
2791,158,0.010000,1.000000,1264,2472832
2792,158,0.010000,1.000000,1264,2474096
2793,99,0.010000,1.000000,792,2474888
2794,99,0.010000,1.000000,792,2475680
2795,99,0.010000,1.000000,792,2476472
2796,99,0.010000,1.000000,792,2477264
2797,99,0.010000,1.000000,792,2478056
2798,158,0.010000,1.000000,1264,2479320
2799,158,0.010000,1.000000,1264,2480584
2800,99,0.010000,1.000000,792,2481376
2801,99,0.010000,1.000000,792,2482168
2802,158,0.010000,1.000000,1264,2483432
2803,97,0.010000,1.000000,776,2484208
2804,96,0.010000,1.000000,768,2484976
2805,99,0.010000,1.000000,792,2485768
2806,97,0.010000,1.000000,776,2486544
2807,114,0.010000,1.000000,912,2487456
2808,99,0.010000,1.000000,792,2488248
2809,99,0.010000,1.000000,792,2489040
2810,158,0.010000,1.000000,1264,2490304
2811,158,0.010000,1.000000,1264,2491568
2812,99,0.010000,1.000000,792,2492360
2813,158,0.010000,1.000000,1264,2493624
2814,158,0.010000,1.000000,1264,2494888
2815,156,0.010000,1.000000,1248,2496136
2816,99,0.010000,1.000000,792,2496928
2817,99,0.010000,1.000000,792,2497720
2818,99,0.010000,1.000000,792,2498512
2819,99,0.010000,1.000000,792,2499304
2820,99,0.010000,1.000000,792,2500096
2821,157,0.010000,1.000000,1256,2501352
2822,99,0.010000,1.000000,792,2502144
2823,99,0.010000,1.000000,792,2502936
2824,99,0.010000,1.000000,792,2503728
2825,139,0.010000,1.000000,1112,2504840
2826,99,0.010000,1.000000,792,2505632
2827,97,0.010000,1.000000,776,2506408
2828,97,0.010000,1.000000,776,2507184
2829,99,0.010000,1.000000,792,2507976
2830,99,0.010000,1.000000,792,2508768
2831,99,0.010000,1.000000,792,2509560
2832,157,0.010000,1.000000,1256,2510816
2833,97,0.010000,1.000000,776,2511592
2834,158,0.010000,1.000000,1264,2512856
2835,158,0.010000,1.000000,1264,2514120
2836,99,0.010000,1.000000,792,2514912
2837,97,0.010000,1.000000,776,2515688
2838,99,0.010000,1.000000,792,2516480
2839,158,0.010000,1.000000,1264,2517744
2840,126,0.010000,1.000000,1008,2518752
2841,158,0.010000,1.000000,1264,2520016
2842,99,0.010000,1.000000,792,2520808
2843,158,0.010000,1.000000,1264,2522072
2844,99,0.010000,1.000000,792,2522864
2845,97,0.010000,1.000000,776,2523640
2846,156,0.010000,1.000000,1248,2524888
2847,158,0.010000,1.000000,1264,2526152
2848,157,0.010000,1.000000,1256,2527408
2849,99,0.010000,1.000000,792,2528200
2850,158,0.010000,1.000000,1264,2529464
2851,99,0.010000,1.000000,792,2530256
2852,98,0.010000,1.000000,784,2531040
2853,99,0.010000,1.000000,792,2531832
2854,99,0.010000,1.000000,792,2532624
2855,158,0.010000,1.000000,1264,2533888
2856,157,0.010000,1.000000,1256,2535144
2857,158,0.010000,1.000000,1264,2536408
2858,99,0.010000,1.000000,792,2537200
2859,106,0.010000,1.000000,848,2538048
2860,98,0.010000,1.000000,784,2538832
2861,99,0.010000,1.000000,792,2539624
2862,99,0.010000,1.000000,792,2540416
2863,99,0.010000,1.000000,792,2541208
2864,113,0.010000,1.000000,904,2542112
2865,99,0.010000,1.000000,792,2542904
2866,99,0.010000,1.000000,792,2543696
2867,158,0.010000,1.000000,1264,2544960
2868,99,0.010000,1.000000,792,2545752
2869,99,0.010000,1.000000,792,2546544
2870,99,0.010000,1.000000,792,2547336
2871,158,0.010000,1.000000,1264,2548600
2872,99,0.010000,1.000000,792,2549392
2873,99,0.010000,1.000000,792,2550184
2874,99,0.010000,1.000000,792,2550976
2875,158,0.010000,1.000000,1264,2552240
2876,99,0.010000,1.000000,792,2553032
2877,97,0.010000,1.000000,776,2553808
2878,97,0.010000,1.000000,776,2554584
2879,158,0.010000,1.000000,1264,2555848
2880,99,0.010000,1.000000,792,2556640
2881,99,0.010000,1.000000,792,2557432
2882,99,0.010000,1.000000,792,2558224
2883,99,0.010000,1.000000,792,2559016
2884,158,0.010000,1.000000,1264,2560280
2885,158,0.010000,1.000000,1264,2561544
2886,99,0.010000,1.000000,792,2562336
2887,158,0.010000,1.000000,1264,2563600
2888,99,0.010000,1.000000,792,2564392
2889,158,0.010000,1.000000,1264,2565656
2890,119,0.010000,1.000000,952,2566608
2891,99,0.010000,1.000000,792,2567400
2892,99,0.010000,1.000000,792,2568192
2893,97,0.010000,1.000000,776,2568968
2894,158,0.010000,1.000000,1264,2570232
2895,99,0.010000,1.000000,792,2571024
2896,99,0.010000,1.000000,792,2571816
2897,99,0.010000,1.000000,792,2572608
2898,99,0.010000,1.000000,792,2573400
2899,97,0.010000,1.000000,776,2574176
2900,99,0.010000,1.000000,792,2574968
2901,99,0.010000,1.000000,792,2575760
2902,96,0.010000,1.000000,768,2576528
2903,99,0.010000,1.000000,792,2577320
2904,99,0.010000,1.000000,792,2578112
2905,97,0.010000,1.000000,776,2578888
2906,99,0.010000,1.000000,792,2579680
2907,99,0.010000,1.000000,792,2580472
2908,158,0.010000,1.000000,1264,2581736
2909,97,0.010000,1.000000,776,2582512
2910,99,0.010000,1.000000,792,2583304
2911,99,0.010000,1.000000,792,2584096
2912,99,0.010000,1.000000,792,2584888
2913,99,0.010000,1.000000,792,2585680
2914,99,0.010000,1.000000,792,2586472
2915,99,0.010000,1.000000,792,2587264
2916,158,0.010000,1.000000,1264,2588528
2917,99,0.010000,1.000000,792,2589320
2918,99,0.010000,1.000000,792,2590112
2919,99,0.010000,1.000000,792,2590904
2920,99,0.010000,1.000000,792,2591696
2921,99,0.010000,1.000000,792,2592488
2922,99,0.010000,1.000000,792,2593280
2923,99,0.010000,1.000000,792,2594072
2924,158,0.010000,1.000000,1264,2595336
2925,96,0.010000,1.000000,768,2596104
2926,99,0.010000,1.000000,792,2596896
2927,158,0.010000,1.000000,1264,2598160
2928,99,0.010000,1.000000,792,2598952
2929,99,0.010000,1.000000,792,2599744
2930,158,0.010000,1.000000,1264,2601008
2931,99,0.010000,1.000000,792,2601800
2932,99,0.010000,1.000000,792,2602592
2933,99,0.010000,1.000000,792,2603384
2934,157,0.010000,1.000000,1256,2604640
2935,99,0.010000,1.000000,792,2605432
2936,97,0.010000,1.000000,776,2606208
2937,99,0.010000,1.000000,792,2607000
2938,157,0.010000,1.000000,1256,2608256
2939,156,0.010000,1.000000,1248,2609504
2940,122,0.010000,1.000000,976,2610480
2941,99,0.010000,1.000000,792,2611272
2942,158,0.010000,1.000000,1264,2612536
2943,99,0.010000,1.000000,792,2613328
2944,99,0.010000,1.000000,792,2614120
2945,99,0.010000,1.000000,792,2614912
2946,99,0.010000,1.000000,792,2615704
2947,99,0.010000,1.000000,792,2616496
2948,99,0.010000,1.000000,792,2617288
2949,99,0.010000,1.000000,792,2618080
2950,157,0.010000,1.000000,1256,2619336
2951,99,0.010000,1.000000,792,2620128
2952,97,0.010000,1.000000,776,2620904
2953,99,0.010000,1.000000,792,2621696
2954,158,0.010000,1.000000,1264,2622960
2955,99,0.010000,1.000000,792,2623752
2956,99,0.010000,1.000000,792,2624544
2957,97,0.010000,1.000000,776,2625320
2958,158,0.010000,1.000000,1264,2626584
2959,99,0.010000,1.000000,792,2627376
2960,157,0.010000,1.000000,1256,2628632
2961,99,0.010000,1.000000,792,2629424
2962,99,0.010000,1.000000,792,2630216
2963,99,0.010000,1.000000,792,2631008
2964,158,0.010000,1.000000,1264,2632272
2965,99,0.010000,1.000000,792,2633064
2966,99,0.010000,1.000000,792,2633856
2967,99,0.010000,1.000000,792,2634648
2968,158,0.010000,1.000000,1264,2635912
2969,99,0.010000,1.000000,792,2636704
2970,99,0.010000,1.000000,792,2637496
2971,107,0.010000,1.000000,856,2638352
2972,99,0.010000,1.000000,792,2639144
2973,99,0.010000,1.000000,792,2639936
2974,99,0.010000,1.000000,792,2640728
2975,99,0.010000,1.000000,792,2641520
2976,99,0.010000,1.000000,792,2642312
2977,99,0.010000,1.000000,792,2643104
2978,99,0.010000,1.000000,792,2643896
2979,99,0.010000,1.000000,792,2644688
2980,98,0.010000,1.000000,784,2645472
2981,158,0.010000,1.000000,1264,2646736
2982,99,0.010000,1.000000,792,2647528
2983,99,0.010000,1.000000,792,2648320
2984,99,0.010000,1.000000,792,2649112
2985,99,0.010000,1.000000,792,2649904
2986,99,0.010000,1.000000,792,2650696
2987,99,0.010000,1.000000,792,2651488
2988,158,0.010000,1.000000,1264,2652752
2989,97,0.010000,1.000000,776,2653528
2990,99,0.010000,1.000000,792,2654320
2991,99,0.010000,1.000000,792,2655112
2992,156,0.010000,1.000000,1248,2656360
2993,99,0.010000,1.000000,792,2657152
2994,99,0.010000,1.000000,792,2657944
2995,99,0.010000,1.000000,792,2658736
2996,99,0.010000,1.000000,792,2659528
2997,156,0.010000,1.000000,1248,2660776
2998,158,0.010000,1.000000,1264,2662040
2999,99,0.010000,1.000000,792,2662832
3000,99,0.010000,1.000000,792,2663624
3001,99,0.010000,1.000000,792,2664416
3002,99,0.010000,1.000000,792,2665208
3003,99,0.010000,1.000000,792,2666000
3004,99,0.010000,1.000000,792,2666792
3005,99,0.010000,1.000000,792,2667584
3006,99,0.010000,1.000000,792,2668376
3007,158,0.010000,1.000000,1264,2669640
3008,117,0.010000,1.000000,936,2670576
3009,99,0.010000,1.000000,792,2671368
3010,156,0.010000,1.000000,1248,2672616
3011,99,0.010000,1.000000,792,2673408
3012,99,0.010000,1.000000,792,2674200
3013,99,0.010000,1.000000,792,2674992
3014,99,0.010000,1.000000,792,2675784
3015,158,0.010000,1.000000,1264,2677048
3016,99,0.010000,1.000000,792,2677840
3017,99,0.010000,1.000000,792,2678632
3018,99,0.010000,1.000000,792,2679424
3019,99,0.010000,1.000000,792,2680216
3020,97,0.010000,1.000000,776,2680992
3021,99,0.010000,1.000000,792,2681784
3022,157,0.010000,1.000000,1256,2683040
3023,99,0.010000,1.000000,792,2683832
3024,99,0.010000,1.000000,792,2684624
3025,99,0.010000,1.000000,792,2685416
3026,99,0.010000,1.000000,792,2686208
3027,158,0.010000,1.000000,1264,2687472
3028,99,0.010000,1.000000,792,2688264
3029,99,0.010000,1.000000,792,2689056
3030,99,0.010000,1.000000,792,2689848
3031,154,0.010000,1.000000,1232,2691080
3032,158,0.010000,1.000000,1264,2692344
3033,99,0.010000,1.000000,792,2693136
3034,99,0.010000,1.000000,792,2693928
3035,155,0.010000,1.000000,1240,2695168
3036,99,0.010000,1.000000,792,2695960
3037,99,0.010000,1.000000,792,2696752
3038,156,0.010000,1.000000,1248,2698000
3039,99,0.010000,1.000000,792,2698792
3040,145,0.010000,1.000000,1160,2699952
3041,99,0.010000,1.000000,792,2700744
3042,99,0.010000,1.000000,792,2701536
3043,97,0.010000,1.000000,776,2702312
3044,99,0.010000,1.000000,792,2703104
3045,99,0.010000,1.000000,792,2703896
3046,99,0.010000,1.000000,792,2704688
3047,99,0.010000,1.000000,792,2705480
3048,99,0.010000,1.000000,792,2706272
3049,99,0.010000,1.000000,792,2707064
3050,99,0.010000,1.000000,792,2707856
3051,99,0.010000,1.000000,792,2708648
3052,99,0.010000,1.000000,792,2709440
3053,119,0.010000,1.000000,952,2710392
3054,99,0.010000,1.000000,792,2711184
3055,99,0.010000,1.000000,792,2711976
3056,99,0.010000,1.000000,792,2712768
3057,99,0.010000,1.000000,792,2713560
3058,99,0.010000,1.000000,792,2714352
3059,99,0.010000,1.000000,792,2715144
3060,99,0.010000,1.000000,792,2715936
3061,99,0.010000,1.000000,792,2716728
3062,99,0.010000,1.000000,792,2717520
3063,157,0.010000,1.000000,1256,2718776
3064,158,0.010000,1.000000,1264,2720040
3065,100,0.010000,1.000000,800,2720840
3066,99,0.010000,1.000000,792,2721632
3067,158,0.010000,1.000000,1264,2722896
3068,99,0.010000,1.000000,792,2723688
3069,113,0.010000,1.000000,904,2724592
3070,99,0.010000,1.000000,792,2725384
3071,99,0.010000,1.000000,792,2726176
3072,99,0.010000,1.000000,792,2726968
3073,99,0.010000,1.000000,792,2727760
3074,99,0.010000,1.000000,792,2728552
3075,99,0.010000,1.000000,792,2729344
3076,99,0.010000,1.000000,792,2730136
3077,99,0.010000,1.000000,792,2730928
3078,158,0.010000,1.000000,1264,2732192
3079,99,0.010000,1.000000,792,2732984
3080,99,0.010000,1.000000,792,2733776
3081,99,0.010000,1.000000,792,2734568
3082,158,0.010000,1.000000,1264,2735832
3083,99,0.010000,1.000000,792,2736624
3084,99,0.010000,1.000000,792,2737416
3085,158,0.010000,1.000000,1264,2738680
3086,99,0.010000,1.000000,792,2739472
3087,99,0.010000,1.000000,792,2740264
3088,158,0.010000,1.000000,1264,2741528
3089,99,0.010000,1.000000,792,2742320
3090,99,0.010000,1.000000,792,2743112
3091,99,0.010000,1.000000,792,2743904
3092,99,0.010000,1.000000,792,2744696
3093,99,0.010000,1.000000,792,2745488
3094,99,0.010000,1.000000,792,2746280
3095,99,0.010000,1.000000,792,2747072
3096,99,0.010000,1.000000,792,2747864
3097,99,0.010000,1.000000,792,2748656
3098,99,0.010000,1.000000,792,2749448
3099,99,0.010000,1.000000,792,2750240
3100,99,0.010000,1.000000,792,2751032
3101,99,0.010000,1.000000,792,2751824
3102,99,0.010000,1.000000,792,2752616
3103,99,0.010000,1.000000,792,2753408
3104,99,0.010000,1.000000,792,2754200
3105,99,0.010000,1.000000,792,2754992
3106,157,0.010000,1.000000,1256,2756248
3107,99,0.010000,1.000000,792,2757040
3108,99,0.010000,1.000000,792,2757832
3109,99,0.010000,1.000000,792,2758624
3110,99,0.010000,1.000000,792,2759416
3111,99,0.010000,1.000000,792,2760208
3112,158,0.010000,1.000000,1264,2761472
3113,157,0.010000,1.000000,1256,2762728
3114,99,0.010000,1.000000,792,2763520
3115,99,0.010000,1.000000,792,2764312
3116,99,0.010000,1.000000,792,2765104
3117,99,0.010000,1.000000,792,2765896
3118,99,0.010000,1.000000,792,2766688
3119,99,0.010000,1.000000,792,2767480
3120,99,0.010000,1.000000,792,2768272
3121,157,0.010000,1.000000,1256,2769528
3122,99,0.010000,1.000000,792,2770320
3123,157,0.010000,1.000000,1256,2771576
3124,97,0.010000,1.000000,776,2772352
3125,99,0.010000,1.000000,792,2773144
3126,99,0.010000,1.000000,792,2773936
3127,99,0.010000,1.000000,792,2774728
3128,99,0.010000,1.000000,792,2775520
3129,158,0.010000,1.000000,1264,2776784
3130,106,0.010000,1.000000,848,2777632
3131,99,0.010000,1.000000,792,2778424
3132,158,0.010000,1.000000,1264,2779688
3133,99,0.010000,1.000000,792,2780480
3134,99,0.010000,1.000000,792,2781272
3135,99,0.010000,1.000000,792,2782064
3136,99,0.010000,1.000000,792,2782856
3137,99,0.010000,1.000000,792,2783648
3138,99,0.010000,1.000000,792,2784440
3139,129,0.010000,1.000000,1032,2785472
3140,99,0.010000,1.000000,792,2786264
3141,99,0.010000,1.000000,792,2787056
3142,99,0.010000,1.000000,792,2787848
3143,99,0.010000,1.000000,792,2788640
3144,108,0.010000,1.000000,864,2789504
3145,99,0.010000,1.000000,792,2790296
3146,99,0.010000,1.000000,792,2791088
3147,99,0.010000,1.000000,792,2791880
3148,99,0.010000,1.000000,792,2792672
3149,99,0.010000,1.000000,792,2793464
3150,99,0.010000,1.000000,792,2794256
3151,99,0.010000,1.000000,792,2795048
3152,98,0.010000,1.000000,784,2795832
3153,99,0.010000,1.000000,792,2796624
3154,99,0.010000,1.000000,792,2797416
3155,99,0.010000,1.000000,792,2798208
3156,155,0.010000,1.000000,1240,2799448
3157,99,0.010000,1.000000,792,2800240
3158,99,0.010000,1.000000,792,2801032
3159,99,0.010000,1.000000,792,2801824
3160,155,0.010000,1.000000,1240,2803064
3161,99,0.010000,1.000000,792,2803856
3162,99,0.010000,1.000000,792,2804648
3163,99,0.010000,1.000000,792,2805440
3164,99,0.010000,1.000000,792,2806232
3165,157,0.010000,1.000000,1256,2807488
3166,99,0.010000,1.000000,792,2808280
3167,99,0.010000,1.000000,792,2809072
3168,99,0.010000,1.000000,792,2809864
3169,99,0.010000,1.000000,792,2810656
3170,99,0.010000,1.000000,792,2811448
3171,99,0.010000,1.000000,792,2812240
3172,99,0.010000,1.000000,792,2813032
3173,99,0.010000,1.000000,792,2813824
3174,99,0.010000,1.000000,792,2814616
3175,158,0.010000,1.000000,1264,2815880
3176,158,0.010000,1.000000,1264,2817144
3177,99,0.010000,1.000000,792,2817936
3178,99,0.010000,1.000000,792,2818728
3179,99,0.010000,1.000000,792,2819520
3180,158,0.010000,1.000000,1264,2820784
3181,99,0.010000,1.000000,792,2821576
3182,99,0.010000,1.000000,792,2822368
3183,99,0.010000,1.000000,792,2823160
3184,99,0.010000,1.000000,792,2823952
3185,99,0.010000,1.000000,792,2824744
3186,99,0.010000,1.000000,792,2825536
3187,99,0.010000,1.000000,792,2826328
3188,99,0.010000,1.000000,792,2827120
3189,99,0.010000,1.000000,792,2827912
3190,158,0.010000,1.000000,1264,2829176
3191,99,0.010000,1.000000,792,2829968
3192,99,0.010000,1.000000,792,2830760
3193,99,0.010000,1.000000,792,2831552
3194,97,0.010000,1.000000,776,2832328
3195,133,0.010000,1.000000,1064,2833392
3196,99,0.010000,1.000000,792,2834184
3197,99,0.010000,1.000000,792,2834976
3198,99,0.010000,1.000000,792,2835768
3199,99,0.010000,1.000000,792,2836560
3200,99,0.010000,1.000000,792,2837352
3201,158,0.010000,1.000000,1264,2838616
3202,99,0.010000,1.000000,792,2839408
3203,99,0.010000,1.000000,792,2840200
3204,99,0.010000,1.000000,792,2840992
3205,99,0.010000,1.000000,792,2841784
3206,158,0.010000,1.000000,1264,2843048
3207,97,0.010000,1.000000,776,2843824
3208,99,0.010000,1.000000,792,2844616
3209,99,0.010000,1.000000,792,2845408
3210,99,0.010000,1.000000,792,2846200
3211,99,0.010000,1.000000,792,2846992
3212,99,0.010000,1.000000,792,2847784
3213,98,0.010000,1.000000,784,2848568
3214,99,0.010000,1.000000,792,2849360
3215,99,0.010000,1.000000,792,2850152
3216,158,0.010000,1.000000,1264,2851416
3217,99,0.010000,1.000000,792,2852208
3218,158,0.010000,1.000000,1264,2853472
3219,99,0.010000,1.000000,792,2854264
3220,99,0.010000,1.000000,792,2855056
3221,157,0.010000,1.000000,1256,2856312
3222,99,0.010000,1.000000,792,2857104
3223,99,0.010000,1.000000,792,2857896
3224,99,0.010000,1.000000,792,2858688
3225,99,0.010000,1.000000,792,2859480
3226,99,0.010000,1.000000,792,2860272
3227,99,0.010000,1.000000,792,2861064
3228,99,0.010000,1.000000,792,2861856
3229,99,0.010000,1.000000,792,2862648
3230,158,0.010000,1.000000,1264,2863912
3231,158,0.010000,1.000000,1264,2865176
3232,157,0.010000,1.000000,1256,2866432
3233,99,0.010000,1.000000,792,2867224
3234,99,0.010000,1.000000,792,2868016
3235,99,0.010000,1.000000,792,2868808
3236,99,0.010000,1.000000,792,2869600
3237,99,0.010000,1.000000,792,2870392
3238,99,0.010000,1.000000,792,2871184
3239,99,0.010000,1.000000,792,2871976
3240,99,0.010000,1.000000,792,2872768
3241,99,0.010000,1.000000,792,2873560
3242,145,0.010000,1.000000,1160,2874720
3243,99,0.010000,1.000000,792,2875512
3244,99,0.010000,1.000000,792,2876304
3245,158,0.010000,1.000000,1264,2877568
3246,99,0.010000,1.000000,792,2878360
3247,157,0.010000,1.000000,1256,2879616
3248,99,0.010000,1.000000,792,2880408
3249,99,0.010000,1.000000,792,2881200
3250,99,0.010000,1.000000,792,2881992
3251,99,0.010000,1.000000,792,2882784
3252,99,0.010000,1.000000,792,2883576
3253,99,0.010000,1.000000,792,2884368
3254,99,0.010000,1.000000,792,2885160
3255,99,0.010000,1.000000,792,2885952
3256,99,0.010000,1.000000,792,2886744
3257,99,0.010000,1.000000,792,2887536
3258,99,0.010000,1.000000,792,2888328
3259,99,0.010000,1.000000,792,2889120
3260,116,0.010000,1.000000,928,2890048
3261,158,0.010000,1.000000,1264,2891312
3262,99,0.010000,1.000000,792,2892104
3263,99,0.010000,1.000000,792,2892896
3264,99,0.010000,1.000000,792,2893688
3265,99,0.010000,1.000000,792,2894480
3266,99,0.010000,1.000000,792,2895272
3267,158,0.010000,1.000000,1264,2896536
3268,158,0.010000,1.000000,1264,2897800
3269,158,0.010000,1.000000,1264,2899064
3270,109,0.010000,1.000000,872,2899936
3271,99,0.010000,1.000000,792,2900728
3272,99,0.010000,1.000000,792,2901520
3273,99,0.010000,1.000000,792,2902312
3274,99,0.010000,1.000000,792,2903104
3275,99,0.010000,1.000000,792,2903896
3276,99,0.010000,1.000000,792,2904688
3277,144,0.010000,1.000000,1152,2905840
3278,99,0.010000,1.000000,792,2906632
3279,99,0.010000,1.000000,792,2907424
3280,99,0.010000,1.000000,792,2908216
3281,99,0.010000,1.000000,792,2909008
3282,99,0.010000,1.000000,792,2909800
3283,158,0.010000,1.000000,1264,2911064
3284,99,0.010000,1.000000,792,2911856
3285,99,0.010000,1.000000,792,2912648
3286,99,0.010000,1.000000,792,2913440
3287,155,0.010000,1.000000,1240,2914680
3288,99,0.010000,1.000000,792,2915472
3289,99,0.010000,1.000000,792,2916264
3290,99,0.010000,1.000000,792,2917056
3291,99,0.010000,1.000000,792,2917848
3292,99,0.010000,1.000000,792,2918640
3293,125,0.010000,1.000000,1000,2919640
3294,99,0.010000,1.000000,792,2920432
3295,99,0.010000,1.000000,792,2921224
3296,99,0.010000,1.000000,792,2922016
3297,99,0.010000,1.000000,792,2922808
3298,99,0.010000,1.000000,792,2923600
3299,99,0.010000,1.000000,792,2924392
3300,158,0.010000,1.000000,1264,2925656
3301,99,0.010000,1.000000,792,2926448
3302,140,0.010000,1.000000,1120,2927568
3303,99,0.010000,1.000000,792,2928360
3304,99,0.010000,1.000000,792,2929152
3305,99,0.010000,1.000000,792,2929944
3306,99,0.010000,1.000000,792,2930736
3307,99,0.010000,1.000000,792,2931528
3308,99,0.010000,1.000000,792,2932320
3309,99,0.010000,1.000000,792,2933112
3310,99,0.010000,1.000000,792,2933904
3311,158,0.010000,1.000000,1264,2935168
3312,99,0.010000,1.000000,792,2935960
3313,97,0.010000,1.000000,776,2936736
3314,99,0.010000,1.000000,792,2937528
3315,158,0.010000,1.000000,1264,2938792
3316,157,0.010000,1.000000,1256,2940048
3317,99,0.010000,1.000000,792,2940840
3318,99,0.010000,1.000000,792,2941632
3319,99,0.010000,1.000000,792,2942424
3320,99,0.010000,1.000000,792,2943216
3321,99,0.010000,1.000000,792,2944008
3322,156,0.010000,1.000000,1248,2945256
3323,99,0.010000,1.000000,792,2946048
3324,99,0.010000,1.000000,792,2946840
3325,99,0.010000,1.000000,792,2947632
3326,99,0.010000,1.000000,792,2948424
3327,99,0.010000,1.000000,792,2949216
3328,99,0.010000,1.000000,792,2950008
3329,99,0.010000,1.000000,792,2950800
3330,99,0.010000,1.000000,792,2951592
3331,99,0.010000,1.000000,792,2952384
3332,99,0.010000,1.000000,792,2953176
3333,99,0.010000,1.000000,792,2953968
3334,99,0.010000,1.000000,792,2954760
3335,99,0.010000,1.000000,792,2955552
3336,151,0.010000,1.000000,1208,2956760
3337,99,0.010000,1.000000,792,2957552
3338,99,0.010000,1.000000,792,2958344
3339,99,0.010000,1.000000,792,2959136
3340,99,0.010000,1.000000,792,2959928
3341,99,0.010000,1.000000,792,2960720
3342,99,0.010000,1.000000,792,2961512
3343,99,0.010000,1.000000,792,2962304
3344,99,0.010000,1.000000,792,2963096
3345,99,0.010000,1.000000,792,2963888
3346,99,0.010000,1.000000,792,2964680
3347,158,0.010000,1.000000,1264,2965944
3348,99,0.010000,1.000000,792,2966736
3349,99,0.010000,1.000000,792,2967528
3350,99,0.010000,1.000000,792,2968320
3351,99,0.010000,1.000000,792,2969112
3352,157,0.010000,1.000000,1256,2970368
3353,99,0.010000,1.000000,792,2971160
3354,99,0.010000,1.000000,792,2971952
3355,99,0.010000,1.000000,792,2972744
3356,157,0.010000,1.000000,1256,2974000
3357,99,0.010000,1.000000,792,2974792
3358,99,0.010000,1.000000,792,2975584
3359,99,0.010000,1.000000,792,2976376
3360,99,0.010000,1.000000,792,2977168
3361,99,0.010000,1.000000,792,2977960
3362,99,0.010000,1.000000,792,2978752
3363,99,0.010000,1.000000,792,2979544
3364,99,0.010000,1.000000,792,2980336
3365,99,0.010000,1.000000,792,2981128
3366,99,0.010000,1.000000,792,2981920
3367,99,0.010000,1.000000,792,2982712
3368,99,0.010000,1.000000,792,2983504
3369,99,0.010000,1.000000,792,2984296
3370,98,0.010000,1.000000,784,2985080
3371,99,0.010000,1.000000,792,2985872
3372,99,0.010000,1.000000,792,2986664
3373,99,0.010000,1.000000,792,2987456
3374,99,0.010000,1.000000,792,2988248
3375,99,0.010000,1.000000,792,2989040
3376,99,0.010000,1.000000,792,2989832
3377,99,0.010000,1.000000,792,2990624
3378,99,0.010000,1.000000,792,2991416
3379,99,0.010000,1.000000,792,2992208
3380,99,0.010000,1.000000,792,2993000
3381,99,0.010000,1.000000,792,2993792
3382,99,0.010000,1.000000,792,2994584
3383,99,0.010000,1.000000,792,2995376
3384,99,0.010000,1.000000,792,2996168
3385,99,0.010000,1.000000,792,2996960
3386,99,0.010000,1.000000,792,2997752
3387,99,0.010000,1.000000,792,2998544
3388,99,0.010000,1.000000,792,2999336
3389,158,0.010000,1.000000,1264,3000600
3390,99,0.010000,1.000000,792,3001392
3391,99,0.010000,1.000000,792,3002184
3392,99,0.010000,1.000000,792,3002976
3393,99,0.010000,1.000000,792,3003768
3394,99,0.010000,1.000000,792,3004560
3395,99,0.010000,1.000000,792,3005352
3396,158,0.010000,1.000000,1264,3006616
3397,99,0.010000,1.000000,792,3007408
3398,158,0.010000,1.000000,1264,3008672
3399,99,0.010000,1.000000,792,3009464
3400,158,0.010000,1.000000,1264,3010728
3401,99,0.010000,1.000000,792,3011520
3402,158,0.010000,1.000000,1264,3012784
3403,99,0.010000,1.000000,792,3013576
3404,99,0.010000,1.000000,792,3014368
3405,99,0.010000,1.000000,792,3015160
3406,99,0.010000,1.000000,792,3015952
3407,99,0.010000,1.000000,792,3016744
3408,99,0.010000,1.000000,792,3017536
3409,99,0.010000,1.000000,792,3018328
3410,99,0.010000,1.000000,792,3019120
3411,99,0.010000,1.000000,792,3019912
3412,99,0.010000,1.000000,792,3020704
3413,99,0.010000,1.000000,792,3021496
3414,158,0.010000,1.000000,1264,3022760
3415,99,0.010000,1.000000,792,3023552
3416,99,0.010000,1.000000,792,3024344
3417,99,0.010000,1.000000,792,3025136
3418,99,0.010000,1.000000,792,3025928
3419,144,0.010000,1.000000,1152,3027080
3420,99,0.010000,1.000000,792,3027872
3421,99,0.010000,1.000000,792,3028664
3422,99,0.010000,1.000000,792,3029456
3423,99,0.010000,1.000000,792,3030248
3424,99,0.010000,1.000000,792,3031040
3425,99,0.010000,1.000000,792,3031832
3426,99,0.010000,1.000000,792,3032624
3427,99,0.010000,1.000000,792,3033416
3428,99,0.010000,1.000000,792,3034208
3429,99,0.010000,1.000000,792,3035000
3430,99,0.010000,1.000000,792,3035792
3431,99,0.010000,1.000000,792,3036584
3432,99,0.010000,1.000000,792,3037376
3433,158,0.010000,1.000000,1264,3038640
3434,99,0.010000,1.000000,792,3039432
3435,99,0.010000,1.000000,792,3040224
3436,158,0.010000,1.000000,1264,3041488
3437,99,0.010000,1.000000,792,3042280
3438,99,0.010000,1.000000,792,3043072
3439,99,0.010000,1.000000,792,3043864
3440,99,0.010000,1.000000,792,3044656
3441,99,0.010000,1.000000,792,3045448
3442,99,0.010000,1.000000,792,3046240
3443,158,0.010000,1.000000,1264,3047504
3444,99,0.010000,1.000000,792,3048296
3445,99,0.010000,1.000000,792,3049088
3446,99,0.010000,1.000000,792,3049880
3447,99,0.010000,1.000000,792,3050672
3448,99,0.010000,1.000000,792,3051464
3449,99,0.010000,1.000000,792,3052256
3450,99,0.010000,1.000000,792,3053048
3451,99,0.010000,1.000000,792,3053840
3452,99,0.010000,1.000000,792,3054632
3453,99,0.010000,1.000000,792,3055424
3454,99,0.010000,1.000000,792,3056216
3455,142,0.010000,1.000000,1136,3057352
3456,99,0.010000,1.000000,792,3058144
3457,99,0.010000,1.000000,792,3058936
3458,99,0.010000,1.000000,792,3059728
3459,99,0.010000,1.000000,792,3060520
3460,99,0.010000,1.000000,792,3061312
3461,99,0.010000,1.000000,792,3062104
3462,99,0.010000,1.000000,792,3062896
3463,99,0.010000,1.000000,792,3063688
3464,99,0.010000,1.000000,792,3064480
3465,99,0.010000,1.000000,792,3065272
3466,99,0.010000,1.000000,792,3066064
3467,99,0.010000,1.000000,792,3066856
3468,99,0.010000,1.000000,792,3067648
3469,99,0.010000,1.000000,792,3068440
3470,99,0.010000,1.000000,792,3069232
3471,98,0.010000,1.000000,784,3070016
3472,99,0.010000,1.000000,792,3070808
3473,158,0.010000,1.000000,1264,3072072
3474,99,0.010000,1.000000,792,3072864
3475,99,0.010000,1.000000,792,3073656
3476,99,0.010000,1.000000,792,3074448
3477,158,0.010000,1.000000,1264,3075712
3478,99,0.010000,1.000000,792,3076504
3479,99,0.010000,1.000000,792,3077296
3480,109,0.010000,1.000000,872,3078168
3481,98,0.010000,1.000000,784,3078952
3482,99,0.010000,1.000000,792,3079744
3483,99,0.010000,1.000000,792,3080536
3484,99,0.010000,1.000000,792,3081328
3485,99,0.010000,1.000000,792,3082120
3486,99,0.010000,1.000000,792,3082912
3487,99,0.010000,1.000000,792,3083704
3488,158,0.010000,1.000000,1264,3084968
3489,158,0.010000,1.000000,1264,3086232
3490,158,0.010000,1.000000,1264,3087496
3491,99,0.010000,1.000000,792,3088288
3492,99,0.010000,1.000000,792,3089080
3493,99,0.010000,1.000000,792,3089872
3494,99,0.010000,1.000000,792,3090664
3495,99,0.010000,1.000000,792,3091456
3496,99,0.010000,1.000000,792,3092248
3497,99,0.010000,1.000000,792,3093040
3498,157,0.010000,1.000000,1256,3094296
3499,158,0.010000,1.000000,1264,3095560
3500,99,0.010000,1.000000,792,3096352
3501,99,0.010000,1.000000,792,3097144
3502,99,0.010000,1.000000,792,3097936
3503,99,0.010000,1.000000,792,3098728
3504,99,0.010000,1.000000,792,3099520
3505,99,0.010000,1.000000,792,3100312
3506,99,0.010000,1.000000,792,3101104
3507,99,0.010000,1.000000,792,3101896
3508,99,0.010000,1.000000,792,3102688
3509,99,0.010000,1.000000,792,3103480
3510,99,0.010000,1.000000,792,3104272
3511,99,0.010000,1.000000,792,3105064
3512,99,0.010000,1.000000,792,3105856
3513,99,0.010000,1.000000,792,3106648
3514,99,0.010000,1.000000,792,3107440
3515,99,0.010000,1.000000,792,3108232
3516,151,0.010000,1.000000,1208,3109440
3517,99,0.010000,1.000000,792,3110232
3518,99,0.010000,1.000000,792,3111024
3519,99,0.010000,1.000000,792,3111816
3520,141,0.010000,1.000000,1128,3112944
3521,99,0.010000,1.000000,792,3113736
3522,99,0.010000,1.000000,792,3114528
3523,99,0.010000,1.000000,792,3115320
3524,99,0.010000,1.000000,792,3116112
3525,99,0.010000,1.000000,792,3116904
3526,157,0.010000,1.000000,1256,3118160
3527,158,0.010000,1.000000,1264,3119424
3528,99,0.010000,1.000000,792,3120216
3529,99,0.010000,1.000000,792,3121008
3530,99,0.010000,1.000000,792,3121800
3531,99,0.010000,1.000000,792,3122592
3532,99,0.010000,1.000000,792,3123384
3533,158,0.010000,1.000000,1264,3124648
3534,99,0.010000,1.000000,792,3125440
3535,99,0.010000,1.000000,792,3126232
3536,99,0.010000,1.000000,792,3127024
3537,99,0.010000,1.000000,792,3127816
3538,99,0.010000,1.000000,792,3128608
3539,99,0.010000,1.000000,792,3129400
3540,99,0.010000,1.000000,792,3130192
3541,99,0.010000,1.000000,792,3130984
3542,99,0.010000,1.000000,792,3131776
3543,99,0.010000,1.000000,792,3132568
3544,99,0.010000,1.000000,792,3133360
3545,99,0.010000,1.000000,792,3134152
3546,99,0.010000,1.000000,792,3134944
3547,99,0.010000,1.000000,792,3135736
3548,99,0.010000,1.000000,792,3136528
3549,99,0.010000,1.000000,792,3137320
3550,99,0.010000,1.000000,792,3138112
3551,136,0.010000,1.000000,1088,3139200
3552,99,0.010000,1.000000,792,3139992
3553,99,0.010000,1.000000,792,3140784
3554,157,0.010000,1.000000,1256,3142040
3555,99,0.010000,1.000000,792,3142832
3556,99,0.010000,1.000000,792,3143624
3557,99,0.010000,1.000000,792,3144416
3558,99,0.010000,1.000000,792,3145208
3559,99,0.010000,1.000000,792,3146000
3560,99,0.010000,1.000000,792,3146792
3561,99,0.010000,1.000000,792,3147584
3562,99,0.010000,1.000000,792,3148376
3563,99,0.010000,1.000000,792,3149168
3564,99,0.010000,1.000000,792,3149960
3565,99,0.010000,1.000000,792,3150752
3566,99,0.010000,1.000000,792,3151544
3567,99,0.010000,1.000000,792,3152336
3568,99,0.010000,1.000000,792,3153128
3569,99,0.010000,1.000000,792,3153920
3570,99,0.010000,1.000000,792,3154712
3571,99,0.010000,1.000000,792,3155504
3572,99,0.010000,1.000000,792,3156296
3573,99,0.010000,1.000000,792,3157088
3574,99,0.010000,1.000000,792,3157880
3575,99,0.010000,1.000000,792,3158672
3576,158,0.010000,1.000000,1264,3159936
3577,99,0.010000,1.000000,792,3160728
3578,99,0.010000,1.000000,792,3161520
3579,99,0.010000,1.000000,792,3162312
3580,99,0.010000,1.000000,792,3163104
3581,99,0.010000,1.000000,792,3163896
3582,157,0.010000,1.000000,1256,3165152
3583,99,0.010000,1.000000,792,3165944
3584,99,0.010000,1.000000,792,3166736
3585,99,0.010000,1.000000,792,3167528
3586,99,0.010000,1.000000,792,3168320
3587,99,0.010000,1.000000,792,3169112
3588,99,0.010000,1.000000,792,3169904
3589,99,0.010000,1.000000,792,3170696
3590,99,0.010000,1.000000,792,3171488
3591,99,0.010000,1.000000,792,3172280
3592,99,0.010000,1.000000,792,3173072
3593,99,0.010000,1.000000,792,3173864
3594,99,0.010000,1.000000,792,3174656
3595,99,0.010000,1.000000,792,3175448
3596,99,0.010000,1.000000,792,3176240
3597,99,0.010000,1.000000,792,3177032
3598,99,0.010000,1.000000,792,3177824
3599,99,0.010000,1.000000,792,3178616
3600,99,0.010000,1.000000,792,3179408
3601,99,0.010000,1.000000,792,3180200
3602,99,0.010000,1.000000,792,3180992
3603,99,0.010000,1.000000,792,3181784
3604,99,0.010000,1.000000,792,3182576
3605,144,0.010000,1.000000,1152,3183728
3606,99,0.010000,1.000000,792,3184520
3607,99,0.010000,1.000000,792,3185312
3608,134,0.010000,1.000000,1072,3186384
3609,158,0.010000,1.000000,1264,3187648
3610,99,0.010000,1.000000,792,3188440
3611,99,0.010000,1.000000,792,3189232
3612,99,0.010000,1.000000,792,3190024
3613,99,0.010000,1.000000,792,3190816
3614,99,0.010000,1.000000,792,3191608
3615,99,0.010000,1.000000,792,3192400
3616,99,0.010000,1.000000,792,3193192
3617,99,0.010000,1.000000,792,3193984
3618,99,0.010000,1.000000,792,3194776
3619,99,0.010000,1.000000,792,3195568
3620,99,0.010000,1.000000,792,3196360
3621,99,0.010000,1.000000,792,3197152
3622,99,0.010000,1.000000,792,3197944
3623,99,0.010000,1.000000,792,3198736
3624,99,0.010000,1.000000,792,3199528
3625,99,0.010000,1.000000,792,3200320
3626,99,0.010000,1.000000,792,3201112
3627,99,0.010000,1.000000,792,3201904
3628,99,0.010000,1.000000,792,3202696
3629,99,0.010000,1.000000,792,3203488
3630,99,0.010000,1.000000,792,3204280
3631,99,0.010000,1.000000,792,3205072
3632,99,0.010000,1.000000,792,3205864
3633,99,0.010000,1.000000,792,3206656
3634,99,0.010000,1.000000,792,3207448
3635,99,0.010000,1.000000,792,3208240
3636,99,0.010000,1.000000,792,3209032
3637,99,0.010000,1.000000,792,3209824
3638,99,0.010000,1.000000,792,3210616
3639,99,0.010000,1.000000,792,3211408
3640,99,0.010000,1.000000,792,3212200
3641,99,0.010000,1.000000,792,3212992
3642,99,0.010000,1.000000,792,3213784
3643,99,0.010000,1.000000,792,3214576
3644,99,0.010000,1.000000,792,3215368
3645,99,0.010000,1.000000,792,3216160
3646,99,0.010000,1.000000,792,3216952
3647,99,0.010000,1.000000,792,3217744
3648,99,0.010000,1.000000,792,3218536
3649,99,0.010000,1.000000,792,3219328
3650,99,0.010000,1.000000,792,3220120
3651,158,0.010000,1.000000,1264,3221384
3652,99,0.010000,1.000000,792,3222176
3653,99,0.010000,1.000000,792,3222968
3654,99,0.010000,1.000000,792,3223760
3655,158,0.010000,1.000000,1264,3225024
3656,99,0.010000,1.000000,792,3225816
3657,99,0.010000,1.000000,792,3226608
3658,99,0.010000,1.000000,792,3227400
3659,99,0.010000,1.000000,792,3228192
3660,99,0.010000,1.000000,792,3228984
3661,157,0.010000,1.000000,1256,3230240
3662,99,0.010000,1.000000,792,3231032
3663,99,0.010000,1.000000,792,3231824
3664,99,0.010000,1.000000,792,3232616
3665,99,0.010000,1.000000,792,3233408
3666,99,0.010000,1.000000,792,3234200
3667,133,0.010000,1.000000,1064,3235264
3668,99,0.010000,1.000000,792,3236056
3669,99,0.010000,1.000000,792,3236848
3670,99,0.010000,1.000000,792,3237640
3671,99,0.010000,1.000000,792,3238432
3672,99,0.010000,1.000000,792,3239224
3673,99,0.010000,1.000000,792,3240016
3674,99,0.010000,1.000000,792,3240808
3675,99,0.010000,1.000000,792,3241600
3676,99,0.010000,1.000000,792,3242392
3677,158,0.010000,1.000000,1264,3243656
3678,99,0.010000,1.000000,792,3244448
3679,99,0.010000,1.000000,792,3245240
3680,99,0.010000,1.000000,792,3246032
3681,99,0.010000,1.000000,792,3246824
3682,99,0.010000,1.000000,792,3247616
3683,99,0.010000,1.000000,792,3248408
3684,99,0.010000,1.000000,792,3249200
3685,99,0.010000,1.000000,792,3249992
3686,99,0.010000,1.000000,792,3250784
3687,99,0.010000,1.000000,792,3251576
3688,99,0.010000,1.000000,792,3252368
3689,99,0.010000,1.000000,792,3253160
3690,99,0.010000,1.000000,792,3253952
3691,158,0.010000,1.000000,1264,3255216
3692,150,0.010000,1.000000,1200,3256416
3693,99,0.010000,1.000000,792,3257208
3694,99,0.010000,1.000000,792,3258000
3695,99,0.010000,1.000000,792,3258792
3696,99,0.010000,1.000000,792,3259584
3697,99,0.010000,1.000000,792,3260376
3698,156,0.010000,1.000000,1248,3261624
3699,99,0.010000,1.000000,792,3262416
3700,99,0.010000,1.000000,792,3263208
3701,99,0.010000,1.000000,792,3264000
3702,99,0.010000,1.000000,792,3264792
3703,99,0.010000,1.000000,792,3265584
3704,99,0.010000,1.000000,792,3266376
3705,99,0.010000,1.000000,792,3267168
3706,99,0.010000,1.000000,792,3267960
3707,158,0.010000,1.000000,1264,3269224
3708,99,0.010000,1.000000,792,3270016
3709,99,0.010000,1.000000,792,3270808
3710,99,0.010000,1.000000,792,3271600
3711,99,0.010000,1.000000,792,3272392
3712,99,0.010000,1.000000,792,3273184
3713,99,0.010000,1.000000,792,3273976
3714,99,0.010000,1.000000,792,3274768
3715,99,0.010000,1.000000,792,3275560
3716,99,0.010000,1.000000,792,3276352
3717,99,0.010000,1.000000,792,3277144
3718,99,0.010000,1.000000,792,3277936
3719,99,0.010000,1.000000,792,3278728
3720,99,0.010000,1.000000,792,3279520
3721,99,0.010000,1.000000,792,3280312
3722,99,0.010000,1.000000,792,3281104
3723,99,0.010000,1.000000,792,3281896
3724,99,0.010000,1.000000,792,3282688
3725,158,0.010000,1.000000,1264,3283952
3726,99,0.010000,1.000000,792,3284744
3727,158,0.010000,1.000000,1264,3286008
3728,99,0.010000,1.000000,792,3286800
3729,99,0.010000,1.000000,792,3287592
3730,99,0.010000,1.000000,792,3288384
3731,99,0.010000,1.000000,792,3289176
3732,99,0.010000,1.000000,792,3289968
3733,99,0.010000,1.000000,792,3290760
3734,99,0.010000,1.000000,792,3291552
3735,99,0.010000,1.000000,792,3292344
3736,99,0.010000,1.000000,792,3293136
3737,99,0.010000,1.000000,792,3293928
3738,99,0.010000,1.000000,792,3294720
3739,99,0.010000,1.000000,792,3295512
3740,99,0.010000,1.000000,792,3296304
3741,99,0.010000,1.000000,792,3297096
3742,99,0.010000,1.000000,792,3297888
3743,99,0.010000,1.000000,792,3298680
3744,99,0.010000,1.000000,792,3299472
3745,99,0.010000,1.000000,792,3300264
3746,99,0.010000,1.000000,792,3301056
3747,130,0.010000,1.000000,1040,3302096
3748,158,0.010000,1.000000,1264,3303360
3749,99,0.010000,1.000000,792,3304152
3750,98,0.010000,1.000000,784,3304936
3751,99,0.010000,1.000000,792,3305728
3752,99,0.010000,1.000000,792,3306520
3753,99,0.010000,1.000000,792,3307312
3754,99,0.010000,1.000000,792,3308104
3755,99,0.010000,1.000000,792,3308896
3756,99,0.010000,1.000000,792,3309688
3757,99,0.010000,1.000000,792,3310480
3758,99,0.010000,1.000000,792,3311272
3759,99,0.010000,1.000000,792,3312064
3760,99,0.010000,1.000000,792,3312856
3761,99,0.010000,1.000000,792,3313648
3762,99,0.010000,1.000000,792,3314440
3763,12,0.010000,1.000000,96,3314536
