episode,survival_steps_agent0,epsilon,intrinsic_weight,env_steps_all_agents,total_env_steps_cumulative
0,43,1.000000,1.000000,344,344
1,47,0.995000,1.000000,376,720
2,46,0.990025,1.000000,368,1088
3,45,0.985075,1.000000,360,1448
4,43,0.980150,1.000000,344,1792
5,50,0.975249,1.000000,400,2192
6,49,0.970373,1.000000,392,2584
7,49,0.965521,1.000000,392,2976
8,46,0.960693,1.000000,368,3344
9,61,0.955890,1.000000,488,3832
10,45,0.951110,1.000000,360,4192
11,44,0.946355,1.000000,352,4544
12,43,0.941623,1.000000,344,4888
13,46,0.936915,1.000000,368,5256
14,45,0.932230,1.000000,360,5616
15,47,0.927569,1.000000,376,5992
16,52,0.922931,1.000000,416,6408
17,46,0.918316,1.000000,368,6776
18,67,0.913725,1.000000,536,7312
19,44,0.909156,1.000000,352,7664
20,63,0.904610,1.000000,504,8168
21,52,0.900087,1.000000,416,8584
22,44,0.895587,1.000000,352,8936
23,47,0.891109,1.000000,376,9312
24,69,0.886654,1.000000,552,9864
25,61,0.882220,1.000000,488,10352
26,61,0.877809,1.000000,488,10840
27,46,0.873420,1.000000,368,11208
28,46,0.869053,1.000000,368,11576
29,46,0.864708,1.000000,368,11944
30,51,0.860384,1.000000,408,12352
31,72,0.856082,1.000000,576,12928
32,46,0.851802,1.000000,368,13296
33,46,0.847543,1.000000,368,13664
34,49,0.843305,1.000000,392,14056
35,56,0.839089,1.000000,448,14504
36,48,0.834893,1.000000,384,14888
37,44,0.830719,1.000000,352,15240
38,68,0.826565,1.000000,544,15784
39,71,0.822432,1.000000,568,16352
40,52,0.818320,1.000000,416,16768
41,48,0.814229,1.000000,384,17152
42,48,0.810157,1.000000,384,17536
43,52,0.806107,1.000000,416,17952
44,72,0.802076,1.000000,576,18528
45,47,0.798066,1.000000,376,18904
46,68,0.794075,1.000000,544,19448
47,69,0.790105,1.000000,552,20000
48,43,0.786154,1.000000,344,20344
49,47,0.782224,1.000000,376,20720
50,52,0.778313,1.000000,416,21136
51,48,0.774421,1.000000,384,21520
52,44,0.770549,1.000000,352,21872
53,45,0.766696,1.000000,360,22232
54,44,0.762863,1.000000,352,22584
55,46,0.759048,1.000000,368,22952
56,44,0.755253,1.000000,352,23304
57,66,0.751477,1.000000,528,23832
58,46,0.747719,1.000000,368,24200
59,53,0.743981,1.000000,424,24624
60,75,0.740261,1.000000,600,25224
61,45,0.736560,1.000000,360,25584
62,47,0.732877,1.000000,376,25960
63,64,0.729212,1.000000,512,26472
64,51,0.725566,1.000000,408,26880
65,51,0.721939,1.000000,408,27288
66,63,0.718329,1.000000,504,27792
67,49,0.714737,1.000000,392,28184
68,47,0.711164,1.000000,376,28560
69,49,0.707608,1.000000,392,28952
70,41,0.704070,1.000000,328,29280
71,43,0.700549,1.000000,344,29624
72,43,0.697047,1.000000,344,29968
73,49,0.693561,1.000000,392,30360
74,73,0.690094,1.000000,584,30944
75,51,0.686643,1.000000,408,31352
76,47,0.683210,1.000000,376,31728
77,79,0.679794,1.000000,632,32360
78,55,0.676395,1.000000,440,32800
79,46,0.673013,1.000000,368,33168
80,45,0.669648,1.000000,360,33528
81,54,0.666300,1.000000,432,33960
82,64,0.662968,1.000000,512,34472
83,43,0.659653,1.000000,344,34816
84,43,0.656355,1.000000,344,35160
85,47,0.653073,1.000000,376,35536
86,44,0.649808,1.000000,352,35888
87,45,0.646559,1.000000,360,36248
88,48,0.643326,1.000000,384,36632
89,44,0.640109,1.000000,352,36984
90,49,0.636909,1.000000,392,37376
91,55,0.633724,1.000000,440,37816
92,48,0.630556,1.000000,384,38200
93,44,0.627403,1.000000,352,38552
94,55,0.624266,1.000000,440,38992
95,46,0.621145,1.000000,368,39360
96,46,0.618039,1.000000,368,39728
97,50,0.614949,1.000000,400,40128
98,52,0.611874,1.000000,416,40544
99,50,0.608815,1.000000,400,40944
100,55,0.605770,1.000000,440,41384
101,49,0.602742,1.000000,392,41776
102,45,0.599728,1.000000,360,42136
103,64,0.596729,1.000000,512,42648
104,75,0.593746,1.000000,600,43248
105,49,0.590777,1.000000,392,43640
106,52,0.587823,1.000000,416,44056
107,53,0.584884,1.000000,424,44480
108,47,0.581959,1.000000,376,44856
109,44,0.579050,1.000000,352,45208
110,74,0.576154,1.000000,592,45800
111,51,0.573274,1.000000,408,46208
112,52,0.570407,1.000000,416,46624
113,47,0.567555,1.000000,376,47000
114,51,0.564717,1.000000,408,47408
115,48,0.561894,1.000000,384,47792
116,43,0.559084,1.000000,344,48136
117,51,0.556289,1.000000,408,48544
118,109,0.553508,1.000000,872,49416
119,64,0.550740,1.000000,512,49928
120,70,0.547986,1.000000,560,50488
121,91,0.545246,1.000000,728,51216
122,51,0.542520,1.000000,408,51624
123,51,0.539808,1.000000,408,52032
124,76,0.537108,1.000000,608,52640
125,60,0.534423,1.000000,480,53120
126,80,0.531751,1.000000,640,53760
127,46,0.529092,1.000000,368,54128
128,47,0.526447,1.000000,376,54504
129,55,0.523814,1.000000,440,54944
130,70,0.521195,1.000000,560,55504
131,48,0.518589,1.000000,384,55888
132,70,0.515996,1.000000,560,56448
133,48,0.513416,1.000000,384,56832
134,51,0.510849,1.000000,408,57240
135,53,0.508295,1.000000,424,57664
136,51,0.505754,1.000000,408,58072
137,108,0.503225,1.000000,864,58936
138,67,0.500709,1.000000,536,59472
139,67,0.498205,1.000000,536,60008
140,70,0.495714,1.000000,560,60568
141,57,0.493236,1.000000,456,61024
142,57,0.490769,1.000000,456,61480
143,73,0.488316,1.000000,584,62064
144,51,0.485874,1.000000,408,62472
145,50,0.483445,1.000000,400,62872
146,46,0.481027,1.000000,368,63240
147,51,0.478622,1.000000,408,63648
148,57,0.476229,1.000000,456,64104
149,55,0.473848,1.000000,440,64544
150,54,0.471479,1.000000,432,64976
151,53,0.469121,1.000000,424,65400
152,59,0.466776,1.000000,472,65872
153,68,0.464442,1.000000,544,66416
154,65,0.462120,1.000000,520,66936
155,44,0.459809,1.000000,352,67288
156,53,0.457510,1.000000,424,67712
157,67,0.455222,1.000000,536,68248
158,75,0.452946,1.000000,600,68848
159,58,0.450682,1.000000,464,69312
160,47,0.448428,1.000000,376,69688
161,73,0.446186,1.000000,584,70272
162,57,0.443955,1.000000,456,70728
163,114,0.441735,1.000000,912,71640
164,43,0.439527,1.000000,344,71984
165,63,0.437329,1.000000,504,72488
166,64,0.435142,1.000000,512,73000
167,66,0.432967,1.000000,528,73528
168,63,0.430802,1.000000,504,74032
169,143,0.428648,1.000000,1144,75176
170,63,0.426505,1.000000,504,75680
171,55,0.424372,1.000000,440,76120
172,63,0.422250,1.000000,504,76624
173,82,0.420139,1.000000,656,77280
174,62,0.418038,1.000000,496,77776
175,61,0.415948,1.000000,488,78264
176,59,0.413868,1.000000,472,78736
177,59,0.411799,1.000000,472,79208
178,95,0.409740,1.000000,760,79968
179,80,0.407691,1.000000,640,80608
180,57,0.405653,1.000000,456,81064
181,57,0.403625,1.000000,456,81520
182,63,0.401606,1.000000,504,82024
183,69,0.399598,1.000000,552,82576
184,82,0.397600,1.000000,656,83232
185,90,0.395612,1.000000,720,83952
186,63,0.393634,1.000000,504,84456
187,53,0.391666,1.000000,424,84880
188,58,0.389708,1.000000,464,85344
189,97,0.387759,1.000000,776,86120
190,61,0.385821,1.000000,488,86608
191,58,0.383891,1.000000,464,87072
192,52,0.381972,1.000000,416,87488
193,97,0.380062,1.000000,776,88264
194,60,0.378162,1.000000,480,88744
195,59,0.376271,1.000000,472,89216
196,64,0.374390,1.000000,512,89728
197,62,0.372518,1.000000,496,90224
198,61,0.370655,1.000000,488,90712
199,74,0.368802,1.000000,592,91304
200,100,0.366958,1.000000,800,92104
201,89,0.365123,1.000000,712,92816
202,93,0.363297,1.000000,744,93560
203,108,0.361481,1.000000,864,94424
204,66,0.359674,1.000000,528,94952
205,53,0.357875,1.000000,424,95376
206,70,0.356086,1.000000,560,95936
207,61,0.354305,1.000000,488,96424
208,67,0.352534,1.000000,536,96960
209,64,0.350771,1.000000,512,97472
210,67,0.349017,1.000000,536,98008
211,68,0.347272,1.000000,544,98552
212,70,0.345536,1.000000,560,99112
213,62,0.343808,1.000000,496,99608
214,59,0.342089,1.000000,472,100080
215,72,0.340379,1.000000,576,100656
216,78,0.338677,1.000000,624,101280
217,67,0.336983,1.000000,536,101816
218,78,0.335298,1.000000,624,102440
219,66,0.333622,1.000000,528,102968
220,73,0.331954,1.000000,584,103552
221,70,0.330294,1.000000,560,104112
222,108,0.328643,1.000000,864,104976
223,70,0.326999,1.000000,560,105536
224,92,0.325364,1.000000,736,106272
225,72,0.323738,1.000000,576,106848
226,72,0.322119,1.000000,576,107424
227,80,0.320508,1.000000,640,108064
228,72,0.318906,1.000000,576,108640
229,134,0.317311,1.000000,1072,109712
230,67,0.315725,1.000000,536,110248
231,72,0.314146,1.000000,576,110824
232,72,0.312575,1.000000,576,111400
233,72,0.311012,1.000000,576,111976
234,76,0.309457,1.000000,608,112584
235,68,0.307910,1.000000,544,113128
236,70,0.306371,1.000000,560,113688
237,94,0.304839,1.000000,752,114440
238,110,0.303315,1.000000,880,115320
239,112,0.301798,1.000000,896,116216
240,80,0.300289,1.000000,640,116856
241,74,0.298788,1.000000,592,117448
242,114,0.297294,1.000000,912,118360
243,72,0.295807,1.000000,576,118936
244,109,0.294328,1.000000,872,119808
245,77,0.292856,1.000000,616,120424
246,77,0.291392,1.000000,616,121040
247,119,0.289935,1.000000,952,121992
248,71,0.288486,1.000000,568,122560
249,72,0.287043,1.000000,576,123136
250,78,0.285608,1.000000,624,123760
251,82,0.284180,1.000000,656,124416
252,76,0.282759,1.000000,608,125024
253,80,0.281345,1.000000,640,125664
254,78,0.279938,1.000000,624,126288
255,78,0.278539,1.000000,624,126912
256,78,0.277146,1.000000,624,127536
257,115,0.275760,1.000000,920,128456
258,82,0.274382,1.000000,656,129112
259,72,0.273010,1.000000,576,129688
260,76,0.271645,1.000000,608,130296
261,70,0.270286,1.000000,560,130856
262,82,0.268935,1.000000,656,131512
263,78,0.267590,1.000000,624,132136
264,114,0.266252,1.000000,912,133048
265,80,0.264921,1.000000,640,133688
266,82,0.263596,1.000000,656,134344
267,82,0.262278,1.000000,656,135000
268,80,0.260967,1.000000,640,135640
269,78,0.259662,1.000000,624,136264
270,76,0.258364,1.000000,608,136872
271,82,0.257072,1.000000,656,137528
272,82,0.255787,1.000000,656,138184
273,84,0.254508,1.000000,672,138856
274,88,0.253235,1.000000,704,139560
275,84,0.251969,1.000000,672,140232
276,86,0.250709,1.000000,688,140920
277,74,0.249456,1.000000,592,141512
278,90,0.248208,1.000000,720,142232
279,82,0.246967,1.000000,656,142888
280,84,0.245733,1.000000,672,143560
281,86,0.244504,1.000000,688,144248
282,80,0.243281,1.000000,640,144888
283,79,0.242065,1.000000,632,145520
284,76,0.240855,1.000000,608,146128
285,91,0.239650,1.000000,728,146856
286,128,0.238452,1.000000,1024,147880
287,82,0.237260,1.000000,656,148536
288,78,0.236074,1.000000,624,149160
289,80,0.234893,1.000000,640,149800
290,153,0.233719,1.000000,1224,151024
291,84,0.232550,1.000000,672,151696
292,80,0.231387,1.000000,640,152336
293,82,0.230230,1.000000,656,152992
294,80,0.229079,1.000000,640,153632
295,145,0.227934,1.000000,1160,154792
296,84,0.226794,1.000000,672,155464
297,82,0.225660,1.000000,656,156120
298,86,0.224532,1.000000,688,156808
299,81,0.223409,1.000000,648,157456
300,144,0.222292,1.000000,1152,158608
301,89,0.221181,1.000000,712,159320
302,80,0.220075,1.000000,640,159960
303,128,0.218974,1.000000,1024,160984
304,80,0.217880,1.000000,640,161624
305,78,0.216790,1.000000,624,162248
306,108,0.215706,1.000000,864,163112
307,78,0.214628,1.000000,624,163736
308,84,0.213555,1.000000,672,164408
309,151,0.212487,1.000000,1208,165616
310,88,0.211424,1.000000,704,166320
311,135,0.210367,1.000000,1080,167400
312,76,0.209315,1.000000,608,168008
313,88,0.208269,1.000000,704,168712
314,98,0.207227,1.000000,784,169496
315,116,0.206191,1.000000,928,170424
316,97,0.205160,1.000000,776,171200
317,119,0.204135,1.000000,952,172152
318,147,0.203114,1.000000,1176,173328
319,144,0.202098,1.000000,1152,174480
320,90,0.201088,1.000000,720,175200
321,86,0.200082,1.000000,688,175888
322,107,0.199082,1.000000,856,176744
323,115,0.198087,1.000000,920,177664
324,151,0.197096,1.000000,1208,178872
325,99,0.196111,1.000000,792,179664
326,90,0.195130,1.000000,720,180384
327,81,0.194154,1.000000,648,181032
328,122,0.193184,1.000000,976,182008
329,84,0.192218,1.000000,672,182680
330,81,0.191257,1.000000,648,183328
331,90,0.190300,1.000000,720,184048
332,82,0.189349,1.000000,656,184704
333,84,0.188402,1.000000,672,185376
334,84,0.187460,1.000000,672,186048
335,84,0.186523,1.000000,672,186720
336,84,0.185590,1.000000,672,187392
337,115,0.184662,1.000000,920,188312
338,84,0.183739,1.000000,672,188984
339,154,0.182820,1.000000,1232,190216
340,86,0.181906,1.000000,688,190904
341,88,0.180997,1.000000,704,191608
342,134,0.180092,1.000000,1072,192680
343,84,0.179191,1.000000,672,193352
344,155,0.178295,1.000000,1240,194592
345,92,0.177404,1.000000,736,195328
346,84,0.176517,1.000000,672,196000
347,84,0.175634,1.000000,672,196672
348,86,0.174756,1.000000,688,197360
349,128,0.173882,1.000000,1024,198384
350,86,0.173013,1.000000,688,199072
351,88,0.172148,1.000000,704,199776
352,91,0.171287,1.000000,728,200504
353,88,0.170431,1.000000,704,201208
354,86,0.169578,1.000000,688,201896
355,96,0.168731,1.000000,768,202664
356,90,0.167887,1.000000,720,203384
357,142,0.167047,1.000000,1136,204520
358,94,0.166212,1.000000,752,205272
359,152,0.165381,1.000000,1216,206488
360,137,0.164554,1.000000,1096,207584
361,106,0.163731,1.000000,848,208432
362,90,0.162913,1.000000,720,209152
363,90,0.162098,1.000000,720,209872
364,86,0.161288,1.000000,688,210560
365,86,0.160481,1.000000,688,211248
366,154,0.159679,1.000000,1232,212480
367,151,0.158881,1.000000,1208,213688
368,90,0.158086,1.000000,720,214408
369,130,0.157296,1.000000,1040,215448
370,94,0.156509,1.000000,752,216200
371,156,0.155727,1.000000,1248,217448
372,109,0.154948,1.000000,872,218320
373,87,0.154173,1.000000,696,219016
374,119,0.153402,1.000000,952,219968
375,86,0.152635,1.000000,688,220656
376,86,0.151872,1.000000,688,221344
377,147,0.151113,1.000000,1176,222520
378,88,0.150357,1.000000,704,223224
379,86,0.149606,1.000000,688,223912
380,95,0.148857,1.000000,760,224672
381,104,0.148113,1.000000,832,225504
382,101,0.147373,1.000000,808,226312
383,93,0.146636,1.000000,744,227056
384,102,0.145903,1.000000,816,227872
385,143,0.145173,1.000000,1144,229016
386,103,0.144447,1.000000,824,229840
387,99,0.143725,1.000000,792,230632
388,90,0.143006,1.000000,720,231352
389,94,0.142291,1.000000,752,232104
390,88,0.141580,1.000000,704,232808
391,88,0.140872,1.000000,704,233512
392,90,0.140168,1.000000,720,234232
393,94,0.139467,1.000000,752,234984
394,153,0.138769,1.000000,1224,236208
395,94,0.138076,1.000000,752,236960
396,94,0.137385,1.000000,752,237712
397,88,0.136698,1.000000,704,238416
398,94,0.136015,1.000000,752,239168
399,145,0.135335,1.000000,1160,240328
400,126,0.134658,1.000000,1008,241336
401,125,0.133985,1.000000,1000,242336
402,90,0.133315,1.000000,720,243056
403,143,0.132648,1.000000,1144,244200
404,92,0.131985,1.000000,736,244936
405,118,0.131325,1.000000,944,245880
406,94,0.130668,1.000000,752,246632
407,119,0.130015,1.000000,952,247584
408,89,0.129365,1.000000,712,248296
409,127,0.128718,1.000000,1016,249312
410,153,0.128075,1.000000,1224,250536
411,147,0.127434,1.000000,1176,251712
412,90,0.126797,1.000000,720,252432
413,155,0.126163,1.000000,1240,253672
414,90,0.125532,1.000000,720,254392
415,94,0.124905,1.000000,752,255144
416,131,0.124280,1.000000,1048,256192
417,94,0.123659,1.000000,752,256944
418,82,0.123040,1.000000,656,257600
419,156,0.122425,1.000000,1248,258848
420,152,0.121813,1.000000,1216,260064
421,149,0.121204,1.000000,1192,261256
422,124,0.120598,1.000000,992,262248
423,92,0.119995,1.000000,736,262984
424,94,0.119395,1.000000,752,263736
425,97,0.118798,1.000000,776,264512
426,155,0.118204,1.000000,1240,265752
427,90,0.117613,1.000000,720,266472
428,151,0.117025,1.000000,1208,267680
429,94,0.116440,1.000000,752,268432
430,94,0.115858,1.000000,752,269184
431,89,0.115278,1.000000,712,269896
432,111,0.114702,1.000000,888,270784
433,96,0.114128,1.000000,768,271552
434,113,0.113558,1.000000,904,272456
435,90,0.112990,1.000000,720,273176
436,107,0.112425,1.000000,856,274032
437,93,0.111863,1.000000,744,274776
438,90,0.111304,1.000000,720,275496
439,94,0.110747,1.000000,752,276248
440,102,0.110193,1.000000,816,277064
441,130,0.109642,1.000000,1040,278104
442,91,0.109094,1.000000,728,278832
443,120,0.108549,1.000000,960,279792
444,132,0.108006,1.000000,1056,280848
445,96,0.107466,1.000000,768,281616
446,154,0.106929,1.000000,1232,282848
447,135,0.106394,1.000000,1080,283928
448,105,0.105862,1.000000,840,284768
449,92,0.105333,1.000000,736,285504
450,97,0.104806,1.000000,776,286280
451,94,0.104282,1.000000,752,287032
452,96,0.103761,1.000000,768,287800
453,95,0.103242,1.000000,760,288560
454,109,0.102726,1.000000,872,289432
455,94,0.102212,1.000000,752,290184
456,88,0.101701,1.000000,704,290888
457,146,0.101192,1.000000,1168,292056
458,157,0.100686,1.000000,1256,293312
459,94,0.100183,1.000000,752,294064
460,94,0.099682,1.000000,752,294816
461,92,0.099184,1.000000,736,295552
462,92,0.098688,1.000000,736,296288
463,99,0.098194,1.000000,792,297080
464,150,0.097703,1.000000,1200,298280
465,120,0.097215,1.000000,960,299240
466,153,0.096729,1.000000,1224,300464
467,97,0.096245,1.000000,776,301240
468,136,0.095764,1.000000,1088,302328
469,132,0.095285,1.000000,1056,303384
470,112,0.094809,1.000000,896,304280
471,90,0.094335,1.000000,720,305000
472,90,0.093863,1.000000,720,305720
473,99,0.093394,1.000000,792,306512
474,102,0.092927,1.000000,816,307328
475,99,0.092462,1.000000,792,308120
476,88,0.092000,1.000000,704,308824
477,96,0.091540,1.000000,768,309592
478,154,0.091082,1.000000,1232,310824
479,140,0.090627,1.000000,1120,311944
480,111,0.090173,1.000000,888,312832
481,92,0.089723,1.000000,736,313568
482,94,0.089274,1.000000,752,314320
483,114,0.088828,1.000000,912,315232
484,150,0.088383,1.000000,1200,316432
485,127,0.087942,1.000000,1016,317448
486,92,0.087502,1.000000,736,318184
487,96,0.087064,1.000000,768,318952
488,92,0.086629,1.000000,736,319688
489,91,0.086196,1.000000,728,320416
490,94,0.085765,1.000000,752,321168
491,154,0.085336,1.000000,1232,322400
492,94,0.084909,1.000000,752,323152
493,97,0.084485,1.000000,776,323928
494,97,0.084062,1.000000,776,324704
495,94,0.083642,1.000000,752,325456
496,92,0.083224,1.000000,736,326192
497,97,0.082808,1.000000,776,326968
498,92,0.082394,1.000000,736,327704
499,155,0.081982,1.000000,1240,328944
500,94,0.081572,1.000000,752,329696
501,94,0.081164,1.000000,752,330448
502,90,0.080758,1.000000,720,331168
503,98,0.080354,1.000000,784,331952
504,152,0.079953,1.000000,1216,333168
505,86,0.079553,1.000000,688,333856
506,92,0.079155,1.000000,736,334592
507,134,0.078759,1.000000,1072,335664
508,92,0.078366,1.000000,736,336400
509,155,0.077974,1.000000,1240,337640
510,119,0.077584,1.000000,952,338592
511,94,0.077196,1.000000,752,339344
512,96,0.076810,1.000000,768,340112
513,96,0.076426,1.000000,768,340880
514,156,0.076044,1.000000,1248,342128
515,96,0.075664,1.000000,768,342896
516,156,0.075285,1.000000,1248,344144
517,98,0.074909,1.000000,784,344928
518,130,0.074534,1.000000,1040,345968
519,94,0.074162,1.000000,752,346720
520,94,0.073791,1.000000,752,347472
521,102,0.073422,1.000000,816,348288
522,97,0.073055,1.000000,776,349064
523,155,0.072689,1.000000,1240,350304
524,96,0.072326,1.000000,768,351072
525,94,0.071964,1.000000,752,351824
526,96,0.071605,1.000000,768,352592
527,156,0.071247,1.000000,1248,353840
528,132,0.070890,1.000000,1056,354896
529,96,0.070536,1.000000,768,355664
530,96,0.070183,1.000000,768,356432
531,96,0.069832,1.000000,768,357200
532,96,0.069483,1.000000,768,357968
533,97,0.069136,1.000000,776,358744
534,126,0.068790,1.000000,1008,359752
535,125,0.068446,1.000000,1000,360752
536,144,0.068104,1.000000,1152,361904
537,156,0.067763,1.000000,1248,363152
538,154,0.067424,1.000000,1232,364384
539,98,0.067087,1.000000,784,365168
540,92,0.066752,1.000000,736,365904
541,96,0.066418,1.000000,768,366672
542,97,0.066086,1.000000,776,367448
543,150,0.065756,1.000000,1200,368648
544,97,0.065427,1.000000,776,369424
545,94,0.065100,1.000000,752,370176
546,156,0.064774,1.000000,1248,371424
547,96,0.064450,1.000000,768,372192
548,94,0.064128,1.000000,752,372944
549,94,0.063807,1.000000,752,373696
550,155,0.063488,1.000000,1240,374936
551,97,0.063171,1.000000,776,375712
552,96,0.062855,1.000000,768,376480
553,99,0.062541,1.000000,792,377272
554,96,0.062228,1.000000,768,378040
555,94,0.061917,1.000000,752,378792
556,128,0.061607,1.000000,1024,379816
557,99,0.061299,1.000000,792,380608
558,156,0.060993,1.000000,1248,381856
559,97,0.060688,1.000000,776,382632
560,99,0.060384,1.000000,792,383424
561,94,0.060083,1.000000,752,384176
562,94,0.059782,1.000000,752,384928
563,94,0.059483,1.000000,752,385680
564,154,0.059186,1.000000,1232,386912
565,97,0.058890,1.000000,776,387688
566,94,0.058595,1.000000,752,388440
567,97,0.058302,1.000000,776,389216
568,156,0.058011,1.000000,1248,390464
569,97,0.057721,1.000000,776,391240
570,97,0.057432,1.000000,776,392016
571,131,0.057145,1.000000,1048,393064
572,92,0.056859,1.000000,736,393800
573,127,0.056575,1.000000,1016,394816
574,97,0.056292,1.000000,776,395592
575,99,0.056011,1.000000,792,396384
576,154,0.055731,1.000000,1232,397616
577,96,0.055452,1.000000,768,398384
578,92,0.055175,1.000000,736,399120
579,97,0.054899,1.000000,776,399896
580,94,0.054624,1.000000,752,400648
581,97,0.054351,1.000000,776,401424
582,99,0.054080,1.000000,792,402216
583,96,0.053809,1.000000,768,402984
584,99,0.053540,1.000000,792,403776
585,96,0.053272,1.000000,768,404544
586,139,0.053006,1.000000,1112,405656
587,97,0.052741,1.000000,776,406432
588,125,0.052477,1.000000,1000,407432
589,96,0.052215,1.000000,768,408200
590,99,0.051954,1.000000,792,408992
591,97,0.051694,1.000000,776,409768
592,154,0.051436,1.000000,1232,411000
593,94,0.051178,1.000000,752,411752
594,94,0.050923,1.000000,752,412504
595,96,0.050668,1.000000,768,413272
596,97,0.050415,1.000000,776,414048
597,97,0.050163,1.000000,776,414824
598,97,0.049912,1.000000,776,415600
599,157,0.049662,1.000000,1256,416856
600,153,0.049414,1.000000,1224,418080
601,157,0.049167,1.000000,1256,419336
602,98,0.048921,1.000000,784,420120
603,97,0.048676,1.000000,776,420896
604,145,0.048433,1.000000,1160,422056
605,126,0.048191,1.000000,1008,423064
606,99,0.047950,1.000000,792,423856
607,97,0.047710,1.000000,776,424632
608,157,0.047472,1.000000,1256,425888
609,97,0.047234,1.000000,776,426664
610,127,0.046998,1.000000,1016,427680
611,133,0.046763,1.000000,1064,428744
612,119,0.046529,1.000000,952,429696
613,96,0.046297,1.000000,768,430464
614,97,0.046065,1.000000,776,431240
615,97,0.045835,1.000000,776,432016
616,157,0.045606,1.000000,1256,433272
617,99,0.045378,1.000000,792,434064
618,97,0.045151,1.000000,776,434840
619,97,0.044925,1.000000,776,435616
620,99,0.044700,1.000000,792,436408
621,133,0.044477,1.000000,1064,437472
622,155,0.044254,1.000000,1240,438712
623,139,0.044033,1.000000,1112,439824
624,142,0.043813,1.000000,1136,440960
625,97,0.043594,1.000000,776,441736
626,127,0.043376,1.000000,1016,442752
627,119,0.043159,1.000000,952,443704
628,97,0.042943,1.000000,776,444480
629,99,0.042729,1.000000,792,445272
630,138,0.042515,1.000000,1104,446376
631,96,0.042302,1.000000,768,447144
632,97,0.042091,1.000000,776,447920
633,130,0.041880,1.000000,1040,448960
634,150,0.041671,1.000000,1200,450160
635,97,0.041463,1.000000,776,450936
636,97,0.041255,1.000000,776,451712
637,141,0.041049,1.000000,1128,452840
638,97,0.040844,1.000000,776,453616
639,99,0.040640,1.000000,792,454408
640,97,0.040436,1.000000,776,455184
641,97,0.040234,1.000000,776,455960
642,149,0.040033,1.000000,1192,457152
643,94,0.039833,1.000000,752,457904
644,96,0.039634,1.000000,768,458672
645,99,0.039435,1.000000,792,459464
646,96,0.039238,1.000000,768,460232
647,150,0.039042,1.000000,1200,461432
648,99,0.038847,1.000000,792,462224
649,99,0.038653,1.000000,792,463016
650,156,0.038459,1.000000,1248,464264
651,151,0.038267,1.000000,1208,465472
652,99,0.038076,1.000000,792,466264
653,157,0.037885,1.000000,1256,467520
654,99,0.037696,1.000000,792,468312
655,97,0.037507,1.000000,776,469088
656,99,0.037320,1.000000,792,469880
657,158,0.037133,1.000000,1264,471144
658,158,0.036948,1.000000,1264,472408
659,96,0.036763,1.000000,768,473176
660,156,0.036579,1.000000,1248,474424
661,99,0.036396,1.000000,792,475216
662,99,0.036214,1.000000,792,476008
663,156,0.036033,1.000000,1248,477256
664,97,0.035853,1.000000,776,478032
665,99,0.035674,1.000000,792,478824
666,99,0.035495,1.000000,792,479616
667,158,0.035318,1.000000,1264,480880
668,97,0.035141,1.000000,776,481656
669,139,0.034966,1.000000,1112,482768
670,96,0.034791,1.000000,768,483536
671,158,0.034617,1.000000,1264,484800
672,98,0.034444,1.000000,784,485584
673,99,0.034272,1.000000,792,486376
674,99,0.034100,1.000000,792,487168
675,120,0.033930,1.000000,960,488128
676,129,0.033760,1.000000,1032,489160
677,98,0.033591,1.000000,784,489944
678,99,0.033423,1.000000,792,490736
679,149,0.033256,1.000000,1192,491928
680,98,0.033090,1.000000,784,492712
681,97,0.032924,1.000000,776,493488
682,99,0.032760,1.000000,792,494280
683,99,0.032596,1.000000,792,495072
684,99,0.032433,1.000000,792,495864
685,96,0.032271,1.000000,768,496632
686,97,0.032109,1.000000,776,497408
687,97,0.031949,1.000000,776,498184
688,99,0.031789,1.000000,792,498976
689,152,0.031630,1.000000,1216,500192
690,156,0.031472,1.000000,1248,501440
691,149,0.031315,1.000000,1192,502632
692,97,0.031158,1.000000,776,503408
693,94,0.031002,1.000000,752,504160
694,154,0.030847,1.000000,1232,505392
695,97,0.030693,1.000000,776,506168
696,156,0.030540,1.000000,1248,507416
697,135,0.030387,1.000000,1080,508496
698,99,0.030235,1.000000,792,509288
699,99,0.030084,1.000000,792,510080
700,99,0.029933,1.000000,792,510872
701,97,0.029784,1.000000,776,511648
702,99,0.029635,1.000000,792,512440
703,97,0.029487,1.000000,776,513216
704,94,0.029339,1.000000,752,513968
705,97,0.029193,1.000000,776,514744
706,131,0.029047,1.000000,1048,515792
707,135,0.028901,1.000000,1080,516872
708,137,0.028757,1.000000,1096,517968
709,97,0.028613,1.000000,776,518744
710,123,0.028470,1.000000,984,519728
711,97,0.028328,1.000000,776,520504
712,99,0.028186,1.000000,792,521296
713,99,0.028045,1.000000,792,522088
714,99,0.027905,1.000000,792,522880
715,99,0.027765,1.000000,792,523672
716,98,0.027626,1.000000,784,524456
717,99,0.027488,1.000000,792,525248
718,155,0.027351,1.000000,1240,526488
719,157,0.027214,1.000000,1256,527744
720,158,0.027078,1.000000,1264,529008
721,99,0.026943,1.000000,792,529800
722,106,0.026808,1.000000,848,530648
723,157,0.026674,1.000000,1256,531904
724,99,0.026541,1.000000,792,532696
725,99,0.026408,1.000000,792,533488
726,99,0.026276,1.000000,792,534280
727,158,0.026144,1.000000,1264,535544
728,99,0.026014,1.000000,792,536336
729,97,0.025884,1.000000,776,537112
730,136,0.025754,1.000000,1088,538200
731,116,0.025625,1.000000,928,539128
732,99,0.025497,1.000000,792,539920
733,97,0.025370,1.000000,776,540696
734,152,0.025243,1.000000,1216,541912
735,97,0.025117,1.000000,776,542688
736,99,0.024991,1.000000,792,543480
737,99,0.024866,1.000000,792,544272
738,157,0.024742,1.000000,1256,545528
739,97,0.024618,1.000000,776,546304
740,99,0.024495,1.000000,792,547096
741,99,0.024373,1.000000,792,547888
742,99,0.024251,1.000000,792,548680
743,99,0.024130,1.000000,792,549472
744,97,0.024009,1.000000,776,550248
745,99,0.023889,1.000000,792,551040
746,99,0.023769,1.000000,792,551832
747,99,0.023651,1.000000,792,552624
748,99,0.023532,1.000000,792,553416
749,123,0.023415,1.000000,984,554400
750,140,0.023298,1.000000,1120,555520
751,127,0.023181,1.000000,1016,556536
752,99,0.023065,1.000000,792,557328
753,156,0.022950,1.000000,1248,558576
754,99,0.022835,1.000000,792,559368
755,158,0.022721,1.000000,1264,560632
756,99,0.022607,1.000000,792,561424
757,99,0.022494,1.000000,792,562216
758,97,0.022382,1.000000,776,562992
759,99,0.022270,1.000000,792,563784
760,155,0.022159,1.000000,1240,565024
761,99,0.022048,1.000000,792,565816
762,99,0.021938,1.000000,792,566608
763,99,0.021828,1.000000,792,567400
764,99,0.021719,1.000000,792,568192
765,97,0.021610,1.000000,776,568968
766,99,0.021502,1.000000,792,569760
767,99,0.021395,1.000000,792,570552
768,99,0.021288,1.000000,792,571344
769,99,0.021181,1.000000,792,572136
770,99,0.021075,1.000000,792,572928
771,99,0.020970,1.000000,792,573720
772,99,0.020865,1.000000,792,574512
773,99,0.020761,1.000000,792,575304
774,99,0.020657,1.000000,792,576096
775,99,0.020554,1.000000,792,576888
776,96,0.020451,1.000000,768,577656
777,158,0.020349,1.000000,1264,578920
778,99,0.020247,1.000000,792,579712
779,99,0.020146,1.000000,792,580504
780,99,0.020045,1.000000,792,581296
781,99,0.019945,1.000000,792,582088
782,146,0.019845,1.000000,1168,583256
783,99,0.019746,1.000000,792,584048
784,99,0.019647,1.000000,792,584840
785,97,0.019549,1.000000,776,585616
786,99,0.019451,1.000000,792,586408
787,99,0.019354,1.000000,792,587200
788,99,0.019257,1.000000,792,587992
789,99,0.019161,1.000000,792,588784
790,143,0.019065,1.000000,1144,589928
791,99,0.018970,1.000000,792,590720
792,99,0.018875,1.000000,792,591512
793,99,0.018780,1.000000,792,592304
794,99,0.018686,1.000000,792,593096
795,99,0.018593,1.000000,792,593888
796,99,0.018500,1.000000,792,594680
797,140,0.018408,1.000000,1120,595800
798,99,0.018315,1.000000,792,596592
799,99,0.018224,1.000000,792,597384
800,98,0.018133,1.000000,784,598168
801,121,0.018042,1.000000,968,599136
802,97,0.017952,1.000000,776,599912
803,118,0.017862,1.000000,944,600856
804,99,0.017773,1.000000,792,601648
805,99,0.017684,1.000000,792,602440
806,99,0.017596,1.000000,792,603232
807,97,0.017508,1.000000,776,604008
808,156,0.017420,1.000000,1248,605256
809,98,0.017333,1.000000,784,606040
810,99,0.017246,1.000000,792,606832
811,102,0.017160,1.000000,816,607648
812,99,0.017074,1.000000,792,608440
813,99,0.016989,1.000000,792,609232
814,99,0.016904,1.000000,792,610024
815,112,0.016819,1.000000,896,610920
816,99,0.016735,1.000000,792,611712
817,146,0.016652,1.000000,1168,612880
818,99,0.016568,1.000000,792,613672
819,99,0.016486,1.000000,792,614464
820,99,0.016403,1.000000,792,615256
821,158,0.016321,1.000000,1264,616520
822,99,0.016239,1.000000,792,617312
823,99,0.016158,1.000000,792,618104
824,99,0.016078,1.000000,792,618896
825,158,0.015997,1.000000,1264,620160
826,99,0.015917,1.000000,792,620952
827,99,0.015838,1.000000,792,621744
828,151,0.015758,1.000000,1208,622952
829,97,0.015680,1.000000,776,623728
830,99,0.015601,1.000000,792,624520
831,99,0.015523,1.000000,792,625312
832,158,0.015446,1.000000,1264,626576
833,99,0.015368,1.000000,792,627368
834,99,0.015291,1.000000,792,628160
835,99,0.015215,1.000000,792,628952
836,99,0.015139,1.000000,792,629744
837,99,0.015063,1.000000,792,630536
838,158,0.014988,1.000000,1264,631800
839,99,0.014913,1.000000,792,632592
840,97,0.014838,1.000000,776,633368
841,99,0.014764,1.000000,792,634160
842,99,0.014690,1.000000,792,634952
843,146,0.014617,1.000000,1168,636120
844,99,0.014544,1.000000,792,636912
845,158,0.014471,1.000000,1264,638176
846,158,0.014399,1.000000,1264,639440
847,97,0.014327,1.000000,776,640216
848,99,0.014255,1.000000,792,641008
849,99,0.014184,1.000000,792,641800
850,99,0.014113,1.000000,792,642592
851,99,0.014042,1.000000,792,643384
852,97,0.013972,1.000000,776,644160
853,156,0.013902,1.000000,1248,645408
854,99,0.013833,1.000000,792,646200
855,99,0.013764,1.000000,792,646992
856,99,0.013695,1.000000,792,647784
857,99,0.013626,1.000000,792,648576
858,156,0.013558,1.000000,1248,649824
859,99,0.013490,1.000000,792,650616
860,99,0.013423,1.000000,792,651408
861,99,0.013356,1.000000,792,652200
862,99,0.013289,1.000000,792,652992
863,99,0.013223,1.000000,792,653784
864,99,0.013157,1.000000,792,654576
865,96,0.013091,1.000000,768,655344
866,99,0.013025,1.000000,792,656136
867,99,0.012960,1.000000,792,656928
868,99,0.012895,1.000000,792,657720
869,156,0.012831,1.000000,1248,658968
870,158,0.012767,1.000000,1264,660232
871,99,0.012703,1.000000,792,661024
872,99,0.012639,1.000000,792,661816
873,99,0.012576,1.000000,792,662608
874,99,0.012513,1.000000,792,663400
875,99,0.012451,1.000000,792,664192
876,99,0.012389,1.000000,792,664984
877,99,0.012327,1.000000,792,665776
878,97,0.012265,1.000000,776,666552
879,99,0.012204,1.000000,792,667344
880,99,0.012143,1.000000,792,668136
881,99,0.012082,1.000000,792,668928
882,97,0.012021,1.000000,776,669704
883,99,0.011961,1.000000,792,670496
884,99,0.011902,1.000000,792,671288
885,99,0.011842,1.000000,792,672080
886,158,0.011783,1.000000,1264,673344
887,99,0.011724,1.000000,792,674136
888,99,0.011665,1.000000,792,674928
889,99,0.011607,1.000000,792,675720
890,99,0.011549,1.000000,792,676512
891,99,0.011491,1.000000,792,677304
892,147,0.011434,1.000000,1176,678480
893,156,0.011377,1.000000,1248,679728
894,99,0.011320,1.000000,792,680520
895,99,0.011263,1.000000,792,681312
896,99,0.011207,1.000000,792,682104
897,99,0.011151,1.000000,792,682896
898,99,0.011095,1.000000,792,683688
899,99,0.011040,1.000000,792,684480
900,99,0.010984,1.000000,792,685272
901,118,0.010929,1.000000,944,686216
902,99,0.010875,1.000000,792,687008
903,158,0.010820,1.000000,1264,688272
904,99,0.010766,1.000000,792,689064
905,99,0.010712,1.000000,792,689856
906,99,0.010659,1.000000,792,690648
907,99,0.010606,1.000000,792,691440
908,99,0.010553,1.000000,792,692232
909,154,0.010500,1.000000,1232,693464
910,99,0.010447,1.000000,792,694256
911,99,0.010395,1.000000,792,695048
912,99,0.010343,1.000000,792,695840
913,99,0.010291,1.000000,792,696632
914,98,0.010240,1.000000,784,697416
915,99,0.010189,1.000000,792,698208
916,99,0.010138,1.000000,792,699000
917,99,0.010087,1.000000,792,699792
918,99,0.010037,1.000000,792,700584
919,99,0.010000,1.000000,792,701376
920,99,0.010000,1.000000,792,702168
921,112,0.010000,1.000000,896,703064
922,99,0.010000,1.000000,792,703856
923,99,0.010000,1.000000,792,704648
924,99,0.010000,1.000000,792,705440
925,158,0.010000,1.000000,1264,706704
926,99,0.010000,1.000000,792,707496
927,99,0.010000,1.000000,792,708288
928,99,0.010000,1.000000,792,709080
929,157,0.010000,1.000000,1256,710336
930,127,0.010000,1.000000,1016,711352
931,99,0.010000,1.000000,792,712144
932,99,0.010000,1.000000,792,712936
933,99,0.010000,1.000000,792,713728
934,158,0.010000,1.000000,1264,714992
935,99,0.010000,1.000000,792,715784
936,99,0.010000,1.000000,792,716576
937,99,0.010000,1.000000,792,717368
938,99,0.010000,1.000000,792,718160
939,99,0.010000,1.000000,792,718952
940,99,0.010000,1.000000,792,719744
941,99,0.010000,1.000000,792,720536
942,99,0.010000,1.000000,792,721328
943,99,0.010000,1.000000,792,722120
944,99,0.010000,1.000000,792,722912
945,99,0.010000,1.000000,792,723704
946,157,0.010000,1.000000,1256,724960
947,158,0.010000,1.000000,1264,726224
948,99,0.010000,1.000000,792,727016
949,99,0.010000,1.000000,792,727808
950,158,0.010000,1.000000,1264,729072
951,99,0.010000,1.000000,792,729864
952,99,0.010000,1.000000,792,730656
953,99,0.010000,1.000000,792,731448
954,99,0.010000,1.000000,792,732240
955,99,0.010000,1.000000,792,733032
956,99,0.010000,1.000000,792,733824
957,99,0.010000,1.000000,792,734616
958,99,0.010000,1.000000,792,735408
959,99,0.010000,1.000000,792,736200
960,158,0.010000,1.000000,1264,737464
961,99,0.010000,1.000000,792,738256
962,135,0.010000,1.000000,1080,739336
963,99,0.010000,1.000000,792,740128
964,153,0.010000,1.000000,1224,741352
965,99,0.010000,1.000000,792,742144
966,99,0.010000,1.000000,792,742936
967,97,0.010000,1.000000,776,743712
968,97,0.010000,1.000000,776,744488
969,99,0.010000,1.000000,792,745280
970,99,0.010000,1.000000,792,746072
971,99,0.010000,1.000000,792,746864
972,156,0.010000,1.000000,1248,748112
973,99,0.010000,1.000000,792,748904
974,99,0.010000,1.000000,792,749696
975,101,0.010000,1.000000,808,750504
976,99,0.010000,1.000000,792,751296
977,99,0.010000,1.000000,792,752088
978,99,0.010000,1.000000,792,752880
979,97,0.010000,1.000000,776,753656
980,99,0.010000,1.000000,792,754448
981,99,0.010000,1.000000,792,755240
982,99,0.010000,1.000000,792,756032
983,99,0.010000,1.000000,792,756824
984,97,0.010000,1.000000,776,757600
985,99,0.010000,1.000000,792,758392
986,99,0.010000,1.000000,792,759184
987,99,0.010000,1.000000,792,759976
988,99,0.010000,1.000000,792,760768
989,99,0.010000,1.000000,792,761560
990,99,0.010000,1.000000,792,762352
991,127,0.010000,1.000000,1016,763368
992,99,0.010000,1.000000,792,764160
993,158,0.010000,1.000000,1264,765424
994,99,0.010000,1.000000,792,766216
995,158,0.010000,1.000000,1264,767480
996,99,0.010000,1.000000,792,768272
997,158,0.010000,1.000000,1264,769536
998,97,0.010000,1.000000,776,770312
999,157,0.010000,1.000000,1256,771568
1000,148,0.010000,1.000000,1184,772752
1001,158,0.010000,1.000000,1264,774016
1002,99,0.010000,1.000000,792,774808
1003,99,0.010000,1.000000,792,775600
1004,99,0.010000,1.000000,792,776392
1005,158,0.010000,1.000000,1264,777656
1006,125,0.010000,1.000000,1000,778656
1007,99,0.010000,1.000000,792,779448
1008,99,0.010000,1.000000,792,780240
1009,99,0.010000,1.000000,792,781032
1010,97,0.010000,1.000000,776,781808
1011,157,0.010000,1.000000,1256,783064
1012,99,0.010000,1.000000,792,783856
1013,99,0.010000,1.000000,792,784648
1014,99,0.010000,1.000000,792,785440
1015,99,0.010000,1.000000,792,786232
1016,99,0.010000,1.000000,792,787024
1017,158,0.010000,1.000000,1264,788288
1018,99,0.010000,1.000000,792,789080
1019,99,0.010000,1.000000,792,789872
1020,99,0.010000,1.000000,792,790664
1021,99,0.010000,1.000000,792,791456
1022,99,0.010000,1.000000,792,792248
1023,99,0.010000,1.000000,792,793040
1024,99,0.010000,1.000000,792,793832
1025,99,0.010000,1.000000,792,794624
1026,99,0.010000,1.000000,792,795416
1027,99,0.010000,1.000000,792,796208
1028,118,0.010000,1.000000,944,797152
1029,158,0.010000,1.000000,1264,798416
1030,99,0.010000,1.000000,792,799208
1031,99,0.010000,1.000000,792,800000
1032,158,0.010000,1.000000,1264,801264
1033,157,0.010000,1.000000,1256,802520
1034,158,0.010000,1.000000,1264,803784
1035,99,0.010000,1.000000,792,804576
1036,158,0.010000,1.000000,1264,805840
1037,99,0.010000,1.000000,792,806632
1038,99,0.010000,1.000000,792,807424
1039,99,0.010000,1.000000,792,808216
1040,99,0.010000,1.000000,792,809008
1041,99,0.010000,1.000000,792,809800
1042,158,0.010000,1.000000,1264,811064
1043,156,0.010000,1.000000,1248,812312
1044,96,0.010000,1.000000,768,813080
1045,97,0.010000,1.000000,776,813856
1046,121,0.010000,1.000000,968,814824
1047,113,0.010000,1.000000,904,815728
1048,99,0.010000,1.000000,792,816520
1049,135,0.010000,1.000000,1080,817600
1050,99,0.010000,1.000000,792,818392
1051,99,0.010000,1.000000,792,819184
1052,96,0.010000,1.000000,768,819952
1053,156,0.010000,1.000000,1248,821200
1054,158,0.010000,1.000000,1264,822464
1055,158,0.010000,1.000000,1264,823728
1056,99,0.010000,1.000000,792,824520
1057,157,0.010000,1.000000,1256,825776
1058,99,0.010000,1.000000,792,826568
1059,99,0.010000,1.000000,792,827360
1060,158,0.010000,1.000000,1264,828624
1061,99,0.010000,1.000000,792,829416
1062,97,0.010000,1.000000,776,830192
1063,99,0.010000,1.000000,792,830984
1064,99,0.010000,1.000000,792,831776
1065,99,0.010000,1.000000,792,832568
1066,99,0.010000,1.000000,792,833360
1067,99,0.010000,1.000000,792,834152
1068,99,0.010000,1.000000,792,834944
1069,99,0.010000,1.000000,792,835736
1070,99,0.010000,1.000000,792,836528
1071,97,0.010000,1.000000,776,837304
1072,157,0.010000,1.000000,1256,838560
1073,97,0.010000,1.000000,776,839336
1074,99,0.010000,1.000000,792,840128
1075,158,0.010000,1.000000,1264,841392
1076,99,0.010000,1.000000,792,842184
1077,99,0.010000,1.000000,792,842976
1078,99,0.010000,1.000000,792,843768
1079,97,0.010000,1.000000,776,844544
1080,158,0.010000,1.000000,1264,845808
1081,99,0.010000,1.000000,792,846600
1082,99,0.010000,1.000000,792,847392
1083,99,0.010000,1.000000,792,848184
1084,158,0.010000,1.000000,1264,849448
1085,99,0.010000,1.000000,792,850240
1086,99,0.010000,1.000000,792,851032
1087,99,0.010000,1.000000,792,851824
1088,97,0.010000,1.000000,776,852600
1089,158,0.010000,1.000000,1264,853864
1090,99,0.010000,1.000000,792,854656
1091,99,0.010000,1.000000,792,855448
1092,99,0.010000,1.000000,792,856240
1093,158,0.010000,1.000000,1264,857504
1094,99,0.010000,1.000000,792,858296
1095,97,0.010000,1.000000,776,859072
1096,99,0.010000,1.000000,792,859864
1097,99,0.010000,1.000000,792,860656
1098,157,0.010000,1.000000,1256,861912
1099,99,0.010000,1.000000,792,862704
1100,99,0.010000,1.000000,792,863496
1101,99,0.010000,1.000000,792,864288
1102,99,0.010000,1.000000,792,865080
1103,97,0.010000,1.000000,776,865856
1104,99,0.010000,1.000000,792,866648
1105,122,0.010000,1.000000,976,867624
1106,99,0.010000,1.000000,792,868416
1107,99,0.010000,1.000000,792,869208
1108,99,0.010000,1.000000,792,870000
1109,97,0.010000,1.000000,776,870776
1110,99,0.010000,1.000000,792,871568
1111,99,0.010000,1.000000,792,872360
1112,157,0.010000,1.000000,1256,873616
1113,99,0.010000,1.000000,792,874408
1114,99,0.010000,1.000000,792,875200
1115,99,0.010000,1.000000,792,875992
1116,99,0.010000,1.000000,792,876784
1117,99,0.010000,1.000000,792,877576
1118,99,0.010000,1.000000,792,878368
1119,99,0.010000,1.000000,792,879160
1120,126,0.010000,1.000000,1008,880168
1121,99,0.010000,1.000000,792,880960
1122,155,0.010000,1.000000,1240,882200
1123,99,0.010000,1.000000,792,882992
1124,99,0.010000,1.000000,792,883784
1125,99,0.010000,1.000000,792,884576
1126,99,0.010000,1.000000,792,885368
1127,135,0.010000,1.000000,1080,886448
1128,96,0.010000,1.000000,768,887216
1129,99,0.010000,1.000000,792,888008
1130,99,0.010000,1.000000,792,888800
1131,135,0.010000,1.000000,1080,889880
1132,99,0.010000,1.000000,792,890672
1133,158,0.010000,1.000000,1264,891936
1134,99,0.010000,1.000000,792,892728
1135,99,0.010000,1.000000,792,893520
1136,99,0.010000,1.000000,792,894312
1137,99,0.010000,1.000000,792,895104
1138,99,0.010000,1.000000,792,895896
1139,99,0.010000,1.000000,792,896688
1140,99,0.010000,1.000000,792,897480
1141,99,0.010000,1.000000,792,898272
1142,99,0.010000,1.000000,792,899064
1143,99,0.010000,1.000000,792,899856
1144,99,0.010000,1.000000,792,900648
1145,99,0.010000,1.000000,792,901440
1146,162,0.010000,1.000000,1296,902736
1147,99,0.010000,1.000000,792,903528
1148,97,0.010000,1.000000,776,904304
1149,97,0.010000,1.000000,776,905080
1150,99,0.010000,1.000000,792,905872
1151,99,0.010000,1.000000,792,906664
1152,99,0.010000,1.000000,792,907456
1153,99,0.010000,1.000000,792,908248
1154,97,0.010000,1.000000,776,909024
1155,99,0.010000,1.000000,792,909816
1156,99,0.010000,1.000000,792,910608
1157,99,0.010000,1.000000,792,911400
1158,99,0.010000,1.000000,792,912192
1159,157,0.010000,1.000000,1256,913448
1160,99,0.010000,1.000000,792,914240
1161,99,0.010000,1.000000,792,915032
1162,99,0.010000,1.000000,792,915824
1163,99,0.010000,1.000000,792,916616
1164,99,0.010000,1.000000,792,917408
1165,99,0.010000,1.000000,792,918200
1166,99,0.010000,1.000000,792,918992
1167,99,0.010000,1.000000,792,919784
1168,99,0.010000,1.000000,792,920576
1169,99,0.010000,1.000000,792,921368
1170,157,0.010000,1.000000,1256,922624
1171,99,0.010000,1.000000,792,923416
1172,114,0.010000,1.000000,912,924328
1173,99,0.010000,1.000000,792,925120
1174,99,0.010000,1.000000,792,925912
1175,99,0.010000,1.000000,792,926704
1176,99,0.010000,1.000000,792,927496
1177,97,0.010000,1.000000,776,928272
1178,99,0.010000,1.000000,792,929064
1179,97,0.010000,1.000000,776,929840
1180,158,0.010000,1.000000,1264,931104
1181,158,0.010000,1.000000,1264,932368
1182,99,0.010000,1.000000,792,933160
1183,99,0.010000,1.000000,792,933952
1184,97,0.010000,1.000000,776,934728
1185,99,0.010000,1.000000,792,935520
1186,99,0.010000,1.000000,792,936312
1187,99,0.010000,1.000000,792,937104
1188,99,0.010000,1.000000,792,937896
1189,99,0.010000,1.000000,792,938688
1190,99,0.010000,1.000000,792,939480
1191,99,0.010000,1.000000,792,940272
1192,156,0.010000,1.000000,1248,941520
1193,99,0.010000,1.000000,792,942312
1194,97,0.010000,1.000000,776,943088
1195,97,0.010000,1.000000,776,943864
1196,158,0.010000,1.000000,1264,945128
1197,97,0.010000,1.000000,776,945904
1198,99,0.010000,1.000000,792,946696
1199,99,0.010000,1.000000,792,947488
1200,99,0.010000,1.000000,792,948280
1201,99,0.010000,1.000000,792,949072
1202,99,0.010000,1.000000,792,949864
1203,156,0.010000,1.000000,1248,951112
1204,99,0.010000,1.000000,792,951904
1205,97,0.010000,1.000000,776,952680
1206,99,0.010000,1.000000,792,953472
1207,157,0.010000,1.000000,1256,954728
1208,99,0.010000,1.000000,792,955520
1209,99,0.010000,1.000000,792,956312
1210,99,0.010000,1.000000,792,957104
1211,99,0.010000,1.000000,792,957896
1212,158,0.010000,1.000000,1264,959160
1213,99,0.010000,1.000000,792,959952
1214,99,0.010000,1.000000,792,960744
1215,99,0.010000,1.000000,792,961536
1216,99,0.010000,1.000000,792,962328
1217,158,0.010000,1.000000,1264,963592
1218,157,0.010000,1.000000,1256,964848
1219,99,0.010000,1.000000,792,965640
1220,99,0.010000,1.000000,792,966432
1221,97,0.010000,1.000000,776,967208
1222,99,0.010000,1.000000,792,968000
1223,99,0.010000,1.000000,792,968792
1224,99,0.010000,1.000000,792,969584
1225,99,0.010000,1.000000,792,970376
1226,99,0.010000,1.000000,792,971168
1227,152,0.010000,1.000000,1216,972384
1228,99,0.010000,1.000000,792,973176
1229,158,0.010000,1.000000,1264,974440
1230,99,0.010000,1.000000,792,975232
1231,158,0.010000,1.000000,1264,976496
1232,99,0.010000,1.000000,792,977288
1233,99,0.010000,1.000000,792,978080
1234,99,0.010000,1.000000,792,978872
1235,99,0.010000,1.000000,792,979664
1236,99,0.010000,1.000000,792,980456
1237,99,0.010000,1.000000,792,981248
1238,156,0.010000,1.000000,1248,982496
1239,96,0.010000,1.000000,768,983264
1240,99,0.010000,1.000000,792,984056
1241,99,0.010000,1.000000,792,984848
1242,158,0.010000,1.000000,1264,986112
1243,96,0.010000,1.000000,768,986880
1244,99,0.010000,1.000000,792,987672
1245,99,0.010000,1.000000,792,988464
1246,99,0.010000,1.000000,792,989256
1247,99,0.010000,1.000000,792,990048
1248,99,0.010000,1.000000,792,990840
1249,158,0.010000,1.000000,1264,992104
1250,99,0.010000,1.000000,792,992896
1251,99,0.010000,1.000000,792,993688
1252,99,0.010000,1.000000,792,994480
1253,158,0.010000,1.000000,1264,995744
1254,99,0.010000,1.000000,792,996536
1255,99,0.010000,1.000000,792,997328
1256,158,0.010000,1.000000,1264,998592
1257,135,0.010000,1.000000,1080,999672
1258,99,0.010000,1.000000,792,1000464
1259,97,0.010000,1.000000,776,1001240
1260,99,0.010000,1.000000,792,1002032
1261,99,0.010000,1.000000,792,1002824
1262,99,0.010000,1.000000,792,1003616
1263,99,0.010000,1.000000,792,1004408
1264,99,0.010000,1.000000,792,1005200
1265,158,0.010000,1.000000,1264,1006464
1266,99,0.010000,1.000000,792,1007256
1267,156,0.010000,1.000000,1248,1008504
1268,99,0.010000,1.000000,792,1009296
1269,99,0.010000,1.000000,792,1010088
1270,99,0.010000,1.000000,792,1010880
1271,99,0.010000,1.000000,792,1011672
1272,157,0.010000,1.000000,1256,1012928
1273,99,0.010000,1.000000,792,1013720
1274,158,0.010000,1.000000,1264,1014984
1275,99,0.010000,1.000000,792,1015776
1276,158,0.010000,1.000000,1264,1017040
1277,99,0.010000,1.000000,792,1017832
1278,158,0.010000,1.000000,1264,1019096
1279,99,0.010000,1.000000,792,1019888
1280,99,0.010000,1.000000,792,1020680
1281,97,0.010000,1.000000,776,1021456
1282,99,0.010000,1.000000,792,1022248
1283,97,0.010000,1.000000,776,1023024
1284,99,0.010000,1.000000,792,1023816
1285,158,0.010000,1.000000,1264,1025080
1286,99,0.010000,1.000000,792,1025872
1287,99,0.010000,1.000000,792,1026664
1288,154,0.010000,1.000000,1232,1027896
1289,99,0.010000,1.000000,792,1028688
1290,99,0.010000,1.000000,792,1029480
1291,99,0.010000,1.000000,792,1030272
1292,99,0.010000,1.000000,792,1031064
1293,99,0.010000,1.000000,792,1031856
1294,99,0.010000,1.000000,792,1032648
1295,99,0.010000,1.000000,792,1033440
1296,99,0.010000,1.000000,792,1034232
1297,99,0.010000,1.000000,792,1035024
1298,99,0.010000,1.000000,792,1035816
1299,99,0.010000,1.000000,792,1036608
1300,99,0.010000,1.000000,792,1037400
1301,99,0.010000,1.000000,792,1038192
1302,97,0.010000,1.000000,776,1038968
1303,148,0.010000,1.000000,1184,1040152
1304,158,0.010000,1.000000,1264,1041416
1305,99,0.010000,1.000000,792,1042208
1306,99,0.010000,1.000000,792,1043000
1307,99,0.010000,1.000000,792,1043792
1308,99,0.010000,1.000000,792,1044584
1309,99,0.010000,1.000000,792,1045376
1310,157,0.010000,1.000000,1256,1046632
1311,99,0.010000,1.000000,792,1047424
1312,99,0.010000,1.000000,792,1048216
1313,97,0.010000,1.000000,776,1048992
1314,157,0.010000,1.000000,1256,1050248
1315,99,0.010000,1.000000,792,1051040
1316,99,0.010000,1.000000,792,1051832
1317,99,0.010000,1.000000,792,1052624
1318,99,0.010000,1.000000,792,1053416
1319,99,0.010000,1.000000,792,1054208
1320,97,0.010000,1.000000,776,1054984
1321,99,0.010000,1.000000,792,1055776
1322,99,0.010000,1.000000,792,1056568
1323,99,0.010000,1.000000,792,1057360
1324,158,0.010000,1.000000,1264,1058624
1325,99,0.010000,1.000000,792,1059416
1326,99,0.010000,1.000000,792,1060208
1327,158,0.010000,1.000000,1264,1061472
1328,99,0.010000,1.000000,792,1062264
1329,99,0.010000,1.000000,792,1063056
1330,99,0.010000,1.000000,792,1063848
1331,99,0.010000,1.000000,792,1064640
1332,99,0.010000,1.000000,792,1065432
1333,99,0.010000,1.000000,792,1066224
1334,99,0.010000,1.000000,792,1067016
1335,125,0.010000,1.000000,1000,1068016
1336,99,0.010000,1.000000,792,1068808
1337,99,0.010000,1.000000,792,1069600
1338,99,0.010000,1.000000,792,1070392
1339,99,0.010000,1.000000,792,1071184
1340,99,0.010000,1.000000,792,1071976
1341,99,0.010000,1.000000,792,1072768
1342,99,0.010000,1.000000,792,1073560
1343,99,0.010000,1.000000,792,1074352
1344,99,0.010000,1.000000,792,1075144
1345,99,0.010000,1.000000,792,1075936
1346,99,0.010000,1.000000,792,1076728
1347,158,0.010000,1.000000,1264,1077992
1348,99,0.010000,1.000000,792,1078784
1349,99,0.010000,1.000000,792,1079576
1350,99,0.010000,1.000000,792,1080368
1351,99,0.010000,1.000000,792,1081160
1352,99,0.010000,1.000000,792,1081952
1353,99,0.010000,1.000000,792,1082744
1354,99,0.010000,1.000000,792,1083536
1355,99,0.010000,1.000000,792,1084328
1356,156,0.010000,1.000000,1248,1085576
1357,99,0.010000,1.000000,792,1086368
1358,99,0.010000,1.000000,792,1087160
1359,99,0.010000,1.000000,792,1087952
1360,97,0.010000,1.000000,776,1088728
1361,99,0.010000,1.000000,792,1089520
1362,157,0.010000,1.000000,1256,1090776
1363,158,0.010000,1.000000,1264,1092040
1364,158,0.010000,1.000000,1264,1093304
1365,99,0.010000,1.000000,792,1094096
1366,99,0.010000,1.000000,792,1094888
1367,99,0.010000,1.000000,792,1095680
1368,122,0.010000,1.000000,976,1096656
1369,99,0.010000,1.000000,792,1097448
1370,99,0.010000,1.000000,792,1098240
1371,121,0.010000,1.000000,968,1099208
1372,99,0.010000,1.000000,792,1100000
1373,99,0.010000,1.000000,792,1100792
1374,97,0.010000,1.000000,776,1101568
1375,99,0.010000,1.000000,792,1102360
1376,99,0.010000,1.000000,792,1103152
1377,98,0.010000,1.000000,784,1103936
1378,99,0.010000,1.000000,792,1104728
1379,99,0.010000,1.000000,792,1105520
1380,99,0.010000,1.000000,792,1106312
1381,158,0.010000,1.000000,1264,1107576
1382,97,0.010000,1.000000,776,1108352
1383,99,0.010000,1.000000,792,1109144
1384,130,0.010000,1.000000,1040,1110184
1385,156,0.010000,1.000000,1248,1111432
1386,97,0.010000,1.000000,776,1112208
1387,158,0.010000,1.000000,1264,1113472
1388,99,0.010000,1.000000,792,1114264
1389,99,0.010000,1.000000,792,1115056
1390,99,0.010000,1.000000,792,1115848
1391,99,0.010000,1.000000,792,1116640
1392,98,0.010000,1.000000,784,1117424
1393,99,0.010000,1.000000,792,1118216
1394,99,0.010000,1.000000,792,1119008
1395,97,0.010000,1.000000,776,1119784
1396,99,0.010000,1.000000,792,1120576
1397,99,0.010000,1.000000,792,1121368
1398,99,0.010000,1.000000,792,1122160
1399,157,0.010000,1.000000,1256,1123416
1400,99,0.010000,1.000000,792,1124208
1401,99,0.010000,1.000000,792,1125000
1402,99,0.010000,1.000000,792,1125792
1403,157,0.010000,1.000000,1256,1127048
1404,99,0.010000,1.000000,792,1127840
1405,99,0.010000,1.000000,792,1128632
1406,99,0.010000,1.000000,792,1129424
1407,138,0.010000,1.000000,1104,1130528
1408,99,0.010000,1.000000,792,1131320
1409,155,0.010000,1.000000,1240,1132560
1410,158,0.010000,1.000000,1264,1133824
1411,99,0.010000,1.000000,792,1134616
1412,158,0.010000,1.000000,1264,1135880
1413,99,0.010000,1.000000,792,1136672
1414,99,0.010000,1.000000,792,1137464
1415,97,0.010000,1.000000,776,1138240
1416,97,0.010000,1.000000,776,1139016
1417,99,0.010000,1.000000,792,1139808
1418,99,0.010000,1.000000,792,1140600
1419,157,0.010000,1.000000,1256,1141856
1420,99,0.010000,1.000000,792,1142648
1421,157,0.010000,1.000000,1256,1143904
1422,157,0.010000,1.000000,1256,1145160
1423,96,0.010000,1.000000,768,1145928
1424,97,0.010000,1.000000,776,1146704
1425,99,0.010000,1.000000,792,1147496
1426,158,0.010000,1.000000,1264,1148760
1427,157,0.010000,1.000000,1256,1150016
1428,99,0.010000,1.000000,792,1150808
1429,121,0.010000,1.000000,968,1151776
1430,99,0.010000,1.000000,792,1152568
1431,99,0.010000,1.000000,792,1153360
1432,98,0.010000,1.000000,784,1154144
1433,99,0.010000,1.000000,792,1154936
1434,99,0.010000,1.000000,792,1155728
1435,99,0.010000,1.000000,792,1156520
1436,99,0.010000,1.000000,792,1157312
1437,99,0.010000,1.000000,792,1158104
1438,158,0.010000,1.000000,1264,1159368
1439,156,0.010000,1.000000,1248,1160616
1440,99,0.010000,1.000000,792,1161408
1441,98,0.010000,1.000000,784,1162192
1442,99,0.010000,1.000000,792,1162984
1443,99,0.010000,1.000000,792,1163776
1444,157,0.010000,1.000000,1256,1165032
1445,158,0.010000,1.000000,1264,1166296
1446,97,0.010000,1.000000,776,1167072
1447,99,0.010000,1.000000,792,1167864
1448,99,0.010000,1.000000,792,1168656
1449,97,0.010000,1.000000,776,1169432
1450,105,0.010000,1.000000,840,1170272
1451,99,0.010000,1.000000,792,1171064
1452,99,0.010000,1.000000,792,1171856
1453,158,0.010000,1.000000,1264,1173120
1454,99,0.010000,1.000000,792,1173912
1455,158,0.010000,1.000000,1264,1175176
1456,99,0.010000,1.000000,792,1175968
1457,99,0.010000,1.000000,792,1176760
1458,99,0.010000,1.000000,792,1177552
1459,99,0.010000,1.000000,792,1178344
1460,97,0.010000,1.000000,776,1179120
1461,99,0.010000,1.000000,792,1179912
1462,99,0.010000,1.000000,792,1180704
1463,131,0.010000,1.000000,1048,1181752
1464,99,0.010000,1.000000,792,1182544
1465,99,0.010000,1.000000,792,1183336
1466,156,0.010000,1.000000,1248,1184584
1467,158,0.010000,1.000000,1264,1185848
1468,99,0.010000,1.000000,792,1186640
1469,99,0.010000,1.000000,792,1187432
1470,99,0.010000,1.000000,792,1188224
1471,155,0.010000,1.000000,1240,1189464
1472,99,0.010000,1.000000,792,1190256
1473,156,0.010000,1.000000,1248,1191504
1474,99,0.010000,1.000000,792,1192296
1475,99,0.010000,1.000000,792,1193088
1476,99,0.010000,1.000000,792,1193880
1477,99,0.010000,1.000000,792,1194672
1478,158,0.010000,1.000000,1264,1195936
1479,99,0.010000,1.000000,792,1196728
1480,99,0.010000,1.000000,792,1197520
1481,99,0.010000,1.000000,792,1198312
1482,99,0.010000,1.000000,792,1199104
1483,99,0.010000,1.000000,792,1199896
1484,158,0.010000,1.000000,1264,1201160
1485,158,0.010000,1.000000,1264,1202424
1486,157,0.010000,1.000000,1256,1203680
1487,99,0.010000,1.000000,792,1204472
1488,99,0.010000,1.000000,792,1205264
1489,117,0.010000,1.000000,936,1206200
1490,99,0.010000,1.000000,792,1206992
1491,99,0.010000,1.000000,792,1207784
1492,99,0.010000,1.000000,792,1208576
1493,99,0.010000,1.000000,792,1209368
1494,99,0.010000,1.000000,792,1210160
1495,99,0.010000,1.000000,792,1210952
1496,158,0.010000,1.000000,1264,1212216
1497,145,0.010000,1.000000,1160,1213376
1498,158,0.010000,1.000000,1264,1214640
1499,99,0.010000,1.000000,792,1215432
1500,97,0.010000,1.000000,776,1216208
1501,158,0.010000,1.000000,1264,1217472
1502,99,0.010000,1.000000,792,1218264
1503,99,0.010000,1.000000,792,1219056
1504,99,0.010000,1.000000,792,1219848
1505,99,0.010000,1.000000,792,1220640
1506,99,0.010000,1.000000,792,1221432
1507,97,0.010000,1.000000,776,1222208
1508,97,0.010000,1.000000,776,1222984
1509,158,0.010000,1.000000,1264,1224248
1510,97,0.010000,1.000000,776,1225024
1511,158,0.010000,1.000000,1264,1226288
1512,158,0.010000,1.000000,1264,1227552
1513,157,0.010000,1.000000,1256,1228808
1514,140,0.010000,1.000000,1120,1229928
1515,158,0.010000,1.000000,1264,1231192
1516,99,0.010000,1.000000,792,1231984
1517,99,0.010000,1.000000,792,1232776
1518,97,0.010000,1.000000,776,1233552
1519,99,0.010000,1.000000,792,1234344
1520,97,0.010000,1.000000,776,1235120
1521,157,0.010000,1.000000,1256,1236376
1522,99,0.010000,1.000000,792,1237168
1523,99,0.010000,1.000000,792,1237960
1524,99,0.010000,1.000000,792,1238752
1525,103,0.010000,1.000000,824,1239576
1526,158,0.010000,1.000000,1264,1240840
1527,158,0.010000,1.000000,1264,1242104
1528,99,0.010000,1.000000,792,1242896
1529,99,0.010000,1.000000,792,1243688
1530,99,0.010000,1.000000,792,1244480
1531,156,0.010000,1.000000,1248,1245728
1532,136,0.010000,1.000000,1088,1246816
1533,99,0.010000,1.000000,792,1247608
1534,157,0.010000,1.000000,1256,1248864
1535,158,0.010000,1.000000,1264,1250128
1536,129,0.010000,1.000000,1032,1251160
1537,138,0.010000,1.000000,1104,1252264
1538,158,0.010000,1.000000,1264,1253528
1539,134,0.010000,1.000000,1072,1254600
1540,100,0.010000,1.000000,800,1255400
1541,99,0.010000,1.000000,792,1256192
1542,99,0.010000,1.000000,792,1256984
1543,158,0.010000,1.000000,1264,1258248
1544,158,0.010000,1.000000,1264,1259512
1545,99,0.010000,1.000000,792,1260304
1546,97,0.010000,1.000000,776,1261080
1547,99,0.010000,1.000000,792,1261872
1548,99,0.010000,1.000000,792,1262664
1549,158,0.010000,1.000000,1264,1263928
1550,97,0.010000,1.000000,776,1264704
1551,99,0.010000,1.000000,792,1265496
1552,99,0.010000,1.000000,792,1266288
1553,99,0.010000,1.000000,792,1267080
1554,99,0.010000,1.000000,792,1267872
1555,102,0.010000,1.000000,816,1268688
1556,99,0.010000,1.000000,792,1269480
1557,155,0.010000,1.000000,1240,1270720
1558,157,0.010000,1.000000,1256,1271976
1559,99,0.010000,1.000000,792,1272768
1560,99,0.010000,1.000000,792,1273560
1561,99,0.010000,1.000000,792,1274352
1562,99,0.010000,1.000000,792,1275144
1563,158,0.010000,1.000000,1264,1276408
1564,97,0.010000,1.000000,776,1277184
1565,99,0.010000,1.000000,792,1277976
1566,158,0.010000,1.000000,1264,1279240
1567,158,0.010000,1.000000,1264,1280504
1568,158,0.010000,1.000000,1264,1281768
1569,156,0.010000,1.000000,1248,1283016
1570,99,0.010000,1.000000,792,1283808
1571,99,0.010000,1.000000,792,1284600
1572,158,0.010000,1.000000,1264,1285864
1573,158,0.010000,1.000000,1264,1287128
1574,99,0.010000,1.000000,792,1287920
1575,158,0.010000,1.000000,1264,1289184
1576,96,0.010000,1.000000,768,1289952
1577,99,0.010000,1.000000,792,1290744
1578,97,0.010000,1.000000,776,1291520
1579,99,0.010000,1.000000,792,1292312
1580,99,0.010000,1.000000,792,1293104
1581,99,0.010000,1.000000,792,1293896
1582,99,0.010000,1.000000,792,1294688
1583,157,0.010000,1.000000,1256,1295944
1584,98,0.010000,1.000000,784,1296728
1585,99,0.010000,1.000000,792,1297520
1586,157,0.010000,1.000000,1256,1298776
1587,98,0.010000,1.000000,784,1299560
1588,123,0.010000,1.000000,984,1300544
1589,99,0.010000,1.000000,792,1301336
1590,97,0.010000,1.000000,776,1302112
1591,99,0.010000,1.000000,792,1302904
1592,99,0.010000,1.000000,792,1303696
1593,158,0.010000,1.000000,1264,1304960
1594,99,0.010000,1.000000,792,1305752
1595,99,0.010000,1.000000,792,1306544
1596,158,0.010000,1.000000,1264,1307808
1597,98,0.010000,1.000000,784,1308592
1598,99,0.010000,1.000000,792,1309384
1599,99,0.010000,1.000000,792,1310176
1600,99,0.010000,1.000000,792,1310968
1601,158,0.010000,1.000000,1264,1312232
1602,99,0.010000,1.000000,792,1313024
1603,97,0.010000,1.000000,776,1313800
1604,158,0.010000,1.000000,1264,1315064
1605,153,0.010000,1.000000,1224,1316288
1606,99,0.010000,1.000000,792,1317080
1607,158,0.010000,1.000000,1264,1318344
1608,158,0.010000,1.000000,1264,1319608
1609,158,0.010000,1.000000,1264,1320872
1610,99,0.010000,1.000000,792,1321664
1611,133,0.010000,1.000000,1064,1322728
1612,97,0.010000,1.000000,776,1323504
1613,99,0.010000,1.000000,792,1324296
1614,157,0.010000,1.000000,1256,1325552
1615,153,0.010000,1.000000,1224,1326776
1616,109,0.010000,1.000000,872,1327648
1617,97,0.010000,1.000000,776,1328424
1618,99,0.010000,1.000000,792,1329216
1619,148,0.010000,1.000000,1184,1330400
1620,157,0.010000,1.000000,1256,1331656
1621,99,0.010000,1.000000,792,1332448
1622,99,0.010000,1.000000,792,1333240
1623,97,0.010000,1.000000,776,1334016
1624,99,0.010000,1.000000,792,1334808
1625,99,0.010000,1.000000,792,1335600
1626,99,0.010000,1.000000,792,1336392
1627,157,0.010000,1.000000,1256,1337648
1628,99,0.010000,1.000000,792,1338440
1629,99,0.010000,1.000000,792,1339232
1630,99,0.010000,1.000000,792,1340024
1631,99,0.010000,1.000000,792,1340816
1632,99,0.010000,1.000000,792,1341608
1633,157,0.010000,1.000000,1256,1342864
1634,99,0.010000,1.000000,792,1343656
1635,97,0.010000,1.000000,776,1344432
1636,99,0.010000,1.000000,792,1345224
1637,99,0.010000,1.000000,792,1346016
1638,158,0.010000,1.000000,1264,1347280
1639,97,0.010000,1.000000,776,1348056
1640,97,0.010000,1.000000,776,1348832
1641,99,0.010000,1.000000,792,1349624
1642,97,0.010000,1.000000,776,1350400
1643,158,0.010000,1.000000,1264,1351664
1644,140,0.010000,1.000000,1120,1352784
1645,156,0.010000,1.000000,1248,1354032
1646,97,0.010000,1.000000,776,1354808
1647,158,0.010000,1.000000,1264,1356072
1648,123,0.010000,1.000000,984,1357056
1649,154,0.010000,1.000000,1232,1358288
1650,99,0.010000,1.000000,792,1359080
1651,97,0.010000,1.000000,776,1359856
1652,157,0.010000,1.000000,1256,1361112
1653,99,0.010000,1.000000,792,1361904
1654,97,0.010000,1.000000,776,1362680
1655,154,0.010000,1.000000,1232,1363912
1656,99,0.010000,1.000000,792,1364704
1657,120,0.010000,1.000000,960,1365664
1658,97,0.010000,1.000000,776,1366440
1659,157,0.010000,1.000000,1256,1367696
1660,158,0.010000,1.000000,1264,1368960
1661,156,0.010000,1.000000,1248,1370208
1662,158,0.010000,1.000000,1264,1371472
1663,157,0.010000,1.000000,1256,1372728
1664,99,0.010000,1.000000,792,1373520
1665,153,0.010000,1.000000,1224,1374744
1666,157,0.010000,1.000000,1256,1376000
1667,97,0.010000,1.000000,776,1376776
1668,158,0.010000,1.000000,1264,1378040
1669,158,0.010000,1.000000,1264,1379304
1670,99,0.010000,1.000000,792,1380096
1671,158,0.010000,1.000000,1264,1381360
1672,136,0.010000,1.000000,1088,1382448
1673,99,0.010000,1.000000,792,1383240
1674,156,0.010000,1.000000,1248,1384488
1675,99,0.010000,1.000000,792,1385280
1676,99,0.010000,1.000000,792,1386072
1677,97,0.010000,1.000000,776,1386848
1678,97,0.010000,1.000000,776,1387624
1679,97,0.010000,1.000000,776,1388400
1680,97,0.010000,1.000000,776,1389176
1681,99,0.010000,1.000000,792,1389968
1682,99,0.010000,1.000000,792,1390760
1683,147,0.010000,1.000000,1176,1391936
1684,99,0.010000,1.000000,792,1392728
1685,99,0.010000,1.000000,792,1393520
1686,99,0.010000,1.000000,792,1394312
1687,157,0.010000,1.000000,1256,1395568
1688,158,0.010000,1.000000,1264,1396832
1689,138,0.010000,1.000000,1104,1397936
1690,99,0.010000,1.000000,792,1398728
1691,98,0.010000,1.000000,784,1399512
1692,99,0.010000,1.000000,792,1400304
1693,98,0.010000,1.000000,784,1401088
1694,99,0.010000,1.000000,792,1401880
1695,99,0.010000,1.000000,792,1402672
1696,156,0.010000,1.000000,1248,1403920
1697,99,0.010000,1.000000,792,1404712
1698,99,0.010000,1.000000,792,1405504
1699,158,0.010000,1.000000,1264,1406768
1700,99,0.010000,1.000000,792,1407560
1701,97,0.010000,1.000000,776,1408336
1702,111,0.010000,1.000000,888,1409224
1703,158,0.010000,1.000000,1264,1410488
1704,99,0.010000,1.000000,792,1411280
1705,158,0.010000,1.000000,1264,1412544
1706,158,0.010000,1.000000,1264,1413808
1707,158,0.010000,1.000000,1264,1415072
1708,127,0.010000,1.000000,1016,1416088
1709,99,0.010000,1.000000,792,1416880
1710,157,0.010000,1.000000,1256,1418136
1711,97,0.010000,1.000000,776,1418912
1712,97,0.010000,1.000000,776,1419688
1713,99,0.010000,1.000000,792,1420480
1714,99,0.010000,1.000000,792,1421272
1715,99,0.010000,1.000000,792,1422064
1716,158,0.010000,1.000000,1264,1423328
1717,157,0.010000,1.000000,1256,1424584
1718,156,0.010000,1.000000,1248,1425832
1719,99,0.010000,1.000000,792,1426624
1720,99,0.010000,1.000000,792,1427416
1721,97,0.010000,1.000000,776,1428192
1722,156,0.010000,1.000000,1248,1429440
1723,158,0.010000,1.000000,1264,1430704
1724,157,0.010000,1.000000,1256,1431960
1725,106,0.010000,1.000000,848,1432808
1726,157,0.010000,1.000000,1256,1434064
1727,97,0.010000,1.000000,776,1434840
1728,158,0.010000,1.000000,1264,1436104
1729,156,0.010000,1.000000,1248,1437352
1730,116,0.010000,1.000000,928,1438280
1731,158,0.010000,1.000000,1264,1439544
1732,99,0.010000,1.000000,792,1440336
1733,99,0.010000,1.000000,792,1441128
1734,157,0.010000,1.000000,1256,1442384
1735,97,0.010000,1.000000,776,1443160
1736,97,0.010000,1.000000,776,1443936
1737,158,0.010000,1.000000,1264,1445200
1738,97,0.010000,1.000000,776,1445976
1739,97,0.010000,1.000000,776,1446752
1740,97,0.010000,1.000000,776,1447528
1741,158,0.010000,1.000000,1264,1448792
1742,99,0.010000,1.000000,792,1449584
1743,155,0.010000,1.000000,1240,1450824
1744,97,0.010000,1.000000,776,1451600
1745,97,0.010000,1.000000,776,1452376
1746,99,0.010000,1.000000,792,1453168
1747,158,0.010000,1.000000,1264,1454432
1748,99,0.010000,1.000000,792,1455224
1749,158,0.010000,1.000000,1264,1456488
1750,156,0.010000,1.000000,1248,1457736
1751,158,0.010000,1.000000,1264,1459000
1752,97,0.010000,1.000000,776,1459776
1753,99,0.010000,1.000000,792,1460568
1754,99,0.010000,1.000000,792,1461360
1755,97,0.010000,1.000000,776,1462136
1756,158,0.010000,1.000000,1264,1463400
1757,158,0.010000,1.000000,1264,1464664
1758,158,0.010000,1.000000,1264,1465928
1759,97,0.010000,1.000000,776,1466704
1760,156,0.010000,1.000000,1248,1467952
1761,156,0.010000,1.000000,1248,1469200
1762,99,0.010000,1.000000,792,1469992
1763,157,0.010000,1.000000,1256,1471248
1764,96,0.010000,1.000000,768,1472016
1765,97,0.010000,1.000000,776,1472792
1766,99,0.010000,1.000000,792,1473584
1767,97,0.010000,1.000000,776,1474360
1768,99,0.010000,1.000000,792,1475152
1769,158,0.010000,1.000000,1264,1476416
1770,157,0.010000,1.000000,1256,1477672
1771,123,0.010000,1.000000,984,1478656
1772,99,0.010000,1.000000,792,1479448
1773,126,0.010000,1.000000,1008,1480456
1774,158,0.010000,1.000000,1264,1481720
1775,143,0.010000,1.000000,1144,1482864
1776,99,0.010000,1.000000,792,1483656
1777,99,0.010000,1.000000,792,1484448
1778,99,0.010000,1.000000,792,1485240
1779,143,0.010000,1.000000,1144,1486384
1780,158,0.010000,1.000000,1264,1487648
1781,155,0.010000,1.000000,1240,1488888
1782,158,0.010000,1.000000,1264,1490152
1783,155,0.010000,1.000000,1240,1491392
1784,158,0.010000,1.000000,1264,1492656
1785,97,0.010000,1.000000,776,1493432
1786,99,0.010000,1.000000,792,1494224
1787,99,0.010000,1.000000,792,1495016
1788,158,0.010000,1.000000,1264,1496280
1789,99,0.010000,1.000000,792,1497072
1790,156,0.010000,1.000000,1248,1498320
1791,115,0.010000,1.000000,920,1499240
1792,99,0.010000,1.000000,792,1500032
1793,97,0.010000,1.000000,776,1500808
1794,97,0.010000,1.000000,776,1501584
1795,158,0.010000,1.000000,1264,1502848
1796,158,0.010000,1.000000,1264,1504112
1797,99,0.010000,1.000000,792,1504904
1798,97,0.010000,1.000000,776,1505680
1799,97,0.010000,1.000000,776,1506456
1800,97,0.010000,1.000000,776,1507232
1801,97,0.010000,1.000000,776,1508008
1802,155,0.010000,1.000000,1240,1509248
1803,97,0.010000,1.000000,776,1510024
1804,158,0.010000,1.000000,1264,1511288
1805,158,0.010000,1.000000,1264,1512552
1806,150,0.010000,1.000000,1200,1513752
1807,97,0.010000,1.000000,776,1514528
1808,158,0.010000,1.000000,1264,1515792
1809,99,0.010000,1.000000,792,1516584
1810,97,0.010000,1.000000,776,1517360
1811,157,0.010000,1.000000,1256,1518616
1812,99,0.010000,1.000000,792,1519408
1813,97,0.010000,1.000000,776,1520184
1814,156,0.010000,1.000000,1248,1521432
1815,99,0.010000,1.000000,792,1522224
1816,158,0.010000,1.000000,1264,1523488
1817,136,0.010000,1.000000,1088,1524576
1818,157,0.010000,1.000000,1256,1525832
1819,99,0.010000,1.000000,792,1526624
1820,158,0.010000,1.000000,1264,1527888
1821,158,0.010000,1.000000,1264,1529152
1822,106,0.010000,1.000000,848,1530000
1823,98,0.010000,1.000000,784,1530784
1824,97,0.010000,1.000000,776,1531560
1825,158,0.010000,1.000000,1264,1532824
1826,99,0.010000,1.000000,792,1533616
1827,110,0.010000,1.000000,880,1534496
1828,97,0.010000,1.000000,776,1535272
1829,156,0.010000,1.000000,1248,1536520
1830,158,0.010000,1.000000,1264,1537784
1831,157,0.010000,1.000000,1256,1539040
1832,158,0.010000,1.000000,1264,1540304
1833,158,0.010000,1.000000,1264,1541568
1834,99,0.010000,1.000000,792,1542360
1835,158,0.010000,1.000000,1264,1543624
1836,157,0.010000,1.000000,1256,1544880
1837,158,0.010000,1.000000,1264,1546144
1838,97,0.010000,1.000000,776,1546920
1839,158,0.010000,1.000000,1264,1548184
1840,99,0.010000,1.000000,792,1548976
1841,99,0.010000,1.000000,792,1549768
1842,99,0.010000,1.000000,792,1550560
1843,97,0.010000,1.000000,776,1551336
1844,99,0.010000,1.000000,792,1552128
1845,158,0.010000,1.000000,1264,1553392
1846,158,0.010000,1.000000,1264,1554656
1847,158,0.010000,1.000000,1264,1555920
1848,97,0.010000,1.000000,776,1556696
1849,97,0.010000,1.000000,776,1557472
1850,157,0.010000,1.000000,1256,1558728
1851,99,0.010000,1.000000,792,1559520
1852,157,0.010000,1.000000,1256,1560776
1853,158,0.010000,1.000000,1264,1562040
1854,97,0.010000,1.000000,776,1562816
1855,97,0.010000,1.000000,776,1563592
1856,97,0.010000,1.000000,776,1564368
1857,158,0.010000,1.000000,1264,1565632
1858,158,0.010000,1.000000,1264,1566896
1859,97,0.010000,1.000000,776,1567672
1860,97,0.010000,1.000000,776,1568448
1861,158,0.010000,1.000000,1264,1569712
1862,98,0.010000,1.000000,784,1570496
1863,99,0.010000,1.000000,792,1571288
1864,157,0.010000,1.000000,1256,1572544
1865,97,0.010000,1.000000,776,1573320
1866,157,0.010000,1.000000,1256,1574576
1867,97,0.010000,1.000000,776,1575352
1868,97,0.010000,1.000000,776,1576128
1869,97,0.010000,1.000000,776,1576904
1870,156,0.010000,1.000000,1248,1578152
1871,155,0.010000,1.000000,1240,1579392
1872,99,0.010000,1.000000,792,1580184
1873,99,0.010000,1.000000,792,1580976
1874,158,0.010000,1.000000,1264,1582240
1875,97,0.010000,1.000000,776,1583016
1876,157,0.010000,1.000000,1256,1584272
1877,135,0.010000,1.000000,1080,1585352
1878,99,0.010000,1.000000,792,1586144
1879,105,0.010000,1.000000,840,1586984
1880,97,0.010000,1.000000,776,1587760
1881,158,0.010000,1.000000,1264,1589024
1882,156,0.010000,1.000000,1248,1590272
1883,157,0.010000,1.000000,1256,1591528
1884,157,0.010000,1.000000,1256,1592784
1885,158,0.010000,1.000000,1264,1594048
1886,99,0.010000,1.000000,792,1594840
1887,158,0.010000,1.000000,1264,1596104
1888,97,0.010000,1.000000,776,1596880
1889,157,0.010000,1.000000,1256,1598136
1890,99,0.010000,1.000000,792,1598928
1891,97,0.010000,1.000000,776,1599704
1892,158,0.010000,1.000000,1264,1600968
1893,97,0.010000,1.000000,776,1601744
1894,99,0.010000,1.000000,792,1602536
1895,158,0.010000,1.000000,1264,1603800
1896,158,0.010000,1.000000,1264,1605064
1897,97,0.010000,1.000000,776,1605840
1898,97,0.010000,1.000000,776,1606616
1899,158,0.010000,1.000000,1264,1607880
1900,97,0.010000,1.000000,776,1608656
1901,115,0.010000,1.000000,920,1609576
1902,158,0.010000,1.000000,1264,1610840
1903,157,0.010000,1.000000,1256,1612096
1904,158,0.010000,1.000000,1264,1613360
1905,99,0.010000,1.000000,792,1614152
1906,157,0.010000,1.000000,1256,1615408
1907,99,0.010000,1.000000,792,1616200
1908,156,0.010000,1.000000,1248,1617448
1909,158,0.010000,1.000000,1264,1618712
1910,97,0.010000,1.000000,776,1619488
1911,97,0.010000,1.000000,776,1620264
1912,97,0.010000,1.000000,776,1621040
1913,155,0.010000,1.000000,1240,1622280
1914,157,0.010000,1.000000,1256,1623536
1915,158,0.010000,1.000000,1264,1624800
1916,157,0.010000,1.000000,1256,1626056
1917,99,0.010000,1.000000,792,1626848
1918,156,0.010000,1.000000,1248,1628096
1919,156,0.010000,1.000000,1248,1629344
1920,97,0.010000,1.000000,776,1630120
1921,97,0.010000,1.000000,776,1630896
1922,158,0.010000,1.000000,1264,1632160
1923,156,0.010000,1.000000,1248,1633408
1924,158,0.010000,1.000000,1264,1634672
1925,120,0.010000,1.000000,960,1635632
1926,99,0.010000,1.000000,792,1636424
1927,99,0.010000,1.000000,792,1637216
1928,99,0.010000,1.000000,792,1638008
1929,99,0.010000,1.000000,792,1638800
1930,97,0.010000,1.000000,776,1639576
1931,157,0.010000,1.000000,1256,1640832
1932,97,0.010000,1.000000,776,1641608
1933,97,0.010000,1.000000,776,1642384
1934,97,0.010000,1.000000,776,1643160
1935,97,0.010000,1.000000,776,1643936
1936,99,0.010000,1.000000,792,1644728
1937,137,0.010000,1.000000,1096,1645824
1938,158,0.010000,1.000000,1264,1647088
1939,157,0.010000,1.000000,1256,1648344
1940,156,0.010000,1.000000,1248,1649592
1941,97,0.010000,1.000000,776,1650368
1942,158,0.010000,1.000000,1264,1651632
1943,97,0.010000,1.000000,776,1652408
1944,99,0.010000,1.000000,792,1653200
1945,99,0.010000,1.000000,792,1653992
1946,156,0.010000,1.000000,1248,1655240
1947,156,0.010000,1.000000,1248,1656488
1948,158,0.010000,1.000000,1264,1657752
1949,157,0.010000,1.000000,1256,1659008
1950,157,0.010000,1.000000,1256,1660264
1951,158,0.010000,1.000000,1264,1661528
1952,136,0.010000,1.000000,1088,1662616
1953,99,0.010000,1.000000,792,1663408
1954,97,0.010000,1.000000,776,1664184
1955,97,0.010000,1.000000,776,1664960
1956,97,0.010000,1.000000,776,1665736
1957,157,0.010000,1.000000,1256,1666992
1958,157,0.010000,1.000000,1256,1668248
1959,157,0.010000,1.000000,1256,1669504
1960,158,0.010000,1.000000,1264,1670768
1961,97,0.010000,1.000000,776,1671544
1962,158,0.010000,1.000000,1264,1672808
1963,158,0.010000,1.000000,1264,1674072
1964,158,0.010000,1.000000,1264,1675336
1965,97,0.010000,1.000000,776,1676112
1966,99,0.010000,1.000000,792,1676904
1967,97,0.010000,1.000000,776,1677680
1968,118,0.010000,1.000000,944,1678624
1969,157,0.010000,1.000000,1256,1679880
1970,158,0.010000,1.000000,1264,1681144
1971,97,0.010000,1.000000,776,1681920
1972,97,0.010000,1.000000,776,1682696
1973,158,0.010000,1.000000,1264,1683960
1974,99,0.010000,1.000000,792,1684752
1975,97,0.010000,1.000000,776,1685528
1976,97,0.010000,1.000000,776,1686304
1977,97,0.010000,1.000000,776,1687080
1978,97,0.010000,1.000000,776,1687856
1979,99,0.010000,1.000000,792,1688648
1980,158,0.010000,1.000000,1264,1689912
1981,157,0.010000,1.000000,1256,1691168
1982,97,0.010000,1.000000,776,1691944
1983,157,0.010000,1.000000,1256,1693200
1984,97,0.010000,1.000000,776,1693976
1985,97,0.010000,1.000000,776,1694752
1986,97,0.010000,1.000000,776,1695528
1987,156,0.010000,1.000000,1248,1696776
1988,156,0.010000,1.000000,1248,1698024
1989,99,0.010000,1.000000,792,1698816
1990,99,0.010000,1.000000,792,1699608
1991,99,0.010000,1.000000,792,1700400
1992,97,0.010000,1.000000,776,1701176
1993,158,0.010000,1.000000,1264,1702440
1994,158,0.010000,1.000000,1264,1703704
1995,97,0.010000,1.000000,776,1704480
1996,158,0.010000,1.000000,1264,1705744
1997,157,0.010000,1.000000,1256,1707000
1998,99,0.010000,1.000000,792,1707792
1999,158,0.010000,1.000000,1264,1709056
2000,99,0.010000,1.000000,792,1709848
2001,99,0.010000,1.000000,792,1710640
2002,158,0.010000,1.000000,1264,1711904
2003,97,0.010000,1.000000,776,1712680
2004,139,0.010000,1.000000,1112,1713792
2005,158,0.010000,1.000000,1264,1715056
2006,149,0.010000,1.000000,1192,1716248
2007,97,0.010000,1.000000,776,1717024
2008,97,0.010000,1.000000,776,1717800
2009,99,0.010000,1.000000,792,1718592
2010,158,0.010000,1.000000,1264,1719856
2011,158,0.010000,1.000000,1264,1721120
2012,157,0.010000,1.000000,1256,1722376
2013,158,0.010000,1.000000,1264,1723640
2014,158,0.010000,1.000000,1264,1724904
2015,157,0.010000,1.000000,1256,1726160
2016,96,0.010000,1.000000,768,1726928
2017,97,0.010000,1.000000,776,1727704
2018,158,0.010000,1.000000,1264,1728968
2019,97,0.010000,1.000000,776,1729744
2020,158,0.010000,1.000000,1264,1731008
2021,97,0.010000,1.000000,776,1731784
2022,99,0.010000,1.000000,792,1732576
2023,97,0.010000,1.000000,776,1733352
2024,97,0.010000,1.000000,776,1734128
2025,157,0.010000,1.000000,1256,1735384
2026,97,0.010000,1.000000,776,1736160
2027,97,0.010000,1.000000,776,1736936
2028,97,0.010000,1.000000,776,1737712
2029,97,0.010000,1.000000,776,1738488
2030,157,0.010000,1.000000,1256,1739744
2031,158,0.010000,1.000000,1264,1741008
2032,99,0.010000,1.000000,792,1741800
2033,97,0.010000,1.000000,776,1742576
2034,97,0.010000,1.000000,776,1743352
2035,99,0.010000,1.000000,792,1744144
2036,97,0.010000,1.000000,776,1744920
2037,97,0.010000,1.000000,776,1745696
2038,97,0.010000,1.000000,776,1746472
2039,97,0.010000,1.000000,776,1747248
2040,157,0.010000,1.000000,1256,1748504
2041,99,0.010000,1.000000,792,1749296
2042,99,0.010000,1.000000,792,1750088
2043,112,0.010000,1.000000,896,1750984
2044,97,0.010000,1.000000,776,1751760
2045,99,0.010000,1.000000,792,1752552
2046,97,0.010000,1.000000,776,1753328
2047,99,0.010000,1.000000,792,1754120
2048,157,0.010000,1.000000,1256,1755376
2049,97,0.010000,1.000000,776,1756152
2050,97,0.010000,1.000000,776,1756928
2051,97,0.010000,1.000000,776,1757704
2052,97,0.010000,1.000000,776,1758480
2053,97,0.010000,1.000000,776,1759256
2054,158,0.010000,1.000000,1264,1760520
2055,126,0.010000,1.000000,1008,1761528
2056,99,0.010000,1.000000,792,1762320
2057,128,0.010000,1.000000,1024,1763344
2058,157,0.010000,1.000000,1256,1764600
2059,96,0.010000,1.000000,768,1765368
2060,97,0.010000,1.000000,776,1766144
2061,156,0.010000,1.000000,1248,1767392
2062,158,0.010000,1.000000,1264,1768656
2063,114,0.010000,1.000000,912,1769568
2064,158,0.010000,1.000000,1264,1770832
2065,157,0.010000,1.000000,1256,1772088
2066,99,0.010000,1.000000,792,1772880
2067,99,0.010000,1.000000,792,1773672
2068,97,0.010000,1.000000,776,1774448
2069,97,0.010000,1.000000,776,1775224
2070,130,0.010000,1.000000,1040,1776264
2071,97,0.010000,1.000000,776,1777040
2072,99,0.010000,1.000000,792,1777832
2073,99,0.010000,1.000000,792,1778624
2074,134,0.010000,1.000000,1072,1779696
2075,99,0.010000,1.000000,792,1780488
2076,97,0.010000,1.000000,776,1781264
2077,97,0.010000,1.000000,776,1782040
2078,99,0.010000,1.000000,792,1782832
2079,158,0.010000,1.000000,1264,1784096
2080,97,0.010000,1.000000,776,1784872
2081,99,0.010000,1.000000,792,1785664
2082,97,0.010000,1.000000,776,1786440
2083,97,0.010000,1.000000,776,1787216
2084,97,0.010000,1.000000,776,1787992
2085,133,0.010000,1.000000,1064,1789056
2086,119,0.010000,1.000000,952,1790008
2087,99,0.010000,1.000000,792,1790800
2088,158,0.010000,1.000000,1264,1792064
2089,158,0.010000,1.000000,1264,1793328
2090,125,0.010000,1.000000,1000,1794328
2091,97,0.010000,1.000000,776,1795104
2092,99,0.010000,1.000000,792,1795896
2093,140,0.010000,1.000000,1120,1797016
2094,158,0.010000,1.000000,1264,1798280
2095,157,0.010000,1.000000,1256,1799536
2096,96,0.010000,1.000000,768,1800304
2097,150,0.010000,1.000000,1200,1801504
2098,99,0.010000,1.000000,792,1802296
2099,97,0.010000,1.000000,776,1803072
2100,97,0.010000,1.000000,776,1803848
2101,158,0.010000,1.000000,1264,1805112
2102,157,0.010000,1.000000,1256,1806368
2103,99,0.010000,1.000000,792,1807160
2104,97,0.010000,1.000000,776,1807936
2105,155,0.010000,1.000000,1240,1809176
2106,98,0.010000,1.000000,784,1809960
2107,97,0.010000,1.000000,776,1810736
2108,97,0.010000,1.000000,776,1811512
2109,128,0.010000,1.000000,1024,1812536
2110,97,0.010000,1.000000,776,1813312
2111,97,0.010000,1.000000,776,1814088
2112,99,0.010000,1.000000,792,1814880
2113,99,0.010000,1.000000,792,1815672
2114,158,0.010000,1.000000,1264,1816936
2115,143,0.010000,1.000000,1144,1818080
2116,99,0.010000,1.000000,792,1818872
2117,97,0.010000,1.000000,776,1819648
2118,97,0.010000,1.000000,776,1820424
2119,97,0.010000,1.000000,776,1821200
2120,157,0.010000,1.000000,1256,1822456
2121,97,0.010000,1.000000,776,1823232
2122,97,0.010000,1.000000,776,1824008
2123,99,0.010000,1.000000,792,1824800
2124,158,0.010000,1.000000,1264,1826064
2125,158,0.010000,1.000000,1264,1827328
2126,158,0.010000,1.000000,1264,1828592
2127,99,0.010000,1.000000,792,1829384
2128,97,0.010000,1.000000,776,1830160
2129,145,0.010000,1.000000,1160,1831320
2130,99,0.010000,1.000000,792,1832112
2131,99,0.010000,1.000000,792,1832904
2132,157,0.010000,1.000000,1256,1834160
2133,99,0.010000,1.000000,792,1834952
2134,158,0.010000,1.000000,1264,1836216
2135,97,0.010000,1.000000,776,1836992
2136,99,0.010000,1.000000,792,1837784
2137,158,0.010000,1.000000,1264,1839048
2138,158,0.010000,1.000000,1264,1840312
2139,146,0.010000,1.000000,1168,1841480
2140,99,0.010000,1.000000,792,1842272
2141,97,0.010000,1.000000,776,1843048
2142,158,0.010000,1.000000,1264,1844312
2143,99,0.010000,1.000000,792,1845104
2144,97,0.010000,1.000000,776,1845880
2145,157,0.010000,1.000000,1256,1847136
2146,97,0.010000,1.000000,776,1847912
2147,99,0.010000,1.000000,792,1848704
2148,99,0.010000,1.000000,792,1849496
2149,158,0.010000,1.000000,1264,1850760
2150,97,0.010000,1.000000,776,1851536
2151,158,0.010000,1.000000,1264,1852800
2152,145,0.010000,1.000000,1160,1853960
2153,158,0.010000,1.000000,1264,1855224
2154,99,0.010000,1.000000,792,1856016
2155,156,0.010000,1.000000,1248,1857264
2156,97,0.010000,1.000000,776,1858040
2157,158,0.010000,1.000000,1264,1859304
2158,97,0.010000,1.000000,776,1860080
2159,99,0.010000,1.000000,792,1860872
2160,143,0.010000,1.000000,1144,1862016
2161,142,0.010000,1.000000,1136,1863152
2162,158,0.010000,1.000000,1264,1864416
2163,158,0.010000,1.000000,1264,1865680
2164,99,0.010000,1.000000,792,1866472
2165,97,0.010000,1.000000,776,1867248
2166,97,0.010000,1.000000,776,1868024
2167,97,0.010000,1.000000,776,1868800
2168,158,0.010000,1.000000,1264,1870064
2169,157,0.010000,1.000000,1256,1871320
2170,157,0.010000,1.000000,1256,1872576
2171,97,0.010000,1.000000,776,1873352
2172,158,0.010000,1.000000,1264,1874616
2173,157,0.010000,1.000000,1256,1875872
2174,99,0.010000,1.000000,792,1876664
2175,156,0.010000,1.000000,1248,1877912
2176,99,0.010000,1.000000,792,1878704
2177,154,0.010000,1.000000,1232,1879936
2178,99,0.010000,1.000000,792,1880728
2179,99,0.010000,1.000000,792,1881520
2180,158,0.010000,1.000000,1264,1882784
2181,99,0.010000,1.000000,792,1883576
2182,99,0.010000,1.000000,792,1884368
2183,99,0.010000,1.000000,792,1885160
2184,97,0.010000,1.000000,776,1885936
2185,99,0.010000,1.000000,792,1886728
2186,158,0.010000,1.000000,1264,1887992
2187,96,0.010000,1.000000,768,1888760
2188,98,0.010000,1.000000,784,1889544
2189,99,0.010000,1.000000,792,1890336
2190,158,0.010000,1.000000,1264,1891600
2191,97,0.010000,1.000000,776,1892376
2192,157,0.010000,1.000000,1256,1893632
2193,156,0.010000,1.000000,1248,1894880
2194,137,0.010000,1.000000,1096,1895976
2195,99,0.010000,1.000000,792,1896768
2196,97,0.010000,1.000000,776,1897544
2197,158,0.010000,1.000000,1264,1898808
2198,158,0.010000,1.000000,1264,1900072
2199,97,0.010000,1.000000,776,1900848
2200,154,0.010000,1.000000,1232,1902080
2201,99,0.010000,1.000000,792,1902872
2202,96,0.010000,1.000000,768,1903640
2203,97,0.010000,1.000000,776,1904416
2204,99,0.010000,1.000000,792,1905208
2205,158,0.010000,1.000000,1264,1906472
2206,158,0.010000,1.000000,1264,1907736
2207,99,0.010000,1.000000,792,1908528
2208,97,0.010000,1.000000,776,1909304
2209,98,0.010000,1.000000,784,1910088
2210,99,0.010000,1.000000,792,1910880
2211,112,0.010000,1.000000,896,1911776
2212,97,0.010000,1.000000,776,1912552
2213,99,0.010000,1.000000,792,1913344
2214,157,0.010000,1.000000,1256,1914600
2215,99,0.010000,1.000000,792,1915392
2216,99,0.010000,1.000000,792,1916184
2217,99,0.010000,1.000000,792,1916976
2218,156,0.010000,1.000000,1248,1918224
2219,157,0.010000,1.000000,1256,1919480
2220,99,0.010000,1.000000,792,1920272
2221,99,0.010000,1.000000,792,1921064
2222,97,0.010000,1.000000,776,1921840
2223,158,0.010000,1.000000,1264,1923104
2224,97,0.010000,1.000000,776,1923880
2225,156,0.010000,1.000000,1248,1925128
2226,157,0.010000,1.000000,1256,1926384
2227,158,0.010000,1.000000,1264,1927648
2228,158,0.010000,1.000000,1264,1928912
2229,99,0.010000,1.000000,792,1929704
2230,158,0.010000,1.000000,1264,1930968
2231,99,0.010000,1.000000,792,1931760
2232,96,0.010000,1.000000,768,1932528
2233,99,0.010000,1.000000,792,1933320
2234,156,0.010000,1.000000,1248,1934568
2235,158,0.010000,1.000000,1264,1935832
2236,158,0.010000,1.000000,1264,1937096
2237,99,0.010000,1.000000,792,1937888
2238,99,0.010000,1.000000,792,1938680
2239,97,0.010000,1.000000,776,1939456
2240,99,0.010000,1.000000,792,1940248
2241,158,0.010000,1.000000,1264,1941512
2242,157,0.010000,1.000000,1256,1942768
2243,158,0.010000,1.000000,1264,1944032
2244,97,0.010000,1.000000,776,1944808
2245,158,0.010000,1.000000,1264,1946072
2246,158,0.010000,1.000000,1264,1947336
2247,154,0.010000,1.000000,1232,1948568
2248,158,0.010000,1.000000,1264,1949832
2249,157,0.010000,1.000000,1256,1951088
2250,97,0.010000,1.000000,776,1951864
2251,157,0.010000,1.000000,1256,1953120
2252,158,0.010000,1.000000,1264,1954384
2253,156,0.010000,1.000000,1248,1955632
2254,99,0.010000,1.000000,792,1956424
2255,158,0.010000,1.000000,1264,1957688
2256,158,0.010000,1.000000,1264,1958952
2257,158,0.010000,1.000000,1264,1960216
2258,120,0.010000,1.000000,960,1961176
2259,114,0.010000,1.000000,912,1962088
2260,97,0.010000,1.000000,776,1962864
2261,97,0.010000,1.000000,776,1963640
2262,97,0.010000,1.000000,776,1964416
2263,157,0.010000,1.000000,1256,1965672
2264,99,0.010000,1.000000,792,1966464
2265,97,0.010000,1.000000,776,1967240
2266,97,0.010000,1.000000,776,1968016
2267,99,0.010000,1.000000,792,1968808
2268,97,0.010000,1.000000,776,1969584
2269,99,0.010000,1.000000,792,1970376
2270,97,0.010000,1.000000,776,1971152
2271,99,0.010000,1.000000,792,1971944
2272,97,0.010000,1.000000,776,1972720
2273,96,0.010000,1.000000,768,1973488
2274,97,0.010000,1.000000,776,1974264
2275,158,0.010000,1.000000,1264,1975528
2276,97,0.010000,1.000000,776,1976304
2277,136,0.010000,1.000000,1088,1977392
2278,97,0.010000,1.000000,776,1978168
2279,158,0.010000,1.000000,1264,1979432
2280,96,0.010000,1.000000,768,1980200
2281,152,0.010000,1.000000,1216,1981416
2282,157,0.010000,1.000000,1256,1982672
2283,111,0.010000,1.000000,888,1983560
2284,157,0.010000,1.000000,1256,1984816
2285,97,0.010000,1.000000,776,1985592
2286,157,0.010000,1.000000,1256,1986848
2287,99,0.010000,1.000000,792,1987640
2288,99,0.010000,1.000000,792,1988432
2289,157,0.010000,1.000000,1256,1989688
2290,158,0.010000,1.000000,1264,1990952
2291,97,0.010000,1.000000,776,1991728
2292,158,0.010000,1.000000,1264,1992992
2293,157,0.010000,1.000000,1256,1994248
2294,97,0.010000,1.000000,776,1995024
2295,157,0.010000,1.000000,1256,1996280
2296,158,0.010000,1.000000,1264,1997544
2297,158,0.010000,1.000000,1264,1998808
2298,97,0.010000,1.000000,776,1999584
2299,158,0.010000,1.000000,1264,2000848
2300,97,0.010000,1.000000,776,2001624
2301,158,0.010000,1.000000,1264,2002888
2302,158,0.010000,1.000000,1264,2004152
2303,97,0.010000,1.000000,776,2004928
2304,154,0.010000,1.000000,1232,2006160
2305,120,0.010000,1.000000,960,2007120
2306,158,0.010000,1.000000,1264,2008384
2307,96,0.010000,1.000000,768,2009152
2308,156,0.010000,1.000000,1248,2010400
2309,158,0.010000,1.000000,1264,2011664
2310,157,0.010000,1.000000,1256,2012920
2311,155,0.010000,1.000000,1240,2014160
2312,158,0.010000,1.000000,1264,2015424
2313,99,0.010000,1.000000,792,2016216
2314,158,0.010000,1.000000,1264,2017480
2315,158,0.010000,1.000000,1264,2018744
2316,97,0.010000,1.000000,776,2019520
2317,157,0.010000,1.000000,1256,2020776
2318,97,0.010000,1.000000,776,2021552
2319,97,0.010000,1.000000,776,2022328
2320,158,0.010000,1.000000,1264,2023592
2321,97,0.010000,1.000000,776,2024368
2322,157,0.010000,1.000000,1256,2025624
2323,97,0.010000,1.000000,776,2026400
2324,97,0.010000,1.000000,776,2027176
2325,99,0.010000,1.000000,792,2027968
2326,156,0.010000,1.000000,1248,2029216
2327,158,0.010000,1.000000,1264,2030480
2328,158,0.010000,1.000000,1264,2031744
2329,158,0.010000,1.000000,1264,2033008
2330,97,0.010000,1.000000,776,2033784
2331,158,0.010000,1.000000,1264,2035048
2332,97,0.010000,1.000000,776,2035824
2333,97,0.010000,1.000000,776,2036600
2334,97,0.010000,1.000000,776,2037376
2335,99,0.010000,1.000000,792,2038168
2336,141,0.010000,1.000000,1128,2039296
2337,97,0.010000,1.000000,776,2040072
2338,158,0.010000,1.000000,1264,2041336
2339,97,0.010000,1.000000,776,2042112
2340,158,0.010000,1.000000,1264,2043376
2341,158,0.010000,1.000000,1264,2044640
2342,97,0.010000,1.000000,776,2045416
2343,102,0.010000,1.000000,816,2046232
2344,99,0.010000,1.000000,792,2047024
2345,99,0.010000,1.000000,792,2047816
2346,158,0.010000,1.000000,1264,2049080
2347,99,0.010000,1.000000,792,2049872
2348,97,0.010000,1.000000,776,2050648
2349,99,0.010000,1.000000,792,2051440
2350,158,0.010000,1.000000,1264,2052704
2351,112,0.010000,1.000000,896,2053600
2352,158,0.010000,1.000000,1264,2054864
2353,158,0.010000,1.000000,1264,2056128
2354,97,0.010000,1.000000,776,2056904
2355,97,0.010000,1.000000,776,2057680
2356,99,0.010000,1.000000,792,2058472
2357,97,0.010000,1.000000,776,2059248
2358,97,0.010000,1.000000,776,2060024
2359,97,0.010000,1.000000,776,2060800
2360,97,0.010000,1.000000,776,2061576
2361,97,0.010000,1.000000,776,2062352
2362,99,0.010000,1.000000,792,2063144
2363,99,0.010000,1.000000,792,2063936
2364,156,0.010000,1.000000,1248,2065184
2365,156,0.010000,1.000000,1248,2066432
2366,99,0.010000,1.000000,792,2067224
2367,129,0.010000,1.000000,1032,2068256
2368,97,0.010000,1.000000,776,2069032
2369,97,0.010000,1.000000,776,2069808
2370,99,0.010000,1.000000,792,2070600
2371,97,0.010000,1.000000,776,2071376
2372,97,0.010000,1.000000,776,2072152
2373,156,0.010000,1.000000,1248,2073400
2374,99,0.010000,1.000000,792,2074192
2375,96,0.010000,1.000000,768,2074960
2376,99,0.010000,1.000000,792,2075752
2377,158,0.010000,1.000000,1264,2077016
2378,158,0.010000,1.000000,1264,2078280
2379,99,0.010000,1.000000,792,2079072
2380,158,0.010000,1.000000,1264,2080336
2381,99,0.010000,1.000000,792,2081128
2382,97,0.010000,1.000000,776,2081904
2383,97,0.010000,1.000000,776,2082680
2384,99,0.010000,1.000000,792,2083472
2385,99,0.010000,1.000000,792,2084264
2386,99,0.010000,1.000000,792,2085056
2387,97,0.010000,1.000000,776,2085832
2388,158,0.010000,1.000000,1264,2087096
2389,157,0.010000,1.000000,1256,2088352
2390,158,0.010000,1.000000,1264,2089616
2391,99,0.010000,1.000000,792,2090408
2392,156,0.010000,1.000000,1248,2091656
2393,158,0.010000,1.000000,1264,2092920
2394,99,0.010000,1.000000,792,2093712
2395,157,0.010000,1.000000,1256,2094968
2396,97,0.010000,1.000000,776,2095744
2397,158,0.010000,1.000000,1264,2097008
2398,156,0.010000,1.000000,1248,2098256
2399,157,0.010000,1.000000,1256,2099512
2400,157,0.010000,1.000000,1256,2100768
2401,157,0.010000,1.000000,1256,2102024
2402,99,0.010000,1.000000,792,2102816
2403,99,0.010000,1.000000,792,2103608
2404,97,0.010000,1.000000,776,2104384
2405,99,0.010000,1.000000,792,2105176
2406,99,0.010000,1.000000,792,2105968
2407,97,0.010000,1.000000,776,2106744
2408,97,0.010000,1.000000,776,2107520
2409,97,0.010000,1.000000,776,2108296
2410,158,0.010000,1.000000,1264,2109560
2411,99,0.010000,1.000000,792,2110352
2412,158,0.010000,1.000000,1264,2111616
2413,97,0.010000,1.000000,776,2112392
2414,99,0.010000,1.000000,792,2113184
2415,158,0.010000,1.000000,1264,2114448
2416,158,0.010000,1.000000,1264,2115712
2417,158,0.010000,1.000000,1264,2116976
2418,157,0.010000,1.000000,1256,2118232
2419,97,0.010000,1.000000,776,2119008
2420,97,0.010000,1.000000,776,2119784
2421,158,0.010000,1.000000,1264,2121048
2422,99,0.010000,1.000000,792,2121840
2423,97,0.010000,1.000000,776,2122616
2424,97,0.010000,1.000000,776,2123392
2425,158,0.010000,1.000000,1264,2124656
2426,118,0.010000,1.000000,944,2125600
2427,99,0.010000,1.000000,792,2126392
2428,97,0.010000,1.000000,776,2127168
2429,158,0.010000,1.000000,1264,2128432
2430,99,0.010000,1.000000,792,2129224
2431,158,0.010000,1.000000,1264,2130488
2432,158,0.010000,1.000000,1264,2131752
2433,97,0.010000,1.000000,776,2132528
2434,158,0.010000,1.000000,1264,2133792
2435,158,0.010000,1.000000,1264,2135056
2436,94,0.010000,1.000000,752,2135808
2437,158,0.010000,1.000000,1264,2137072
2438,96,0.010000,1.000000,768,2137840
2439,158,0.010000,1.000000,1264,2139104
2440,96,0.010000,1.000000,768,2139872
2441,157,0.010000,1.000000,1256,2141128
2442,97,0.010000,1.000000,776,2141904
2443,97,0.010000,1.000000,776,2142680
2444,97,0.010000,1.000000,776,2143456
2445,158,0.010000,1.000000,1264,2144720
2446,97,0.010000,1.000000,776,2145496
2447,99,0.010000,1.000000,792,2146288
2448,97,0.010000,1.000000,776,2147064
2449,122,0.010000,1.000000,976,2148040
2450,99,0.010000,1.000000,792,2148832
2451,158,0.010000,1.000000,1264,2150096
2452,156,0.010000,1.000000,1248,2151344
2453,99,0.010000,1.000000,792,2152136
2454,158,0.010000,1.000000,1264,2153400
2455,99,0.010000,1.000000,792,2154192
2456,97,0.010000,1.000000,776,2154968
2457,99,0.010000,1.000000,792,2155760
2458,97,0.010000,1.000000,776,2156536
2459,97,0.010000,1.000000,776,2157312
2460,158,0.010000,1.000000,1264,2158576
2461,97,0.010000,1.000000,776,2159352
2462,158,0.010000,1.000000,1264,2160616
2463,97,0.010000,1.000000,776,2161392
2464,122,0.010000,1.000000,976,2162368
2465,157,0.010000,1.000000,1256,2163624
2466,109,0.010000,1.000000,872,2164496
2467,99,0.010000,1.000000,792,2165288
2468,158,0.010000,1.000000,1264,2166552
2469,155,0.010000,1.000000,1240,2167792
2470,97,0.010000,1.000000,776,2168568
2471,131,0.010000,1.000000,1048,2169616
2472,99,0.010000,1.000000,792,2170408
2473,99,0.010000,1.000000,792,2171200
2474,158,0.010000,1.000000,1264,2172464
2475,99,0.010000,1.000000,792,2173256
2476,97,0.010000,1.000000,776,2174032
2477,110,0.010000,1.000000,880,2174912
2478,156,0.010000,1.000000,1248,2176160
2479,158,0.010000,1.000000,1264,2177424
2480,99,0.010000,1.000000,792,2178216
2481,113,0.010000,1.000000,904,2179120
2482,97,0.010000,1.000000,776,2179896
2483,99,0.010000,1.000000,792,2180688
2484,158,0.010000,1.000000,1264,2181952
2485,158,0.010000,1.000000,1264,2183216
2486,158,0.010000,1.000000,1264,2184480
2487,138,0.010000,1.000000,1104,2185584
2488,97,0.010000,1.000000,776,2186360
2489,97,0.010000,1.000000,776,2187136
2490,120,0.010000,1.000000,960,2188096
2491,97,0.010000,1.000000,776,2188872
2492,97,0.010000,1.000000,776,2189648
2493,158,0.010000,1.000000,1264,2190912
2494,157,0.010000,1.000000,1256,2192168
2495,99,0.010000,1.000000,792,2192960
2496,97,0.010000,1.000000,776,2193736
2497,97,0.010000,1.000000,776,2194512
2498,97,0.010000,1.000000,776,2195288
2499,125,0.010000,1.000000,1000,2196288
2500,97,0.010000,1.000000,776,2197064
2501,97,0.010000,1.000000,776,2197840
2502,156,0.010000,1.000000,1248,2199088
2503,99,0.010000,1.000000,792,2199880
2504,99,0.010000,1.000000,792,2200672
2505,99,0.010000,1.000000,792,2201464
2506,97,0.010000,1.000000,776,2202240
2507,99,0.010000,1.000000,792,2203032
2508,97,0.010000,1.000000,776,2203808
2509,158,0.010000,1.000000,1264,2205072
2510,157,0.010000,1.000000,1256,2206328
2511,97,0.010000,1.000000,776,2207104
2512,157,0.010000,1.000000,1256,2208360
2513,99,0.010000,1.000000,792,2209152
2514,97,0.010000,1.000000,776,2209928
2515,99,0.010000,1.000000,792,2210720
2516,156,0.010000,1.000000,1248,2211968
2517,157,0.010000,1.000000,1256,2213224
2518,97,0.010000,1.000000,776,2214000
2519,99,0.010000,1.000000,792,2214792
2520,97,0.010000,1.000000,776,2215568
2521,157,0.010000,1.000000,1256,2216824
2522,99,0.010000,1.000000,792,2217616
2523,99,0.010000,1.000000,792,2218408
2524,97,0.010000,1.000000,776,2219184
2525,98,0.010000,1.000000,784,2219968
2526,97,0.010000,1.000000,776,2220744
2527,97,0.010000,1.000000,776,2221520
2528,158,0.010000,1.000000,1264,2222784
2529,97,0.010000,1.000000,776,2223560
2530,97,0.010000,1.000000,776,2224336
2531,158,0.010000,1.000000,1264,2225600
2532,158,0.010000,1.000000,1264,2226864
2533,97,0.010000,1.000000,776,2227640
2534,97,0.010000,1.000000,776,2228416
2535,97,0.010000,1.000000,776,2229192
2536,97,0.010000,1.000000,776,2229968
2537,138,0.010000,1.000000,1104,2231072
2538,97,0.010000,1.000000,776,2231848
2539,97,0.010000,1.000000,776,2232624
2540,96,0.010000,1.000000,768,2233392
2541,97,0.010000,1.000000,776,2234168
2542,158,0.010000,1.000000,1264,2235432
2543,97,0.010000,1.000000,776,2236208
2544,99,0.010000,1.000000,792,2237000
2545,157,0.010000,1.000000,1256,2238256
2546,99,0.010000,1.000000,792,2239048
2547,97,0.010000,1.000000,776,2239824
2548,97,0.010000,1.000000,776,2240600
2549,97,0.010000,1.000000,776,2241376
2550,157,0.010000,1.000000,1256,2242632
2551,99,0.010000,1.000000,792,2243424
2552,97,0.010000,1.000000,776,2244200
2553,157,0.010000,1.000000,1256,2245456
2554,99,0.010000,1.000000,792,2246248
2555,99,0.010000,1.000000,792,2247040
2556,158,0.010000,1.000000,1264,2248304
2557,99,0.010000,1.000000,792,2249096
2558,156,0.010000,1.000000,1248,2250344
2559,99,0.010000,1.000000,792,2251136
2560,99,0.010000,1.000000,792,2251928
2561,158,0.010000,1.000000,1264,2253192
2562,158,0.010000,1.000000,1264,2254456
2563,158,0.010000,1.000000,1264,2255720
2564,156,0.010000,1.000000,1248,2256968
2565,158,0.010000,1.000000,1264,2258232
2566,97,0.010000,1.000000,776,2259008
2567,97,0.010000,1.000000,776,2259784
2568,98,0.010000,1.000000,784,2260568
2569,97,0.010000,1.000000,776,2261344
2570,97,0.010000,1.000000,776,2262120
2571,99,0.010000,1.000000,792,2262912
2572,99,0.010000,1.000000,792,2263704
2573,156,0.010000,1.000000,1248,2264952
2574,114,0.010000,1.000000,912,2265864
2575,99,0.010000,1.000000,792,2266656
2576,97,0.010000,1.000000,776,2267432
2577,157,0.010000,1.000000,1256,2268688
2578,158,0.010000,1.000000,1264,2269952
2579,158,0.010000,1.000000,1264,2271216
2580,98,0.010000,1.000000,784,2272000
2581,97,0.010000,1.000000,776,2272776
2582,158,0.010000,1.000000,1264,2274040
2583,96,0.010000,1.000000,768,2274808
2584,97,0.010000,1.000000,776,2275584
2585,158,0.010000,1.000000,1264,2276848
2586,97,0.010000,1.000000,776,2277624
2587,124,0.010000,1.000000,992,2278616
2588,97,0.010000,1.000000,776,2279392
2589,97,0.010000,1.000000,776,2280168
2590,97,0.010000,1.000000,776,2280944
2591,99,0.010000,1.000000,792,2281736
2592,99,0.010000,1.000000,792,2282528
2593,97,0.010000,1.000000,776,2283304
2594,158,0.010000,1.000000,1264,2284568
2595,99,0.010000,1.000000,792,2285360
2596,99,0.010000,1.000000,792,2286152
2597,99,0.010000,1.000000,792,2286944
2598,99,0.010000,1.000000,792,2287736
2599,158,0.010000,1.000000,1264,2289000
2600,97,0.010000,1.000000,776,2289776
2601,97,0.010000,1.000000,776,2290552
2602,158,0.010000,1.000000,1264,2291816
2603,97,0.010000,1.000000,776,2292592
2604,157,0.010000,1.000000,1256,2293848
2605,99,0.010000,1.000000,792,2294640
2606,135,0.010000,1.000000,1080,2295720
2607,99,0.010000,1.000000,792,2296512
2608,99,0.010000,1.000000,792,2297304
2609,102,0.010000,1.000000,816,2298120
2610,97,0.010000,1.000000,776,2298896
2611,143,0.010000,1.000000,1144,2300040
2612,97,0.010000,1.000000,776,2300816
2613,99,0.010000,1.000000,792,2301608
2614,112,0.010000,1.000000,896,2302504
2615,99,0.010000,1.000000,792,2303296
2616,99,0.010000,1.000000,792,2304088
2617,99,0.010000,1.000000,792,2304880
2618,97,0.010000,1.000000,776,2305656
2619,99,0.010000,1.000000,792,2306448
2620,99,0.010000,1.000000,792,2307240
2621,99,0.010000,1.000000,792,2308032
2622,99,0.010000,1.000000,792,2308824
2623,97,0.010000,1.000000,776,2309600
2624,97,0.010000,1.000000,776,2310376
2625,156,0.010000,1.000000,1248,2311624
2626,158,0.010000,1.000000,1264,2312888
2627,98,0.010000,1.000000,784,2313672
2628,99,0.010000,1.000000,792,2314464
2629,99,0.010000,1.000000,792,2315256
2630,97,0.010000,1.000000,776,2316032
2631,99,0.010000,1.000000,792,2316824
2632,157,0.010000,1.000000,1256,2318080
2633,99,0.010000,1.000000,792,2318872
2634,97,0.010000,1.000000,776,2319648
2635,99,0.010000,1.000000,792,2320440
2636,158,0.010000,1.000000,1264,2321704
2637,158,0.010000,1.000000,1264,2322968
2638,156,0.010000,1.000000,1248,2324216
2639,97,0.010000,1.000000,776,2324992
2640,99,0.010000,1.000000,792,2325784
2641,99,0.010000,1.000000,792,2326576
2642,99,0.010000,1.000000,792,2327368
2643,158,0.010000,1.000000,1264,2328632
2644,158,0.010000,1.000000,1264,2329896
2645,97,0.010000,1.000000,776,2330672
2646,97,0.010000,1.000000,776,2331448
2647,99,0.010000,1.000000,792,2332240
2648,97,0.010000,1.000000,776,2333016
2649,157,0.010000,1.000000,1256,2334272
2650,158,0.010000,1.000000,1264,2335536
2651,97,0.010000,1.000000,776,2336312
2652,113,0.010000,1.000000,904,2337216
2653,158,0.010000,1.000000,1264,2338480
2654,157,0.010000,1.000000,1256,2339736
2655,99,0.010000,1.000000,792,2340528
2656,97,0.010000,1.000000,776,2341304
2657,158,0.010000,1.000000,1264,2342568
2658,99,0.010000,1.000000,792,2343360
2659,99,0.010000,1.000000,792,2344152
2660,157,0.010000,1.000000,1256,2345408
2661,97,0.010000,1.000000,776,2346184
2662,127,0.010000,1.000000,1016,2347200
2663,99,0.010000,1.000000,792,2347992
2664,158,0.010000,1.000000,1264,2349256
2665,99,0.010000,1.000000,792,2350048
2666,99,0.010000,1.000000,792,2350840
2667,99,0.010000,1.000000,792,2351632
2668,97,0.010000,1.000000,776,2352408
2669,99,0.010000,1.000000,792,2353200
2670,99,0.010000,1.000000,792,2353992
2671,97,0.010000,1.000000,776,2354768
2672,148,0.010000,1.000000,1184,2355952
2673,124,0.010000,1.000000,992,2356944
2674,157,0.010000,1.000000,1256,2358200
2675,158,0.010000,1.000000,1264,2359464
2676,158,0.010000,1.000000,1264,2360728
2677,99,0.010000,1.000000,792,2361520
2678,158,0.010000,1.000000,1264,2362784
2679,97,0.010000,1.000000,776,2363560
2680,99,0.010000,1.000000,792,2364352
2681,97,0.010000,1.000000,776,2365128
2682,99,0.010000,1.000000,792,2365920
2683,99,0.010000,1.000000,792,2366712
2684,97,0.010000,1.000000,776,2367488
2685,97,0.010000,1.000000,776,2368264
2686,158,0.010000,1.000000,1264,2369528
2687,97,0.010000,1.000000,776,2370304
2688,157,0.010000,1.000000,1256,2371560
2689,144,0.010000,1.000000,1152,2372712
2690,97,0.010000,1.000000,776,2373488
2691,99,0.010000,1.000000,792,2374280
2692,158,0.010000,1.000000,1264,2375544
2693,158,0.010000,1.000000,1264,2376808
2694,119,0.010000,1.000000,952,2377760
2695,99,0.010000,1.000000,792,2378552
2696,158,0.010000,1.000000,1264,2379816
2697,97,0.010000,1.000000,776,2380592
2698,97,0.010000,1.000000,776,2381368
2699,99,0.010000,1.000000,792,2382160
2700,158,0.010000,1.000000,1264,2383424
2701,144,0.010000,1.000000,1152,2384576
2702,158,0.010000,1.000000,1264,2385840
2703,158,0.010000,1.000000,1264,2387104
2704,158,0.010000,1.000000,1264,2388368
2705,158,0.010000,1.000000,1264,2389632
2706,154,0.010000,1.000000,1232,2390864
2707,158,0.010000,1.000000,1264,2392128
2708,99,0.010000,1.000000,792,2392920
2709,97,0.010000,1.000000,776,2393696
2710,97,0.010000,1.000000,776,2394472
2711,99,0.010000,1.000000,792,2395264
2712,99,0.010000,1.000000,792,2396056
2713,98,0.010000,1.000000,784,2396840
2714,97,0.010000,1.000000,776,2397616
2715,99,0.010000,1.000000,792,2398408
2716,97,0.010000,1.000000,776,2399184
2717,99,0.010000,1.000000,792,2399976
2718,99,0.010000,1.000000,792,2400768
2719,97,0.010000,1.000000,776,2401544
2720,99,0.010000,1.000000,792,2402336
2721,97,0.010000,1.000000,776,2403112
2722,157,0.010000,1.000000,1256,2404368
2723,119,0.010000,1.000000,952,2405320
2724,97,0.010000,1.000000,776,2406096
2725,157,0.010000,1.000000,1256,2407352
2726,99,0.010000,1.000000,792,2408144
2727,97,0.010000,1.000000,776,2408920
2728,99,0.010000,1.000000,792,2409712
2729,99,0.010000,1.000000,792,2410504
2730,157,0.010000,1.000000,1256,2411760
2731,99,0.010000,1.000000,792,2412552
2732,99,0.010000,1.000000,792,2413344
2733,158,0.010000,1.000000,1264,2414608
2734,145,0.010000,1.000000,1160,2415768
2735,99,0.010000,1.000000,792,2416560
2736,106,0.010000,1.000000,848,2417408
2737,99,0.010000,1.000000,792,2418200
2738,99,0.010000,1.000000,792,2418992
2739,158,0.010000,1.000000,1264,2420256
2740,97,0.010000,1.000000,776,2421032
2741,158,0.010000,1.000000,1264,2422296
2742,157,0.010000,1.000000,1256,2423552
2743,99,0.010000,1.000000,792,2424344
2744,99,0.010000,1.000000,792,2425136
2745,97,0.010000,1.000000,776,2425912
2746,158,0.010000,1.000000,1264,2427176
2747,158,0.010000,1.000000,1264,2428440
2748,158,0.010000,1.000000,1264,2429704
2749,99,0.010000,1.000000,792,2430496
2750,158,0.010000,1.000000,1264,2431760
2751,97,0.010000,1.000000,776,2432536
2752,97,0.010000,1.000000,776,2433312
2753,158,0.010000,1.000000,1264,2434576
2754,158,0.010000,1.000000,1264,2435840
2755,99,0.010000,1.000000,792,2436632
2756,99,0.010000,1.000000,792,2437424
2757,99,0.010000,1.000000,792,2438216
2758,97,0.010000,1.000000,776,2438992
2759,156,0.010000,1.000000,1248,2440240
2760,158,0.010000,1.000000,1264,2441504
2761,97,0.010000,1.000000,776,2442280
2762,97,0.010000,1.000000,776,2443056
2763,99,0.010000,1.000000,792,2443848
2764,97,0.010000,1.000000,776,2444624
2765,99,0.010000,1.000000,792,2445416
2766,158,0.010000,1.000000,1264,2446680
2767,99,0.010000,1.000000,792,2447472
2768,158,0.010000,1.000000,1264,2448736
2769,158,0.010000,1.000000,1264,2450000
2770,99,0.010000,1.000000,792,2450792
2771,99,0.010000,1.000000,792,2451584
2772,97,0.010000,1.000000,776,2452360
2773,99,0.010000,1.000000,792,2453152
2774,97,0.010000,1.000000,776,2453928
2775,99,0.010000,1.000000,792,2454720
2776,99,0.010000,1.000000,792,2455512
2777,158,0.010000,1.000000,1264,2456776
2778,139,0.010000,1.000000,1112,2457888
2779,97,0.010000,1.000000,776,2458664
2780,158,0.010000,1.000000,1264,2459928
2781,99,0.010000,1.000000,792,2460720
2782,157,0.010000,1.000000,1256,2461976
2783,97,0.010000,1.000000,776,2462752
2784,99,0.010000,1.000000,792,2463544
2785,99,0.010000,1.000000,792,2464336
2786,158,0.010000,1.000000,1264,2465600
2787,120,0.010000,1.000000,960,2466560
2788,103,0.010000,1.000000,824,2467384
2789,110,0.010000,1.000000,880,2468264
2790,158,0.010000,1.000000,1264,2469528
2791,156,0.010000,1.000000,1248,2470776
2792,99,0.010000,1.000000,792,2471568
2793,99,0.010000,1.000000,792,2472360
2794,158,0.010000,1.000000,1264,2473624
2795,99,0.010000,1.000000,792,2474416
2796,158,0.010000,1.000000,1264,2475680
2797,99,0.010000,1.000000,792,2476472
2798,99,0.010000,1.000000,792,2477264
2799,99,0.010000,1.000000,792,2478056
2800,99,0.010000,1.000000,792,2478848
2801,158,0.010000,1.000000,1264,2480112
2802,99,0.010000,1.000000,792,2480904
2803,97,0.010000,1.000000,776,2481680
2804,99,0.010000,1.000000,792,2482472
2805,99,0.010000,1.000000,792,2483264
2806,99,0.010000,1.000000,792,2484056
2807,156,0.010000,1.000000,1248,2485304
2808,99,0.010000,1.000000,792,2486096
2809,99,0.010000,1.000000,792,2486888
2810,158,0.010000,1.000000,1264,2488152
2811,99,0.010000,1.000000,792,2488944
2812,97,0.010000,1.000000,776,2489720
2813,158,0.010000,1.000000,1264,2490984
2814,158,0.010000,1.000000,1264,2492248
2815,99,0.010000,1.000000,792,2493040
2816,99,0.010000,1.000000,792,2493832
2817,99,0.010000,1.000000,792,2494624
2818,158,0.010000,1.000000,1264,2495888
2819,99,0.010000,1.000000,792,2496680
2820,99,0.010000,1.000000,792,2497472
2821,99,0.010000,1.000000,792,2498264
2822,99,0.010000,1.000000,792,2499056
2823,97,0.010000,1.000000,776,2499832
2824,156,0.010000,1.000000,1248,2501080
2825,99,0.010000,1.000000,792,2501872
2826,99,0.010000,1.000000,792,2502664
2827,126,0.010000,1.000000,1008,2503672
2828,99,0.010000,1.000000,792,2504464
2829,99,0.010000,1.000000,792,2505256
2830,158,0.010000,1.000000,1264,2506520
2831,132,0.010000,1.000000,1056,2507576
2832,158,0.010000,1.000000,1264,2508840
2833,99,0.010000,1.000000,792,2509632
2834,115,0.010000,1.000000,920,2510552
2835,99,0.010000,1.000000,792,2511344
2836,99,0.010000,1.000000,792,2512136
2837,99,0.010000,1.000000,792,2512928
2838,99,0.010000,1.000000,792,2513720
2839,99,0.010000,1.000000,792,2514512
2840,99,0.010000,1.000000,792,2515304
2841,99,0.010000,1.000000,792,2516096
2842,99,0.010000,1.000000,792,2516888
2843,158,0.010000,1.000000,1264,2518152
2844,109,0.010000,1.000000,872,2519024
2845,99,0.010000,1.000000,792,2519816
2846,99,0.010000,1.000000,792,2520608
2847,158,0.010000,1.000000,1264,2521872
2848,99,0.010000,1.000000,792,2522664
2849,96,0.010000,1.000000,768,2523432
2850,97,0.010000,1.000000,776,2524208
2851,97,0.010000,1.000000,776,2524984
2852,99,0.010000,1.000000,792,2525776
2853,99,0.010000,1.000000,792,2526568
2854,158,0.010000,1.000000,1264,2527832
2855,99,0.010000,1.000000,792,2528624
2856,99,0.010000,1.000000,792,2529416
2857,99,0.010000,1.000000,792,2530208
2858,99,0.010000,1.000000,792,2531000
2859,99,0.010000,1.000000,792,2531792
2860,99,0.010000,1.000000,792,2532584
2861,97,0.010000,1.000000,776,2533360
2862,99,0.010000,1.000000,792,2534152
2863,97,0.010000,1.000000,776,2534928
2864,158,0.010000,1.000000,1264,2536192
2865,99,0.010000,1.000000,792,2536984
2866,99,0.010000,1.000000,792,2537776
2867,97,0.010000,1.000000,776,2538552
2868,101,0.010000,1.000000,808,2539360
2869,97,0.010000,1.000000,776,2540136
2870,158,0.010000,1.000000,1264,2541400
2871,155,0.010000,1.000000,1240,2542640
2872,118,0.010000,1.000000,944,2543584
2873,99,0.010000,1.000000,792,2544376
2874,99,0.010000,1.000000,792,2545168
2875,99,0.010000,1.000000,792,2545960
2876,158,0.010000,1.000000,1264,2547224
2877,157,0.010000,1.000000,1256,2548480
2878,157,0.010000,1.000000,1256,2549736
2879,99,0.010000,1.000000,792,2550528
2880,97,0.010000,1.000000,776,2551304
2881,97,0.010000,1.000000,776,2552080
2882,99,0.010000,1.000000,792,2552872
2883,137,0.010000,1.000000,1096,2553968
2884,99,0.010000,1.000000,792,2554760
2885,99,0.010000,1.000000,792,2555552
2886,99,0.010000,1.000000,792,2556344
2887,99,0.010000,1.000000,792,2557136
2888,97,0.010000,1.000000,776,2557912
2889,97,0.010000,1.000000,776,2558688
2890,99,0.010000,1.000000,792,2559480
2891,120,0.010000,1.000000,960,2560440
2892,99,0.010000,1.000000,792,2561232
2893,158,0.010000,1.000000,1264,2562496
2894,99,0.010000,1.000000,792,2563288
2895,158,0.010000,1.000000,1264,2564552
2896,97,0.010000,1.000000,776,2565328
2897,99,0.010000,1.000000,792,2566120
2898,123,0.010000,1.000000,984,2567104
2899,99,0.010000,1.000000,792,2567896
2900,99,0.010000,1.000000,792,2568688
2901,99,0.010000,1.000000,792,2569480
2902,99,0.010000,1.000000,792,2570272
2903,97,0.010000,1.000000,776,2571048
2904,99,0.010000,1.000000,792,2571840
2905,99,0.010000,1.000000,792,2572632
2906,135,0.010000,1.000000,1080,2573712
2907,134,0.010000,1.000000,1072,2574784
2908,99,0.010000,1.000000,792,2575576
2909,99,0.010000,1.000000,792,2576368
2910,99,0.010000,1.000000,792,2577160
2911,99,0.010000,1.000000,792,2577952
2912,99,0.010000,1.000000,792,2578744
2913,98,0.010000,1.000000,784,2579528
2914,158,0.010000,1.000000,1264,2580792
2915,99,0.010000,1.000000,792,2581584
2916,158,0.010000,1.000000,1264,2582848
2917,99,0.010000,1.000000,792,2583640
2918,99,0.010000,1.000000,792,2584432
2919,99,0.010000,1.000000,792,2585224
2920,99,0.010000,1.000000,792,2586016
2921,97,0.010000,1.000000,776,2586792
2922,97,0.010000,1.000000,776,2587568
2923,158,0.010000,1.000000,1264,2588832
2924,99,0.010000,1.000000,792,2589624
2925,99,0.010000,1.000000,792,2590416
2926,99,0.010000,1.000000,792,2591208
2927,99,0.010000,1.000000,792,2592000
2928,99,0.010000,1.000000,792,2592792
2929,98,0.010000,1.000000,784,2593576
2930,99,0.010000,1.000000,792,2594368
2931,99,0.010000,1.000000,792,2595160
2932,97,0.010000,1.000000,776,2595936
2933,99,0.010000,1.000000,792,2596728
2934,147,0.010000,1.000000,1176,2597904
2935,99,0.010000,1.000000,792,2598696
2936,97,0.010000,1.000000,776,2599472
2937,99,0.010000,1.000000,792,2600264
2938,99,0.010000,1.000000,792,2601056
2939,99,0.010000,1.000000,792,2601848
2940,99,0.010000,1.000000,792,2602640
2941,99,0.010000,1.000000,792,2603432
2942,99,0.010000,1.000000,792,2604224
2943,99,0.010000,1.000000,792,2605016
2944,99,0.010000,1.000000,792,2605808
2945,99,0.010000,1.000000,792,2606600
2946,158,0.010000,1.000000,1264,2607864
2947,100,0.010000,1.000000,800,2608664
2948,99,0.010000,1.000000,792,2609456
2949,99,0.010000,1.000000,792,2610248
2950,99,0.010000,1.000000,792,2611040
2951,97,0.010000,1.000000,776,2611816
2952,99,0.010000,1.000000,792,2612608
2953,99,0.010000,1.000000,792,2613400
2954,99,0.010000,1.000000,792,2614192
2955,99,0.010000,1.000000,792,2614984
2956,97,0.010000,1.000000,776,2615760
2957,99,0.010000,1.000000,792,2616552
2958,99,0.010000,1.000000,792,2617344
2959,128,0.010000,1.000000,1024,2618368
2960,99,0.010000,1.000000,792,2619160
2961,99,0.010000,1.000000,792,2619952
2962,99,0.010000,1.000000,792,2620744
2963,99,0.010000,1.000000,792,2621536
2964,157,0.010000,1.000000,1256,2622792
2965,99,0.010000,1.000000,792,2623584
2966,99,0.010000,1.000000,792,2624376
2967,99,0.010000,1.000000,792,2625168
2968,99,0.010000,1.000000,792,2625960
2969,99,0.010000,1.000000,792,2626752
2970,158,0.010000,1.000000,1264,2628016
2971,99,0.010000,1.000000,792,2628808
2972,99,0.010000,1.000000,792,2629600
2973,99,0.010000,1.000000,792,2630392
2974,158,0.010000,1.000000,1264,2631656
2975,99,0.010000,1.000000,792,2632448
2976,99,0.010000,1.000000,792,2633240
2977,158,0.010000,1.000000,1264,2634504
2978,99,0.010000,1.000000,792,2635296
2979,99,0.010000,1.000000,792,2636088
2980,158,0.010000,1.000000,1264,2637352
2981,99,0.010000,1.000000,792,2638144
2982,99,0.010000,1.000000,792,2638936
2983,99,0.010000,1.000000,792,2639728
2984,99,0.010000,1.000000,792,2640520
2985,99,0.010000,1.000000,792,2641312
2986,99,0.010000,1.000000,792,2642104
2987,99,0.010000,1.000000,792,2642896
2988,97,0.010000,1.000000,776,2643672
2989,98,0.010000,1.000000,784,2644456
2990,99,0.010000,1.000000,792,2645248
2991,99,0.010000,1.000000,792,2646040
2992,97,0.010000,1.000000,776,2646816
2993,99,0.010000,1.000000,792,2647608
2994,99,0.010000,1.000000,792,2648400
2995,99,0.010000,1.000000,792,2649192
2996,99,0.010000,1.000000,792,2649984
2997,158,0.010000,1.000000,1264,2651248
2998,99,0.010000,1.000000,792,2652040
2999,99,0.010000,1.000000,792,2652832
3000,158,0.010000,1.000000,1264,2654096
3001,99,0.010000,1.000000,792,2654888
3002,158,0.010000,1.000000,1264,2656152
3003,99,0.010000,1.000000,792,2656944
3004,154,0.010000,1.000000,1232,2658176
3005,99,0.010000,1.000000,792,2658968
3006,99,0.010000,1.000000,792,2659760
3007,99,0.010000,1.000000,792,2660552
3008,99,0.010000,1.000000,792,2661344
3009,99,0.010000,1.000000,792,2662136
3010,99,0.010000,1.000000,792,2662928
3011,124,0.010000,1.000000,992,2663920
3012,99,0.010000,1.000000,792,2664712
3013,99,0.010000,1.000000,792,2665504
3014,99,0.010000,1.000000,792,2666296
3015,158,0.010000,1.000000,1264,2667560
3016,99,0.010000,1.000000,792,2668352
3017,113,0.010000,1.000000,904,2669256
3018,111,0.010000,1.000000,888,2670144
3019,99,0.010000,1.000000,792,2670936
3020,158,0.010000,1.000000,1264,2672200
3021,157,0.010000,1.000000,1256,2673456
3022,99,0.010000,1.000000,792,2674248
3023,99,0.010000,1.000000,792,2675040
3024,99,0.010000,1.000000,792,2675832
3025,99,0.010000,1.000000,792,2676624
3026,99,0.010000,1.000000,792,2677416
3027,99,0.010000,1.000000,792,2678208
3028,99,0.010000,1.000000,792,2679000
3029,99,0.010000,1.000000,792,2679792
3030,99,0.010000,1.000000,792,2680584
3031,99,0.010000,1.000000,792,2681376
3032,158,0.010000,1.000000,1264,2682640
3033,99,0.010000,1.000000,792,2683432
3034,99,0.010000,1.000000,792,2684224
3035,99,0.010000,1.000000,792,2685016
3036,99,0.010000,1.000000,792,2685808
3037,99,0.010000,1.000000,792,2686600
3038,99,0.010000,1.000000,792,2687392
3039,98,0.010000,1.000000,784,2688176
3040,99,0.010000,1.000000,792,2688968
3041,99,0.010000,1.000000,792,2689760
3042,99,0.010000,1.000000,792,2690552
3043,156,0.010000,1.000000,1248,2691800
3044,99,0.010000,1.000000,792,2692592
3045,99,0.010000,1.000000,792,2693384
3046,99,0.010000,1.000000,792,2694176
3047,158,0.010000,1.000000,1264,2695440
3048,99,0.010000,1.000000,792,2696232
3049,99,0.010000,1.000000,792,2697024
3050,99,0.010000,1.000000,792,2697816
3051,99,0.010000,1.000000,792,2698608
3052,99,0.010000,1.000000,792,2699400
3053,158,0.010000,1.000000,1264,2700664
3054,99,0.010000,1.000000,792,2701456
3055,144,0.010000,1.000000,1152,2702608
3056,99,0.010000,1.000000,792,2703400
3057,158,0.010000,1.000000,1264,2704664
3058,99,0.010000,1.000000,792,2705456
3059,99,0.010000,1.000000,792,2706248
3060,158,0.010000,1.000000,1264,2707512
3061,158,0.010000,1.000000,1264,2708776
3062,99,0.010000,1.000000,792,2709568
3063,99,0.010000,1.000000,792,2710360
3064,99,0.010000,1.000000,792,2711152
3065,158,0.010000,1.000000,1264,2712416
3066,99,0.010000,1.000000,792,2713208
3067,99,0.010000,1.000000,792,2714000
3068,158,0.010000,1.000000,1264,2715264
3069,99,0.010000,1.000000,792,2716056
3070,99,0.010000,1.000000,792,2716848
3071,99,0.010000,1.000000,792,2717640
3072,99,0.010000,1.000000,792,2718432
3073,99,0.010000,1.000000,792,2719224
3074,99,0.010000,1.000000,792,2720016
3075,99,0.010000,1.000000,792,2720808
3076,99,0.010000,1.000000,792,2721600
3077,99,0.010000,1.000000,792,2722392
3078,99,0.010000,1.000000,792,2723184
3079,99,0.010000,1.000000,792,2723976
3080,158,0.010000,1.000000,1264,2725240
3081,126,0.010000,1.000000,1008,2726248
3082,99,0.010000,1.000000,792,2727040
3083,99,0.010000,1.000000,792,2727832
3084,158,0.010000,1.000000,1264,2729096
3085,158,0.010000,1.000000,1264,2730360
3086,99,0.010000,1.000000,792,2731152
3087,158,0.010000,1.000000,1264,2732416
3088,99,0.010000,1.000000,792,2733208
3089,99,0.010000,1.000000,792,2734000
3090,97,0.010000,1.000000,776,2734776
3091,99,0.010000,1.000000,792,2735568
3092,99,0.010000,1.000000,792,2736360
3093,97,0.010000,1.000000,776,2737136
3094,99,0.010000,1.000000,792,2737928
3095,97,0.010000,1.000000,776,2738704
3096,99,0.010000,1.000000,792,2739496
3097,99,0.010000,1.000000,792,2740288
3098,99,0.010000,1.000000,792,2741080
3099,99,0.010000,1.000000,792,2741872
3100,99,0.010000,1.000000,792,2742664
3101,99,0.010000,1.000000,792,2743456
3102,99,0.010000,1.000000,792,2744248
3103,158,0.010000,1.000000,1264,2745512
3104,99,0.010000,1.000000,792,2746304
3105,99,0.010000,1.000000,792,2747096
3106,99,0.010000,1.000000,792,2747888
3107,99,0.010000,1.000000,792,2748680
3108,99,0.010000,1.000000,792,2749472
3109,99,0.010000,1.000000,792,2750264
3110,99,0.010000,1.000000,792,2751056
3111,99,0.010000,1.000000,792,2751848
3112,97,0.010000,1.000000,776,2752624
3113,99,0.010000,1.000000,792,2753416
3114,125,0.010000,1.000000,1000,2754416
3115,99,0.010000,1.000000,792,2755208
3116,99,0.010000,1.000000,792,2756000
3117,99,0.010000,1.000000,792,2756792
3118,158,0.010000,1.000000,1264,2758056
3119,99,0.010000,1.000000,792,2758848
3120,99,0.010000,1.000000,792,2759640
3121,99,0.010000,1.000000,792,2760432
3122,99,0.010000,1.000000,792,2761224
3123,157,0.010000,1.000000,1256,2762480
3124,99,0.010000,1.000000,792,2763272
3125,99,0.010000,1.000000,792,2764064
3126,99,0.010000,1.000000,792,2764856
3127,99,0.010000,1.000000,792,2765648
3128,99,0.010000,1.000000,792,2766440
3129,99,0.010000,1.000000,792,2767232
3130,99,0.010000,1.000000,792,2768024
3131,99,0.010000,1.000000,792,2768816
3132,99,0.010000,1.000000,792,2769608
3133,99,0.010000,1.000000,792,2770400
3134,99,0.010000,1.000000,792,2771192
3135,156,0.010000,1.000000,1248,2772440
3136,102,0.010000,1.000000,816,2773256
3137,99,0.010000,1.000000,792,2774048
3138,99,0.010000,1.000000,792,2774840
3139,99,0.010000,1.000000,792,2775632
3140,145,0.010000,1.000000,1160,2776792
3141,99,0.010000,1.000000,792,2777584
3142,99,0.010000,1.000000,792,2778376
3143,99,0.010000,1.000000,792,2779168
3144,99,0.010000,1.000000,792,2779960
3145,99,0.010000,1.000000,792,2780752
3146,98,0.010000,1.000000,784,2781536
3147,99,0.010000,1.000000,792,2782328
3148,99,0.010000,1.000000,792,2783120
3149,99,0.010000,1.000000,792,2783912
3150,158,0.010000,1.000000,1264,2785176
3151,99,0.010000,1.000000,792,2785968
3152,99,0.010000,1.000000,792,2786760
3153,99,0.010000,1.000000,792,2787552
3154,99,0.010000,1.000000,792,2788344
3155,99,0.010000,1.000000,792,2789136
3156,99,0.010000,1.000000,792,2789928
3157,99,0.010000,1.000000,792,2790720
3158,158,0.010000,1.000000,1264,2791984
3159,99,0.010000,1.000000,792,2792776
3160,99,0.010000,1.000000,792,2793568
3161,99,0.010000,1.000000,792,2794360
3162,99,0.010000,1.000000,792,2795152
3163,99,0.010000,1.000000,792,2795944
3164,99,0.010000,1.000000,792,2796736
3165,99,0.010000,1.000000,792,2797528
3166,99,0.010000,1.000000,792,2798320
3167,99,0.010000,1.000000,792,2799112
3168,99,0.010000,1.000000,792,2799904
3169,99,0.010000,1.000000,792,2800696
3170,158,0.010000,1.000000,1264,2801960
3171,99,0.010000,1.000000,792,2802752
3172,99,0.010000,1.000000,792,2803544
3173,99,0.010000,1.000000,792,2804336
3174,99,0.010000,1.000000,792,2805128
3175,99,0.010000,1.000000,792,2805920
3176,99,0.010000,1.000000,792,2806712
3177,99,0.010000,1.000000,792,2807504
3178,99,0.010000,1.000000,792,2808296
3179,99,0.010000,1.000000,792,2809088
3180,99,0.010000,1.000000,792,2809880
3181,99,0.010000,1.000000,792,2810672
3182,99,0.010000,1.000000,792,2811464
3183,99,0.010000,1.000000,792,2812256
3184,158,0.010000,1.000000,1264,2813520
3185,99,0.010000,1.000000,792,2814312
3186,99,0.010000,1.000000,792,2815104
3187,99,0.010000,1.000000,792,2815896
3188,99,0.010000,1.000000,792,2816688
3189,157,0.010000,1.000000,1256,2817944
3190,99,0.010000,1.000000,792,2818736
3191,99,0.010000,1.000000,792,2819528
3192,99,0.010000,1.000000,792,2820320
3193,99,0.010000,1.000000,792,2821112
3194,99,0.010000,1.000000,792,2821904
3195,99,0.010000,1.000000,792,2822696
3196,99,0.010000,1.000000,792,2823488
3197,99,0.010000,1.000000,792,2824280
3198,99,0.010000,1.000000,792,2825072
3199,99,0.010000,1.000000,792,2825864
3200,99,0.010000,1.000000,792,2826656
3201,99,0.010000,1.000000,792,2827448
3202,99,0.010000,1.000000,792,2828240
3203,112,0.010000,1.000000,896,2829136
3204,143,0.010000,1.000000,1144,2830280
3205,162,0.010000,1.000000,1296,2831576
3206,99,0.010000,1.000000,792,2832368
3207,99,0.010000,1.000000,792,2833160
3208,158,0.010000,1.000000,1264,2834424
3209,99,0.010000,1.000000,792,2835216
3210,99,0.010000,1.000000,792,2836008
3211,99,0.010000,1.000000,792,2836800
3212,99,0.010000,1.000000,792,2837592
3213,99,0.010000,1.000000,792,2838384
3214,99,0.010000,1.000000,792,2839176
3215,99,0.010000,1.000000,792,2839968
3216,99,0.010000,1.000000,792,2840760
3217,99,0.010000,1.000000,792,2841552
3218,99,0.010000,1.000000,792,2842344
3219,136,0.010000,1.000000,1088,2843432
3220,157,0.010000,1.000000,1256,2844688
3221,158,0.010000,1.000000,1264,2845952
3222,99,0.010000,1.000000,792,2846744
3223,99,0.010000,1.000000,792,2847536
3224,99,0.010000,1.000000,792,2848328
3225,99,0.010000,1.000000,792,2849120
3226,99,0.010000,1.000000,792,2849912
3227,99,0.010000,1.000000,792,2850704
3228,99,0.010000,1.000000,792,2851496
3229,99,0.010000,1.000000,792,2852288
3230,99,0.010000,1.000000,792,2853080
3231,99,0.010000,1.000000,792,2853872
3232,158,0.010000,1.000000,1264,2855136
3233,99,0.010000,1.000000,792,2855928
3234,99,0.010000,1.000000,792,2856720
3235,158,0.010000,1.000000,1264,2857984
3236,99,0.010000,1.000000,792,2858776
3237,99,0.010000,1.000000,792,2859568
3238,99,0.010000,1.000000,792,2860360
3239,99,0.010000,1.000000,792,2861152
3240,99,0.010000,1.000000,792,2861944
3241,99,0.010000,1.000000,792,2862736
3242,99,0.010000,1.000000,792,2863528
3243,99,0.010000,1.000000,792,2864320
3244,99,0.010000,1.000000,792,2865112
3245,99,0.010000,1.000000,792,2865904
3246,99,0.010000,1.000000,792,2866696
3247,99,0.010000,1.000000,792,2867488
3248,99,0.010000,1.000000,792,2868280
3249,99,0.010000,1.000000,792,2869072
3250,99,0.010000,1.000000,792,2869864
3251,99,0.010000,1.000000,792,2870656
3252,99,0.010000,1.000000,792,2871448
3253,99,0.010000,1.000000,792,2872240
3254,99,0.010000,1.000000,792,2873032
3255,99,0.010000,1.000000,792,2873824
3256,99,0.010000,1.000000,792,2874616
3257,99,0.010000,1.000000,792,2875408
3258,158,0.010000,1.000000,1264,2876672
3259,99,0.010000,1.000000,792,2877464
3260,99,0.010000,1.000000,792,2878256
3261,99,0.010000,1.000000,792,2879048
3262,99,0.010000,1.000000,792,2879840
3263,99,0.010000,1.000000,792,2880632
3264,99,0.010000,1.000000,792,2881424
3265,158,0.010000,1.000000,1264,2882688
3266,99,0.010000,1.000000,792,2883480
3267,99,0.010000,1.000000,792,2884272
3268,99,0.010000,1.000000,792,2885064
3269,99,0.010000,1.000000,792,2885856
3270,99,0.010000,1.000000,792,2886648
3271,99,0.010000,1.000000,792,2887440
3272,99,0.010000,1.000000,792,2888232
3273,99,0.010000,1.000000,792,2889024
3274,99,0.010000,1.000000,792,2889816
3275,99,0.010000,1.000000,792,2890608
3276,99,0.010000,1.000000,792,2891400
3277,99,0.010000,1.000000,792,2892192
3278,99,0.010000,1.000000,792,2892984
3279,99,0.010000,1.000000,792,2893776
3280,99,0.010000,1.000000,792,2894568
3281,99,0.010000,1.000000,792,2895360
3282,99,0.010000,1.000000,792,2896152
3283,99,0.010000,1.000000,792,2896944
3284,99,0.010000,1.000000,792,2897736
3285,99,0.010000,1.000000,792,2898528
3286,99,0.010000,1.000000,792,2899320
3287,158,0.010000,1.000000,1264,2900584
3288,99,0.010000,1.000000,792,2901376
3289,99,0.010000,1.000000,792,2902168
3290,158,0.010000,1.000000,1264,2903432
3291,99,0.010000,1.000000,792,2904224
3292,99,0.010000,1.000000,792,2905016
3293,99,0.010000,1.000000,792,2905808
3294,99,0.010000,1.000000,792,2906600
3295,99,0.010000,1.000000,792,2907392
3296,99,0.010000,1.000000,792,2908184
3297,99,0.010000,1.000000,792,2908976
3298,99,0.010000,1.000000,792,2909768
3299,99,0.010000,1.000000,792,2910560
3300,99,0.010000,1.000000,792,2911352
3301,99,0.010000,1.000000,792,2912144
3302,99,0.010000,1.000000,792,2912936
3303,99,0.010000,1.000000,792,2913728
3304,99,0.010000,1.000000,792,2914520
3305,99,0.010000,1.000000,792,2915312
3306,99,0.010000,1.000000,792,2916104
3307,99,0.010000,1.000000,792,2916896
3308,99,0.010000,1.000000,792,2917688
3309,99,0.010000,1.000000,792,2918480
3310,99,0.010000,1.000000,792,2919272
3311,99,0.010000,1.000000,792,2920064
3312,99,0.010000,1.000000,792,2920856
3313,99,0.010000,1.000000,792,2921648
3314,158,0.010000,1.000000,1264,2922912
3315,99,0.010000,1.000000,792,2923704
3316,99,0.010000,1.000000,792,2924496
3317,99,0.010000,1.000000,792,2925288
3318,99,0.010000,1.000000,792,2926080
3319,99,0.010000,1.000000,792,2926872
3320,99,0.010000,1.000000,792,2927664
3321,99,0.010000,1.000000,792,2928456
3322,99,0.010000,1.000000,792,2929248
3323,99,0.010000,1.000000,792,2930040
3324,99,0.010000,1.000000,792,2930832
3325,99,0.010000,1.000000,792,2931624
3326,99,0.010000,1.000000,792,2932416
3327,99,0.010000,1.000000,792,2933208
3328,99,0.010000,1.000000,792,2934000
3329,99,0.010000,1.000000,792,2934792
3330,99,0.010000,1.000000,792,2935584
3331,99,0.010000,1.000000,792,2936376
3332,99,0.010000,1.000000,792,2937168
3333,99,0.010000,1.000000,792,2937960
3334,99,0.010000,1.000000,792,2938752
3335,108,0.010000,1.000000,864,2939616
3336,99,0.010000,1.000000,792,2940408
3337,99,0.010000,1.000000,792,2941200
3338,99,0.010000,1.000000,792,2941992
3339,99,0.010000,1.000000,792,2942784
3340,158,0.010000,1.000000,1264,2944048
3341,99,0.010000,1.000000,792,2944840
3342,99,0.010000,1.000000,792,2945632
3343,158,0.010000,1.000000,1264,2946896
3344,157,0.010000,1.000000,1256,2948152
3345,99,0.010000,1.000000,792,2948944
3346,99,0.010000,1.000000,792,2949736
3347,99,0.010000,1.000000,792,2950528
3348,99,0.010000,1.000000,792,2951320
3349,99,0.010000,1.000000,792,2952112
3350,99,0.010000,1.000000,792,2952904
3351,99,0.010000,1.000000,792,2953696
3352,99,0.010000,1.000000,792,2954488
3353,99,0.010000,1.000000,792,2955280
3354,99,0.010000,1.000000,792,2956072
3355,99,0.010000,1.000000,792,2956864
3356,99,0.010000,1.000000,792,2957656
3357,99,0.010000,1.000000,792,2958448
3358,99,0.010000,1.000000,792,2959240
3359,99,0.010000,1.000000,792,2960032
3360,99,0.010000,1.000000,792,2960824
3361,99,0.010000,1.000000,792,2961616
3362,99,0.010000,1.000000,792,2962408
3363,99,0.010000,1.000000,792,2963200
3364,99,0.010000,1.000000,792,2963992
3365,99,0.010000,1.000000,792,2964784
3366,99,0.010000,1.000000,792,2965576
3367,99,0.010000,1.000000,792,2966368
3368,99,0.010000,1.000000,792,2967160
3369,99,0.010000,1.000000,792,2967952
3370,99,0.010000,1.000000,792,2968744
3371,99,0.010000,1.000000,792,2969536
3372,99,0.010000,1.000000,792,2970328
3373,99,0.010000,1.000000,792,2971120
3374,99,0.010000,1.000000,792,2971912
3375,99,0.010000,1.000000,792,2972704
3376,99,0.010000,1.000000,792,2973496
3377,99,0.010000,1.000000,792,2974288
3378,99,0.010000,1.000000,792,2975080
3379,99,0.010000,1.000000,792,2975872
3380,149,0.010000,1.000000,1192,2977064
3381,99,0.010000,1.000000,792,2977856
3382,99,0.010000,1.000000,792,2978648
3383,99,0.010000,1.000000,792,2979440
3384,158,0.010000,1.000000,1264,2980704
3385,99,0.010000,1.000000,792,2981496
3386,99,0.010000,1.000000,792,2982288
3387,99,0.010000,1.000000,792,2983080
3388,99,0.010000,1.000000,792,2983872
3389,99,0.010000,1.000000,792,2984664
3390,158,0.010000,1.000000,1264,2985928
3391,99,0.010000,1.000000,792,2986720
3392,99,0.010000,1.000000,792,2987512
3393,99,0.010000,1.000000,792,2988304
3394,99,0.010000,1.000000,792,2989096
3395,99,0.010000,1.000000,792,2989888
3396,99,0.010000,1.000000,792,2990680
3397,99,0.010000,1.000000,792,2991472
3398,99,0.010000,1.000000,792,2992264
3399,99,0.010000,1.000000,792,2993056
3400,99,0.010000,1.000000,792,2993848
3401,99,0.010000,1.000000,792,2994640
3402,99,0.010000,1.000000,792,2995432
3403,99,0.010000,1.000000,792,2996224
3404,158,0.010000,1.000000,1264,2997488
3405,99,0.010000,1.000000,792,2998280
3406,99,0.010000,1.000000,792,2999072
3407,99,0.010000,1.000000,792,2999864
3408,99,0.010000,1.000000,792,3000656
3409,99,0.010000,1.000000,792,3001448
3410,99,0.010000,1.000000,792,3002240
3411,99,0.010000,1.000000,792,3003032
3412,99,0.010000,1.000000,792,3003824
3413,99,0.010000,1.000000,792,3004616
3414,99,0.010000,1.000000,792,3005408
3415,99,0.010000,1.000000,792,3006200
3416,158,0.010000,1.000000,1264,3007464
3417,99,0.010000,1.000000,792,3008256
3418,99,0.010000,1.000000,792,3009048
3419,99,0.010000,1.000000,792,3009840
3420,99,0.010000,1.000000,792,3010632
3421,99,0.010000,1.000000,792,3011424
3422,99,0.010000,1.000000,792,3012216
3423,99,0.010000,1.000000,792,3013008
3424,99,0.010000,1.000000,792,3013800
3425,99,0.010000,1.000000,792,3014592
3426,99,0.010000,1.000000,792,3015384
3427,99,0.010000,1.000000,792,3016176
3428,158,0.010000,1.000000,1264,3017440
3429,99,0.010000,1.000000,792,3018232
3430,99,0.010000,1.000000,792,3019024
3431,99,0.010000,1.000000,792,3019816
3432,99,0.010000,1.000000,792,3020608
3433,99,0.010000,1.000000,792,3021400
3434,99,0.010000,1.000000,792,3022192
3435,99,0.010000,1.000000,792,3022984
3436,99,0.010000,1.000000,792,3023776
3437,99,0.010000,1.000000,792,3024568
3438,99,0.010000,1.000000,792,3025360
3439,99,0.010000,1.000000,792,3026152
3440,158,0.010000,1.000000,1264,3027416
3441,99,0.010000,1.000000,792,3028208
3442,99,0.010000,1.000000,792,3029000
3443,99,0.010000,1.000000,792,3029792
3444,139,0.010000,1.000000,1112,3030904
3445,99,0.010000,1.000000,792,3031696
3446,99,0.010000,1.000000,792,3032488
3447,99,0.010000,1.000000,792,3033280
3448,99,0.010000,1.000000,792,3034072
3449,99,0.010000,1.000000,792,3034864
3450,99,0.010000,1.000000,792,3035656
3451,158,0.010000,1.000000,1264,3036920
3452,99,0.010000,1.000000,792,3037712
3453,99,0.010000,1.000000,792,3038504
3454,99,0.010000,1.000000,792,3039296
3455,99,0.010000,1.000000,792,3040088
3456,99,0.010000,1.000000,792,3040880
3457,99,0.010000,1.000000,792,3041672
3458,99,0.010000,1.000000,792,3042464
3459,99,0.010000,1.000000,792,3043256
3460,99,0.010000,1.000000,792,3044048
3461,99,0.010000,1.000000,792,3044840
3462,99,0.010000,1.000000,792,3045632
3463,99,0.010000,1.000000,792,3046424
3464,99,0.010000,1.000000,792,3047216
3465,99,0.010000,1.000000,792,3048008
3466,99,0.010000,1.000000,792,3048800
3467,99,0.010000,1.000000,792,3049592
3468,99,0.010000,1.000000,792,3050384
3469,99,0.010000,1.000000,792,3051176
3470,99,0.010000,1.000000,792,3051968
3471,99,0.010000,1.000000,792,3052760
3472,99,0.010000,1.000000,792,3053552
3473,99,0.010000,1.000000,792,3054344
3474,99,0.010000,1.000000,792,3055136
3475,99,0.010000,1.000000,792,3055928
3476,99,0.010000,1.000000,792,3056720
3477,99,0.010000,1.000000,792,3057512
3478,158,0.010000,1.000000,1264,3058776
3479,99,0.010000,1.000000,792,3059568
3480,158,0.010000,1.000000,1264,3060832
3481,99,0.010000,1.000000,792,3061624
3482,99,0.010000,1.000000,792,3062416
3483,99,0.010000,1.000000,792,3063208
3484,99,0.010000,1.000000,792,3064000
3485,99,0.010000,1.000000,792,3064792
3486,158,0.010000,1.000000,1264,3066056
3487,99,0.010000,1.000000,792,3066848
3488,99,0.010000,1.000000,792,3067640
3489,99,0.010000,1.000000,792,3068432
3490,157,0.010000,1.000000,1256,3069688
3491,99,0.010000,1.000000,792,3070480
3492,99,0.010000,1.000000,792,3071272
3493,99,0.010000,1.000000,792,3072064
3494,141,0.010000,1.000000,1128,3073192
3495,99,0.010000,1.000000,792,3073984
3496,99,0.010000,1.000000,792,3074776
3497,99,0.010000,1.000000,792,3075568
3498,99,0.010000,1.000000,792,3076360
3499,99,0.010000,1.000000,792,3077152
3500,158,0.010000,1.000000,1264,3078416
3501,99,0.010000,1.000000,792,3079208
3502,99,0.010000,1.000000,792,3080000
3503,99,0.010000,1.000000,792,3080792
3504,99,0.010000,1.000000,792,3081584
3505,99,0.010000,1.000000,792,3082376
3506,158,0.010000,1.000000,1264,3083640
3507,99,0.010000,1.000000,792,3084432
3508,99,0.010000,1.000000,792,3085224
3509,99,0.010000,1.000000,792,3086016
3510,99,0.010000,1.000000,792,3086808
3511,99,0.010000,1.000000,792,3087600
3512,99,0.010000,1.000000,792,3088392
3513,99,0.010000,1.000000,792,3089184
3514,99,0.010000,1.000000,792,3089976
3515,99,0.010000,1.000000,792,3090768
3516,99,0.010000,1.000000,792,3091560
3517,99,0.010000,1.000000,792,3092352
3518,99,0.010000,1.000000,792,3093144
3519,99,0.010000,1.000000,792,3093936
3520,99,0.010000,1.000000,792,3094728
3521,99,0.010000,1.000000,792,3095520
3522,99,0.010000,1.000000,792,3096312
3523,99,0.010000,1.000000,792,3097104
3524,158,0.010000,1.000000,1264,3098368
3525,99,0.010000,1.000000,792,3099160
3526,99,0.010000,1.000000,792,3099952
3527,99,0.010000,1.000000,792,3100744
3528,99,0.010000,1.000000,792,3101536
3529,99,0.010000,1.000000,792,3102328
3530,99,0.010000,1.000000,792,3103120
3531,99,0.010000,1.000000,792,3103912
3532,99,0.010000,1.000000,792,3104704
3533,99,0.010000,1.000000,792,3105496
3534,99,0.010000,1.000000,792,3106288
3535,99,0.010000,1.000000,792,3107080
3536,99,0.010000,1.000000,792,3107872
3537,99,0.010000,1.000000,792,3108664
3538,99,0.010000,1.000000,792,3109456
3539,99,0.010000,1.000000,792,3110248
3540,99,0.010000,1.000000,792,3111040
3541,158,0.010000,1.000000,1264,3112304
3542,99,0.010000,1.000000,792,3113096
3543,99,0.010000,1.000000,792,3113888
3544,99,0.010000,1.000000,792,3114680
3545,99,0.010000,1.000000,792,3115472
3546,99,0.010000,1.000000,792,3116264
3547,99,0.010000,1.000000,792,3117056
3548,99,0.010000,1.000000,792,3117848
3549,99,0.010000,1.000000,792,3118640
3550,99,0.010000,1.000000,792,3119432
3551,99,0.010000,1.000000,792,3120224
3552,99,0.010000,1.000000,792,3121016
3553,99,0.010000,1.000000,792,3121808
3554,99,0.010000,1.000000,792,3122600
3555,119,0.010000,1.000000,952,3123552
3556,154,0.010000,1.000000,1232,3124784
3557,99,0.010000,1.000000,792,3125576
3558,99,0.010000,1.000000,792,3126368
3559,99,0.010000,1.000000,792,3127160
3560,99,0.010000,1.000000,792,3127952
3561,99,0.010000,1.000000,792,3128744
3562,99,0.010000,1.000000,792,3129536
3563,99,0.010000,1.000000,792,3130328
3564,99,0.010000,1.000000,792,3131120
3565,157,0.010000,1.000000,1256,3132376
3566,99,0.010000,1.000000,792,3133168
3567,99,0.010000,1.000000,792,3133960
3568,99,0.010000,1.000000,792,3134752
3569,99,0.010000,1.000000,792,3135544
3570,99,0.010000,1.000000,792,3136336
3571,99,0.010000,1.000000,792,3137128
3572,99,0.010000,1.000000,792,3137920
3573,99,0.010000,1.000000,792,3138712
3574,158,0.010000,1.000000,1264,3139976
3575,99,0.010000,1.000000,792,3140768
3576,99,0.010000,1.000000,792,3141560
3577,99,0.010000,1.000000,792,3142352
3578,99,0.010000,1.000000,792,3143144
3579,99,0.010000,1.000000,792,3143936
3580,99,0.010000,1.000000,792,3144728
3581,99,0.010000,1.000000,792,3145520
3582,99,0.010000,1.000000,792,3146312
3583,99,0.010000,1.000000,792,3147104
3584,99,0.010000,1.000000,792,3147896
3585,99,0.010000,1.000000,792,3148688
3586,99,0.010000,1.000000,792,3149480
3587,99,0.010000,1.000000,792,3150272
3588,99,0.010000,1.000000,792,3151064
3589,99,0.010000,1.000000,792,3151856
3590,99,0.010000,1.000000,792,3152648
3591,158,0.010000,1.000000,1264,3153912
3592,99,0.010000,1.000000,792,3154704
3593,99,0.010000,1.000000,792,3155496
3594,99,0.010000,1.000000,792,3156288
3595,158,0.010000,1.000000,1264,3157552
3596,99,0.010000,1.000000,792,3158344
3597,99,0.010000,1.000000,792,3159136
3598,99,0.010000,1.000000,792,3159928
3599,99,0.010000,1.000000,792,3160720
3600,99,0.010000,1.000000,792,3161512
3601,99,0.010000,1.000000,792,3162304
3602,99,0.010000,1.000000,792,3163096
3603,99,0.010000,1.000000,792,3163888
3604,99,0.010000,1.000000,792,3164680
3605,99,0.010000,1.000000,792,3165472
3606,99,0.010000,1.000000,792,3166264
3607,158,0.010000,1.000000,1264,3167528
3608,99,0.010000,1.000000,792,3168320
3609,158,0.010000,1.000000,1264,3169584
3610,99,0.010000,1.000000,792,3170376
3611,99,0.010000,1.000000,792,3171168
3612,158,0.010000,1.000000,1264,3172432
3613,99,0.010000,1.000000,792,3173224
3614,158,0.010000,1.000000,1264,3174488
3615,99,0.010000,1.000000,792,3175280
3616,99,0.010000,1.000000,792,3176072
3617,99,0.010000,1.000000,792,3176864
3618,99,0.010000,1.000000,792,3177656
3619,99,0.010000,1.000000,792,3178448
3620,99,0.010000,1.000000,792,3179240
3621,99,0.010000,1.000000,792,3180032
3622,99,0.010000,1.000000,792,3180824
3623,99,0.010000,1.000000,792,3181616
3624,99,0.010000,1.000000,792,3182408
3625,99,0.010000,1.000000,792,3183200
3626,99,0.010000,1.000000,792,3183992
3627,99,0.010000,1.000000,792,3184784
3628,99,0.010000,1.000000,792,3185576
3629,99,0.010000,1.000000,792,3186368
3630,99,0.010000,1.000000,792,3187160
3631,99,0.010000,1.000000,792,3187952
3632,99,0.010000,1.000000,792,3188744
3633,99,0.010000,1.000000,792,3189536
3634,99,0.010000,1.000000,792,3190328
3635,99,0.010000,1.000000,792,3191120
3636,99,0.010000,1.000000,792,3191912
3637,99,0.010000,1.000000,792,3192704
3638,99,0.010000,1.000000,792,3193496
3639,99,0.010000,1.000000,792,3194288
3640,99,0.010000,1.000000,792,3195080
3641,99,0.010000,1.000000,792,3195872
3642,99,0.010000,1.000000,792,3196664
3643,99,0.010000,1.000000,792,3197456
3644,99,0.010000,1.000000,792,3198248
3645,99,0.010000,1.000000,792,3199040
3646,99,0.010000,1.000000,792,3199832
3647,99,0.010000,1.000000,792,3200624
3648,99,0.010000,1.000000,792,3201416
3649,99,0.010000,1.000000,792,3202208
3650,99,0.010000,1.000000,792,3203000
3651,99,0.010000,1.000000,792,3203792
3652,99,0.010000,1.000000,792,3204584
3653,99,0.010000,1.000000,792,3205376
3654,99,0.010000,1.000000,792,3206168
3655,99,0.010000,1.000000,792,3206960
3656,99,0.010000,1.000000,792,3207752
3657,158,0.010000,1.000000,1264,3209016
3658,99,0.010000,1.000000,792,3209808
3659,99,0.010000,1.000000,792,3210600
3660,99,0.010000,1.000000,792,3211392
3661,99,0.010000,1.000000,792,3212184
3662,97,0.010000,1.000000,776,3212960
3663,99,0.010000,1.000000,792,3213752
3664,99,0.010000,1.000000,792,3214544
3665,99,0.010000,1.000000,792,3215336
3666,99,0.010000,1.000000,792,3216128
3667,99,0.010000,1.000000,792,3216920
3668,99,0.010000,1.000000,792,3217712
3669,99,0.010000,1.000000,792,3218504
3670,99,0.010000,1.000000,792,3219296
3671,99,0.010000,1.000000,792,3220088
3672,99,0.010000,1.000000,792,3220880
3673,158,0.010000,1.000000,1264,3222144
3674,99,0.010000,1.000000,792,3222936
3675,99,0.010000,1.000000,792,3223728
3676,99,0.010000,1.000000,792,3224520
3677,99,0.010000,1.000000,792,3225312
3678,99,0.010000,1.000000,792,3226104
3679,99,0.010000,1.000000,792,3226896
3680,99,0.010000,1.000000,792,3227688
3681,99,0.010000,1.000000,792,3228480
3682,99,0.010000,1.000000,792,3229272
3683,99,0.010000,1.000000,792,3230064
3684,99,0.010000,1.000000,792,3230856
3685,99,0.010000,1.000000,792,3231648
3686,99,0.010000,1.000000,792,3232440
3687,99,0.010000,1.000000,792,3233232
3688,99,0.010000,1.000000,792,3234024
3689,99,0.010000,1.000000,792,3234816
3690,99,0.010000,1.000000,792,3235608
3691,99,0.010000,1.000000,792,3236400
3692,99,0.010000,1.000000,792,3237192
3693,99,0.010000,1.000000,792,3237984
3694,99,0.010000,1.000000,792,3238776
3695,99,0.010000,1.000000,792,3239568
3696,157,0.010000,1.000000,1256,3240824
3697,99,0.010000,1.000000,792,3241616
3698,99,0.010000,1.000000,792,3242408
3699,99,0.010000,1.000000,792,3243200
3700,99,0.010000,1.000000,792,3243992
3701,99,0.010000,1.000000,792,3244784
3702,99,0.010000,1.000000,792,3245576
3703,99,0.010000,1.000000,792,3246368
3704,99,0.010000,1.000000,792,3247160
3705,99,0.010000,1.000000,792,3247952
3706,99,0.010000,1.000000,792,3248744
3707,99,0.010000,1.000000,792,3249536
3708,99,0.010000,1.000000,792,3250328
3709,99,0.010000,1.000000,792,3251120
3710,99,0.010000,1.000000,792,3251912
3711,99,0.010000,1.000000,792,3252704
3712,99,0.010000,1.000000,792,3253496
3713,99,0.010000,1.000000,792,3254288
3714,99,0.010000,1.000000,792,3255080
3715,99,0.010000,1.000000,792,3255872
3716,99,0.010000,1.000000,792,3256664
3717,99,0.010000,1.000000,792,3257456
3718,99,0.010000,1.000000,792,3258248
3719,99,0.010000,1.000000,792,3259040
3720,99,0.010000,1.000000,792,3259832
3721,99,0.010000,1.000000,792,3260624
3722,99,0.010000,1.000000,792,3261416
3723,99,0.010000,1.000000,792,3262208
3724,99,0.010000,1.000000,792,3263000
3725,99,0.010000,1.000000,792,3263792
3726,99,0.010000,1.000000,792,3264584
3727,99,0.010000,1.000000,792,3265376
3728,99,0.010000,1.000000,792,3266168
3729,99,0.010000,1.000000,792,3266960
3730,99,0.010000,1.000000,792,3267752
3731,99,0.010000,1.000000,792,3268544
3732,99,0.010000,1.000000,792,3269336
3733,99,0.010000,1.000000,792,3270128
3734,158,0.010000,1.000000,1264,3271392
3735,99,0.010000,1.000000,792,3272184
3736,99,0.010000,1.000000,792,3272976
3737,128,0.010000,1.000000,1024,3274000
3738,99,0.010000,1.000000,792,3274792
3739,157,0.010000,1.000000,1256,3276048
3740,99,0.010000,1.000000,792,3276840
3741,99,0.010000,1.000000,792,3277632
3742,99,0.010000,1.000000,792,3278424
3743,99,0.010000,1.000000,792,3279216
3744,158,0.010000,1.000000,1264,3280480
3745,99,0.010000,1.000000,792,3281272
3746,99,0.010000,1.000000,792,3282064
3747,99,0.010000,1.000000,792,3282856
3748,99,0.010000,1.000000,792,3283648
3749,99,0.010000,1.000000,792,3284440
3750,99,0.010000,1.000000,792,3285232
3751,99,0.010000,1.000000,792,3286024
3752,99,0.010000,1.000000,792,3286816
3753,99,0.010000,1.000000,792,3287608
3754,99,0.010000,1.000000,792,3288400
3755,158,0.010000,1.000000,1264,3289664
3756,99,0.010000,1.000000,792,3290456
3757,99,0.010000,1.000000,792,3291248
3758,99,0.010000,1.000000,792,3292040
3759,99,0.010000,1.000000,792,3292832
3760,99,0.010000,1.000000,792,3293624
3761,99,0.010000,1.000000,792,3294416
3762,99,0.010000,1.000000,792,3295208
3763,99,0.010000,1.000000,792,3296000
3764,99,0.010000,1.000000,792,3296792
3765,99,0.010000,1.000000,792,3297584
3766,99,0.010000,1.000000,792,3298376
3767,99,0.010000,1.000000,792,3299168
3768,99,0.010000,1.000000,792,3299960
3769,99,0.010000,1.000000,792,3300752
3770,158,0.010000,1.000000,1264,3302016
3771,99,0.010000,1.000000,792,3302808
3772,99,0.010000,1.000000,792,3303600
3773,99,0.010000,1.000000,792,3304392
3774,99,0.010000,1.000000,792,3305184
3775,99,0.010000,1.000000,792,3305976
3776,99,0.010000,1.000000,792,3306768
3777,99,0.010000,1.000000,792,3307560
3778,99,0.010000,1.000000,792,3308352
3779,99,0.010000,1.000000,792,3309144
3780,99,0.010000,1.000000,792,3309936
3781,99,0.010000,1.000000,792,3310728
3782,99,0.010000,1.000000,792,3311520
3783,99,0.010000,1.000000,792,3312312
3784,99,0.010000,1.000000,792,3313104
3785,99,0.010000,1.000000,792,3313896
3786,99,0.010000,1.000000,792,3314688
3787,99,0.010000,1.000000,792,3315480
3788,99,0.010000,1.000000,792,3316272
3789,99,0.010000,1.000000,792,3317064
3790,99,0.010000,1.000000,792,3317856
3791,99,0.010000,1.000000,792,3318648
3792,99,0.010000,1.000000,792,3319440
3793,99,0.010000,1.000000,792,3320232
3794,99,0.010000,1.000000,792,3321024
3795,99,0.010000,1.000000,792,3321816
3796,30,0.010000,1.000000,240,3322056
