============================= test session starts ==============================
platform linux -- Python 3.13.1, pytest-8.4.2, pluggy-1.6.0 -- /tmp/hamlet-static-epistemic-access/.venv/bin/python
cachedir: .pytest_cache
hypothesis profile 'default'
benchmark: 5.2.3 (defaults: timer=time.perf_counter disable_gc=False min_rounds=5 min_time=0.000005 max_time=1.0 calibration_precision=10 warmup=False warmup_iterations=100000)
rootdir: /tmp/hamlet-static-epistemic-access
configfile: pyproject.toml
testpaths: tests
plugins: hypothesis-6.165.3, anyio-4.14.2, asyncio-1.4.0, benchmark-5.2.3, cov-7.1.0
asyncio: mode=Mode.STRICT, debug=False, asyncio_default_fixture_loop_scope=None, asyncio_default_test_loop_scope=function
collecting ... collected 4268 items

tests/test_no_defaults_lint.py::TestASTContext::test_simple_path PASSED  [  0%]
tests/test_no_defaults_lint.py::TestASTContext::test_nested_class_path PASSED [  0%]
tests/test_no_defaults_lint.py::TestASTContext::test_module_only PASSED  [  0%]
tests/test_no_defaults_lint.py::TestASTContext::test_module_and_function PASSED [  0%]
tests/test_no_defaults_lint.py::TestWhitelistPattern::test_parse_structural_module_wildcard PASSED [  0%]
tests/test_no_defaults_lint.py::TestWhitelistPattern::test_parse_structural_file_wildcard PASSED [  0%]
tests/test_no_defaults_lint.py::TestWhitelistPattern::test_parse_structural_class_wildcard PASSED [  0%]
tests/test_no_defaults_lint.py::TestWhitelistPattern::test_parse_line_based PASSED [  0%]
tests/test_no_defaults_lint.py::TestWhitelistPattern::test_matches_structural_module_wildcard PASSED [  0%]
tests/test_no_defaults_lint.py::TestWhitelistPattern::test_matches_structural_class PASSED [  0%]
tests/test_no_defaults_lint.py::TestWhitelistPattern::test_matches_line_based PASSED [  0%]
tests/test_no_defaults_lint.py::TestViolationDetection::test_detect_function_defaults PASSED [  0%]
tests/test_no_defaults_lint.py::TestViolationDetection::test_detect_multiple_function_defaults PASSED [  0%]
tests/test_no_defaults_lint.py::TestViolationDetection::test_no_violation_no_defaults PASSED [  0%]
tests/test_no_defaults_lint.py::TestViolationDetection::test_detect_lambda_defaults PASSED [  0%]
tests/test_no_defaults_lint.py::TestViolationDetection::test_detect_logical_or_default PASSED [  0%]
tests/test_no_defaults_lint.py::TestViolationDetection::test_detect_ternary_default PASSED [  0%]
tests/test_no_defaults_lint.py::TestViolationDetection::test_detect_dict_get_default PASSED [  0%]
tests/test_no_defaults_lint.py::TestViolationDetection::test_detect_dict_setdefault PASSED [  0%]
tests/test_no_defaults_lint.py::TestViolationDetection::test_detect_os_getenv_default PASSED [  0%]
tests/test_no_defaults_lint.py::TestViolationDetection::test_detect_call_with_default_kwarg PASSED [  0%]
tests/test_no_defaults_lint.py::TestViolationDetection::test_detect_call_with_default_factory PASSED [  0%]
tests/test_no_defaults_lint.py::TestViolationDetection::test_detect_argparse_default PASSED [  0%]
tests/test_no_defaults_lint.py::TestViolationDetection::test_detect_click_default PASSED [  0%]
tests/test_no_defaults_lint.py::TestViolationDetection::test_nested_class_context PASSED [  0%]
tests/test_no_defaults_lint.py::TestViolationDetection::test_tuple_unpacking_variable_extraction PASSED [  0%]
tests/test_no_defaults_lint.py::TestViolationDetection::test_list_unpacking_variable_extraction PASSED [  0%]
tests/test_no_defaults_lint.py::TestViolationDetection::test_subscript_assignment_variable_extraction PASSED [  0%]
tests/test_no_defaults_lint.py::TestFileScanning::test_scan_file_success PASSED [  0%]
tests/test_no_defaults_lint.py::TestFileScanning::test_scan_file_syntax_error PASSED [  0%]
tests/test_no_defaults_lint.py::TestFileScanning::test_iter_py_files_with_exclude PASSED [  0%]
tests/test_no_defaults_lint.py::TestEndToEnd::test_main_no_violations PASSED [  0%]
tests/test_no_defaults_lint.py::TestEndToEnd::test_main_with_violations PASSED [  0%]
tests/test_no_defaults_lint.py::TestEndToEnd::test_main_with_whitelist PASSED [  0%]
tests/test_no_defaults_lint.py::TestEndToEnd::test_main_file_not_found PASSED [  0%]
tests/test_townlet/integration/test_action_costs.py::TestMovementCosts::test_movement_applies_base_move_depletion PASSED [  0%]
tests/test_townlet/integration/test_action_costs.py::TestMovementCosts::test_movement_costs_per_meter_from_bars PASSED [  0%]
tests/test_townlet/integration/test_action_costs.py::TestInteractionCosts::test_interact_applies_base_interaction_cost PASSED [  0%]
tests/test_townlet/integration/test_action_costs.py::TestWaitActionIsolation::test_wait_only_pays_base_depletion PASSED [  0%]
tests/test_townlet/integration/test_action_costs.py::TestWaitActionIsolation::test_wait_vs_movement_cost_difference PASSED [  0%]
tests/test_townlet/integration/test_affordance_interaction_gating_runtime.py::test_declared_non_money_costs_gate_the_live_interaction[0.0-True] PASSED [  0%]
tests/test_townlet/integration/test_affordance_interaction_gating_runtime.py::test_declared_non_money_costs_gate_the_live_interaction[0.9-False] PASSED [  0%]
tests/test_townlet/integration/test_affordance_interaction_gating_runtime.py::test_engine_exposes_no_optin_affordability_guard PASSED [  1%]
tests/test_townlet/integration/test_affordance_interaction_gating_runtime.py::test_engine_refuses_agents_that_cannot_pay PASSED [  1%]
tests/test_townlet/integration/test_affordance_interaction_gating_runtime.py::test_multi_tick_without_temporal_mechanics_is_rejected_at_compile_time PASSED [  1%]
tests/test_townlet/integration/test_affordance_interaction_gating_runtime.py::test_instant_interaction_type_compiles_without_temporal_mechanics PASSED [  1%]
tests/test_townlet/integration/test_aoe_effects.py::test_aoe_heal_nearby_agents PASSED [  1%]
tests/test_townlet/integration/test_canonical_variable_consumer_shapes.py::test_expression_functions_produce_declared_state_shape[global-scalar-sum(2.0, 4.0)-6.0] PASSED [  1%]
tests/test_townlet/integration/test_canonical_variable_consumer_shapes.py::test_expression_functions_produce_declared_state_shape[global-scalar-argmin(2.0, 4.0)-0.0] PASSED [  1%]
tests/test_townlet/integration/test_canonical_variable_consumer_shapes.py::test_expression_functions_produce_declared_state_shape[global-bool-any(true, false)-True] PASSED [  1%]
tests/test_townlet/integration/test_canonical_variable_consumer_shapes.py::test_expression_functions_produce_declared_state_shape[agent-scalar-mean(bar.energy, bar.health)-0.9925] PASSED [  1%]
tests/test_townlet/integration/test_canonical_variable_consumer_shapes.py::test_expression_functions_produce_declared_state_shape[agent-scalar-argmax(bar.energy, bar.health)-1.0] PASSED [  1%]
tests/test_townlet/integration/test_canonical_variable_consumer_shapes.py::test_expression_functions_produce_declared_state_shape[agent-bool-all(bar.energy > 0.5, bar.health > 0.5)-True] PASSED [  1%]
tests/test_townlet/integration/test_canonical_variable_consumer_shapes.py::test_expression_functions_produce_declared_state_shape[agent-scalar-count_where(bar.energy > 0.5, bar.health > 0.5)-2.0] PASSED [  1%]
tests/test_townlet/integration/test_canonical_variable_consumer_shapes.py::test_expression_functions_produce_declared_state_shape[agent-bool-threshold(0.5, bar.energy, 0.9)-False] PASSED [  1%]
tests/test_townlet/integration/test_canonical_variable_consumer_shapes.py::test_expression_functions_produce_declared_state_shape[agent-scalar-where(bar.energy > 0.5, 1.0, 0.0)-1.0] PASSED [  1%]
tests/test_townlet/integration/test_canonical_variable_consumer_shapes.py::test_incompatible_function_shapes_refuse_before_execution[global-scalar-bar.energy] PASSED [  1%]
tests/test_townlet/integration/test_canonical_variable_consumer_shapes.py::test_incompatible_function_shapes_refuse_before_execution[global-scalar-mean(bar.energy, bar.health)] PASSED [  1%]
tests/test_townlet/integration/test_canonical_variable_consumer_shapes.py::test_incompatible_function_shapes_refuse_before_execution[global-scalar-argmin(bar.energy, bar.health)] PASSED [  1%]
tests/test_townlet/integration/test_canonical_variable_consumer_shapes.py::test_incompatible_function_shapes_refuse_before_execution[agent-scalar-3.0] PASSED [  1%]
tests/test_townlet/integration/test_canonical_variable_consumer_shapes.py::test_incompatible_function_shapes_refuse_before_execution[agent-scalar-mean(bar.energy, 3.0)] PASSED [  1%]
tests/test_townlet/integration/test_canonical_variable_consumer_shapes.py::test_incompatible_function_shapes_refuse_before_execution[agent-scalar-argmax(bar.energy, 3.0)] PASSED [  1%]
tests/test_townlet/integration/test_canonical_variable_consumer_shapes.py::test_incompatible_function_shapes_refuse_before_execution[agent-bool-all(bar.energy > 0.5, true)] PASSED [  1%]
tests/test_townlet/integration/test_canonical_variable_consumer_shapes.py::test_boolean_state_has_numeric_reward_consumer_semantics[modifier-False-global] PASSED [  1%]
tests/test_townlet/integration/test_canonical_variable_consumer_shapes.py::test_boolean_state_has_numeric_reward_consumer_semantics[modifier-False-agent] PASSED [  1%]
tests/test_townlet/integration/test_canonical_variable_consumer_shapes.py::test_boolean_state_has_numeric_reward_consumer_semantics[modifier-True-global] PASSED [  1%]
tests/test_townlet/integration/test_canonical_variable_consumer_shapes.py::test_boolean_state_has_numeric_reward_consumer_semantics[modifier-True-agent] PASSED [  1%]
tests/test_townlet/integration/test_canonical_variable_consumer_shapes.py::test_boolean_state_has_numeric_reward_consumer_semantics[variable_bonus-False-global] PASSED [  1%]
tests/test_townlet/integration/test_canonical_variable_consumer_shapes.py::test_boolean_state_has_numeric_reward_consumer_semantics[variable_bonus-False-agent] PASSED [  1%]
tests/test_townlet/integration/test_canonical_variable_consumer_shapes.py::test_boolean_state_has_numeric_reward_consumer_semantics[variable_bonus-True-global] PASSED [  1%]
tests/test_townlet/integration/test_canonical_variable_consumer_shapes.py::test_boolean_state_has_numeric_reward_consumer_semantics[variable_bonus-True-agent] PASSED [  1%]
tests/test_townlet/integration/test_canonical_variable_consumer_shapes.py::test_boolean_state_has_numeric_reward_consumer_semantics[shaping-False-global] PASSED [  1%]
tests/test_townlet/integration/test_canonical_variable_consumer_shapes.py::test_boolean_state_has_numeric_reward_consumer_semantics[shaping-False-agent] PASSED [  1%]
tests/test_townlet/integration/test_canonical_variable_consumer_shapes.py::test_boolean_state_has_numeric_reward_consumer_semantics[shaping-True-global] PASSED [  1%]
tests/test_townlet/integration/test_canonical_variable_consumer_shapes.py::test_boolean_state_has_numeric_reward_consumer_semantics[shaping-True-agent] PASSED [  1%]
tests/test_townlet/integration/test_canonical_variable_runtime.py::test_declared_mutation_and_named_reward_consume_the_same_state[False-global] PASSED [  1%]
tests/test_townlet/integration/test_canonical_variable_runtime.py::test_declared_mutation_and_named_reward_consume_the_same_state[False-agent] PASSED [  1%]
tests/test_townlet/integration/test_canonical_variable_runtime.py::test_declared_mutation_and_named_reward_consume_the_same_state[True-global] PASSED [  1%]
tests/test_townlet/integration/test_canonical_variable_runtime.py::test_declared_mutation_and_named_reward_consume_the_same_state[True-agent] PASSED [  1%]
tests/test_townlet/integration/test_canonical_variable_runtime.py::test_lifetime_and_derived_state_do_not_depend_on_transport[False] PASSED [  1%]
tests/test_townlet/integration/test_canonical_variable_runtime.py::test_lifetime_and_derived_state_do_not_depend_on_transport[True] PASSED [  1%]
tests/test_townlet/integration/test_checkpoint_substrate.py::test_checkpoint_includes_position_dim PASSED [  1%]
tests/test_townlet/integration/test_checkpoint_substrate.py::test_checkpoint_validates_position_dim PASSED [  1%]
tests/test_townlet/integration/test_checkpoint_substrate.py::test_checkpoint_requires_exact_layout PASSED [  1%]
tests/test_townlet/integration/test_checkpointing.py::TestEnvironmentCheckpointing::test_environment_checkpoint_preserves_affordance_layout PASSED [  1%]
tests/test_townlet/integration/test_checkpointing.py::TestEnvironmentCheckpointing::test_environment_checkpoint_preserves_agent_state PASSED [  2%]
tests/test_townlet/integration/test_checkpointing.py::TestEnvironmentCheckpointing::test_environment_checkpoint_roundtrip_consistency PASSED [  2%]
tests/test_townlet/integration/test_checkpointing.py::TestPopulationCheckpointing::test_population_checkpoint_contains_required_keys PASSED [  2%]
tests/test_townlet/integration/test_checkpointing.py::TestPopulationCheckpointing::test_population_checkpoint_preserves_network_weights PASSED [  2%]
tests/test_townlet/integration/test_checkpointing.py::TestPopulationCheckpointing::test_population_checkpoint_preserves_replay_buffer PASSED [  2%]
tests/test_townlet/integration/test_checkpointing.py::TestCurriculumCheckpointing::test_curriculum_checkpoint_preserves_agent_stages PASSED [  2%]
tests/test_townlet/integration/test_checkpointing.py::TestCurriculumCheckpointing::test_curriculum_checkpoint_preserves_performance_history PASSED [  2%]
tests/test_townlet/integration/test_checkpointing.py::TestExplorationCheckpointing::test_adaptive_intrinsic_exploration_checkpoint_completeness PASSED [  2%]
tests/test_townlet/integration/test_checkpointing.py::TestExplorationCheckpointing::test_exploration_checkpoint_preserves_epsilon_decay PASSED [  2%]
tests/test_townlet/integration/test_checkpointing.py::TestRunnerCheckpointing::test_runner_checkpoint_includes_all_components PASSED [  2%]
tests/test_townlet/integration/test_checkpointing.py::TestRunnerCheckpointing::test_runner_checkpoint_preserves_episode_number PASSED [  2%]
tests/test_townlet/integration/test_checkpointing.py::TestRunnerCheckpointing::test_runner_checkpoint_round_trip_preserves_training_state PASSED [  2%]
tests/test_townlet/integration/test_checkpointing.py::TestCheckpointRoundTrip::test_checkpoint_roundtrip_training_resumption PASSED [  2%]
tests/test_townlet/integration/test_checkpointing.py::TestCheckpointRoundTrip::test_checkpoint_roundtrip_multi_component_consistency PASSED [  2%]
tests/test_townlet/integration/test_checkpointing.py::TestVariableMeterCheckpoints::test_checkpoint_includes_meter_metadata PASSED [  2%]
tests/test_townlet/integration/test_checkpointing.py::TestVariableMeterCheckpoints::test_loading_checkpoint_validates_meter_count PASSED [  2%]
tests/test_townlet/integration/test_checkpointing.py::TestVariableMeterCheckpoints::test_loading_checkpoint_with_matching_meters_succeeds PASSED [  2%]
tests/test_townlet/integration/test_checkpointing.py::TestVariableMeterCheckpoints::test_population_checkpoint_refuses_foreign_or_incomplete_observation_identity[wrong-version] PASSED [  2%]
tests/test_townlet/integration/test_checkpointing.py::TestVariableMeterCheckpoints::test_population_checkpoint_refuses_foreign_or_incomplete_observation_identity[missing-observation-schema-hash] PASSED [  2%]
tests/test_townlet/integration/test_checkpointing.py::TestVariableMeterCheckpoints::test_population_checkpoint_refuses_foreign_or_incomplete_observation_identity[mismatched-observation-schema-hash] PASSED [  2%]
tests/test_townlet/integration/test_checkpointing.py::TestVariableMeterCheckpoints::test_population_checkpoint_refuses_foreign_or_incomplete_observation_identity[missing-action-dim] PASSED [  2%]
tests/test_townlet/integration/test_checkpointing.py::TestVariableMeterCheckpoints::test_population_checkpoint_refuses_foreign_or_incomplete_observation_identity[mismatched-action-dim] PASSED [  2%]
tests/test_townlet/integration/test_checkpointing.py::TestVariableMeterCheckpoints::test_population_checkpoint_uses_selected_level_identity_before_loading_state PASSED [  2%]
tests/test_townlet/integration/test_checkpointing.py::TestVariableMeterCheckpoints::test_checkpoint_rejects_missing_universe_metadata PASSED [  2%]
tests/test_townlet/integration/test_checkpointing.py::TestDemoRunnerResourceManagement::test_runner_closes_database_on_context_exit PASSED [  2%]
tests/test_townlet/integration/test_checkpointing.py::TestDemoRunnerResourceManagement::test_runner_cleanup_is_idempotent PASSED [  2%]
tests/test_townlet/integration/test_checkpointing.py::TestDemoRunnerResourceManagement::test_runner_context_manager_propagates_exceptions PASSED [  2%]
tests/test_townlet/integration/test_checkpointing.py::TestDemoRunnerResourceManagement::test_database_close_is_idempotent PASSED [  2%]
tests/test_townlet/integration/test_cleanup_verification.py::test_environment_does_not_read_authoring_transport[variables.yaml] PASSED [  2%]
tests/test_townlet/integration/test_cleanup_verification.py::test_environment_does_not_read_authoring_transport[effects.yaml] PASSED [  2%]
tests/test_townlet/integration/test_cleanup_verification.py::test_environment_does_not_rebuild_effect_catalog PASSED [  2%]
tests/test_townlet/integration/test_compact_token_acceptance.py::test_substrate_matrix[grid2d] PASSED [  2%]
tests/test_townlet/integration/test_compact_token_acceptance.py::test_substrate_matrix[grid3d] PASSED [  2%]
tests/test_townlet/integration/test_compact_token_acceptance.py::test_substrate_matrix[aspatial] PASSED [  2%]
tests/test_townlet/integration/test_compact_token_acceptance.py::test_substrate_hash_boundary PASSED [  2%]
tests/test_townlet/integration/test_compact_token_acceptance.py::test_batch_256_architecture_matrix[feedforward] PASSED [  2%]
tests/test_townlet/integration/test_compact_token_acceptance.py::test_batch_256_architecture_matrix[dueling] PASSED [  2%]
tests/test_townlet/integration/test_compact_token_acceptance.py::test_batch_256_architecture_matrix[token_mean] PASSED [  2%]
tests/test_townlet/integration/test_compact_token_acceptance.py::test_batch_256_architecture_matrix[token_attention] PASSED [  2%]
tests/test_townlet/integration/test_compact_token_acceptance.py::test_batch_256_architecture_matrix[rnd] PASSED [  2%]
tests/test_townlet/integration/test_compact_token_acceptance.py::test_batch_256_recurrent_bptt PASSED [  2%]
tests/test_townlet/integration/test_compact_token_acceptance.py::test_replay_matrix[standard] PASSED [  2%]
tests/test_townlet/integration/test_compact_token_acceptance.py::test_replay_matrix[prioritized] PASSED [  2%]
tests/test_townlet/integration/test_compact_token_acceptance.py::test_replay_matrix[sequential] PASSED [  3%]
tests/test_townlet/integration/test_compact_token_acceptance.py::test_multiworld_effect_context PASSED [  3%]
tests/test_townlet/integration/test_compact_token_runtime.py::test_l1_compact_vertical_trace PASSED [  3%]
tests/test_townlet/integration/test_compile_cache_level_identity.py::test_cache_returns_requested_level_projection_for_every_level PASSED [  3%]
tests/test_townlet/integration/test_compile_cache_level_identity.py::test_yaml_edit_reaches_runtime_and_survives_a_level_switch PASSED [  3%]
tests/test_townlet/integration/test_compile_cache_level_identity.py::test_artifact_stamped_with_a_foreign_primary_level_is_fatal PASSED [  3%]
tests/test_townlet/integration/test_compile_cache_level_identity.py::test_checkpoint_is_stamped_with_the_requested_levels_identity PASSED [  3%]
tests/test_townlet/integration/test_compile_time_wiring.py::test_compiler_wires_vfs_and_effects_together PASSED [  3%]
tests/test_townlet/integration/test_compile_time_wiring.py::test_compiler_handles_explicit_empty_variable_catalog PASSED [  3%]
tests/test_townlet/integration/test_compile_time_wiring.py::test_vfs_expression_schema_includes_bars PASSED [  3%]
tests/test_townlet/integration/test_content_hash_checkpoint_guard.py::test_bars_edit_is_caught PASSED [  3%]
tests/test_townlet/integration/test_content_hash_checkpoint_guard.py::test_affordances_edit_is_caught PASSED [  3%]
tests/test_townlet/integration/test_content_hash_checkpoint_guard.py::test_training_edit_is_caught PASSED [  3%]
tests/test_townlet/integration/test_content_hash_checkpoint_guard.py::test_curriculum_edit_is_caught PASSED [  3%]
tests/test_townlet/integration/test_content_hash_checkpoint_guard.py::test_brain_hash_covers_the_effective_training_config PASSED [  3%]
tests/test_townlet/integration/test_content_hash_checkpoint_guard.py::test_brain_hash_follows_the_primary_level PASSED [  3%]
tests/test_townlet/integration/test_content_hash_checkpoint_guard.py::test_overridden_brain_yaml_value_does_not_block_resume PASSED [  3%]
tests/test_townlet/integration/test_content_hash_checkpoint_guard.py::test_two_levels_collide_on_almost_every_identity_field PASSED [  3%]
tests/test_townlet/integration/test_content_hash_checkpoint_guard.py::test_cross_level_resume_is_rejected_by_primary_level PASSED [  3%]
tests/test_townlet/integration/test_curriculum_compatibility.py::TestCurriculumCompatibility::test_level_compiles[L0_0_minimal] PASSED [  3%]
tests/test_townlet/integration/test_curriculum_compatibility.py::TestCurriculumCompatibility::test_level_compiles[L0_5_dual_resource] PASSED [  3%]
tests/test_townlet/integration/test_curriculum_compatibility.py::TestCurriculumCompatibility::test_level_compiles[L1_full_observability] PASSED [  3%]
tests/test_townlet/integration/test_curriculum_compatibility.py::TestCurriculumCompatibility::test_level_compiles[L2_partial_observability] PASSED [  3%]
tests/test_townlet/integration/test_curriculum_compatibility.py::TestCurriculumCompatibility::test_level_compiles[L3_temporal_mechanics] PASSED [  3%]
tests/test_townlet/integration/test_curriculum_compatibility.py::TestCurriculumCompatibility::test_all_levels_have_stable_obs_dim PASSED [  3%]
tests/test_townlet/integration/test_curriculum_signal_purity.py::TestCurriculumUpdateFrequency::test_update_curriculum_tracker_exists PASSED [  3%]
tests/test_townlet/integration/test_curriculum_signal_purity.py::TestCurriculumUpdateFrequency::test_update_curriculum_tracker_accepts_rewards_and_dones PASSED [  3%]
tests/test_townlet/integration/test_curriculum_signal_purity.py::TestCurriculumUpdateFrequency::test_curriculum_tracker_state_updated_after_single_call PASSED [  3%]
tests/test_townlet/integration/test_curriculum_signal_purity.py::TestCurriculumSignalPurity::test_survival_signal_is_integer_steps PASSED [  3%]
tests/test_townlet/integration/test_curriculum_signal_purity.py::TestCurriculumSignalPurity::test_survival_signal_not_contaminated_by_intrinsic_rewards PASSED [  3%]
tests/test_townlet/integration/test_curriculum_signal_purity.py::TestCurriculumSignalPurity::test_max_steps_survival_sends_done_signal PASSED [  3%]
tests/test_townlet/integration/test_curriculum_signal_purity.py::TestCurriculumUpdateTiming::test_no_update_during_episode_steps PASSED [  3%]
tests/test_townlet/integration/test_curriculum_signal_purity.py::TestCurriculumUpdateTiming::test_single_update_per_episode_on_death PASSED [  3%]
tests/test_townlet/integration/test_curriculum_signal_purity.py::TestCurriculumSignalInterpretability::test_short_episode_has_low_signal PASSED [  3%]
tests/test_townlet/integration/test_curriculum_signal_purity.py::TestCurriculumSignalInterpretability::test_long_episode_has_high_signal PASSED [  3%]
tests/test_townlet/integration/test_curriculum_signal_purity.py::TestCurriculumSignalInterpretability::test_signal_is_monotonic_with_survival_time PASSED [  3%]
tests/test_townlet/integration/test_curriculum_signal_purity.py::TestCurriculumSignalInterpretability::test_signal_purity_across_multiple_episodes_with_active_rnd PASSED [  3%]
tests/test_townlet/integration/test_curriculum_signal_purity.py::TestCurriculumSignalInterpretability::test_curriculum_stage_advancement_uses_survival_rate_not_rewards PASSED [  3%]
tests/test_townlet/integration/test_curriculum_transfer.py::test_l0_and_l1_have_same_action_dim PASSED [  3%]
tests/test_townlet/integration/test_curriculum_transfer.py::test_l0_and_l1_share_global_vocabulary PASSED [  3%]
tests/test_townlet/integration/test_custom_actions.py::test_rest_action_is_enabled PASSED [  3%]
tests/test_townlet/integration/test_custom_actions.py::test_meditate_action_is_enabled PASSED [  3%]
tests/test_townlet/integration/test_custom_actions.py::test_rest_action_without_vtc_write_only_runs_passive_step_dynamics PASSED [  4%]
tests/test_townlet/integration/test_custom_item_verbs_integration.py::test_custom_item_verbs_flow_from_config_to_runtime PASSED [  4%]
tests/test_townlet/integration/test_dac_integration.py::test_dac_engine_reward_calculation PASSED [  4%]
tests/test_townlet/integration/test_dac_integration.py::test_dac_engine_compiles_all_levels PASSED [  4%]
tests/test_townlet/integration/test_dac_integration.py::test_intrinsic_rewards_integration PASSED [  4%]
tests/test_townlet/integration/test_dac_integration.py::test_affordance_history_tracking_last_action PASSED [  4%]
tests/test_townlet/integration/test_dac_integration.py::test_affordance_history_tracking_streaks PASSED [  4%]
tests/test_townlet/integration/test_dac_integration.py::test_affordance_history_tracking_unique_count PASSED [  4%]
tests/test_townlet/integration/test_dac_integration.py::test_affordance_history_tracking_reset PASSED [  4%]
tests/test_townlet/integration/test_dac_integration.py::test_timing_bonus_receives_time_of_day PASSED [  4%]
tests/test_townlet/integration/test_data_flows.py::TestObservationPipeline::test_environment_builds_observation_correct_dims PASSED [  4%]
tests/test_townlet/integration/test_data_flows.py::TestObservationPipeline::test_partial_observability_5x5_window_correct PASSED [  4%]
tests/test_townlet/integration/test_data_flows.py::TestRewardPipeline::test_environment_extrinsic_reward_to_population PASSED [  4%]
tests/test_townlet/integration/test_data_flows.py::TestRewardPipeline::test_exploration_intrinsic_reward_combined PASSED [  4%]
tests/test_townlet/integration/test_data_flows.py::TestRewardPipeline::test_combined_reward_stored_in_replay_buffer PASSED [  4%]
tests/test_townlet/integration/test_data_flows.py::TestActionPipeline::test_qnetwork_qvalues_to_exploration PASSED [  4%]
tests/test_townlet/integration/test_data_flows.py::TestActionPipeline::test_exploration_epsilon_greedy_with_masking PASSED [  4%]
tests/test_townlet/integration/test_data_flows.py::TestActionPipeline::test_actions_to_environment_execution PASSED [  4%]
tests/test_townlet/integration/test_dead_agent_interaction_gating.py::test_a_dead_agent_is_not_charged_the_interaction_cost PASSED [  4%]
tests/test_townlet/integration/test_dead_agent_interaction_gating.py::test_a_dead_agent_does_not_complete_an_instant_interaction PASSED [  4%]
tests/test_townlet/integration/test_dead_agent_interaction_gating.py::test_a_dead_agent_makes_no_multi_tick_progress_and_pays_nothing PASSED [  4%]
tests/test_townlet/integration/test_dead_agent_interaction_gating.py::test_a_live_agent_keeps_its_affordance_tracking_when_only_dead_agents_interact PASSED [  4%]
tests/test_townlet/integration/test_determinism.py::test_same_seed_produces_identical_trace PASSED [  4%]
tests/test_townlet/integration/test_determinism.py::test_different_seed_produces_different_trace PASSED [  4%]
tests/test_townlet/integration/test_determinism.py::test_same_seed_produces_identical_trace_cuda SKIPPED [  4%]
tests/test_townlet/integration/test_determinism.py::test_different_seed_produces_different_trace_cuda SKIPPED [  4%]
tests/test_townlet/integration/test_determinism.py::test_spawn_placement_ignores_global_random_state PASSED [  4%]
tests/test_townlet/integration/test_differential_harness.py::test_self_comparison_agrees PASSED [  4%]
tests/test_townlet/integration/test_differential_harness.py::test_driver_failure_is_a_loud_side_error PASSED [  4%]
tests/test_townlet/integration/test_double_dqn_training.py::TestDoubleDoubleTraining::test_training_with_double_dqn_enabled PASSED [  4%]
tests/test_townlet/integration/test_double_dqn_training.py::TestDoubleDoubleTraining::test_training_with_vanilla_dqn PASSED [  4%]
tests/test_townlet/integration/test_double_dqn_training.py::TestDoubleDoubleTraining::test_checkpoint_persists_double_dqn_flag PASSED [  4%]
tests/test_townlet/integration/test_effect_cascades.py::test_poison_spawns_nausea_cascade PASSED [  4%]
tests/test_townlet/integration/test_effects_compilation_pipeline.py::TestEffectsCompilationPipeline::test_modify_and_if_commands_have_compiled_asts PASSED [  4%]
tests/test_townlet/integration/test_effects_compilation_pipeline.py::TestEffectsCompilationPipeline::test_parse_error_propagates_with_effect_name PASSED [  4%]
tests/test_townlet/integration/test_effects_compiled_catalog.py::test_effects_use_compiled_catalog_end_to_end PASSED [  4%]
tests/test_townlet/integration/test_effects_compiled_catalog.py::test_no_runtime_yaml_loading PASSED [  4%]
tests/test_townlet/integration/test_effects_compiled_catalog.py::test_effects_can_reference_item_vfs PASSED [  4%]
tests/test_townlet/integration/test_effects_compiled_catalog.py::test_effects_cascade_with_item_vfs PASSED [  4%]
tests/test_townlet/integration/test_effects_smoke.py::test_environment_initializes_effect_manager PASSED [  4%]
tests/test_townlet/integration/test_effects_smoke.py::test_environment_ticks_effects_each_step PASSED [  4%]
tests/test_townlet/integration/test_effects_smoke.py::test_effects_auto_despawn_after_duration PASSED [  4%]
tests/test_townlet/integration/test_effects_smoke.py::test_effect_modifies_bar_values PASSED [  4%]
tests/test_townlet/integration/test_effects_smoke.py::test_on_spawn_commands_execute_immediately PASSED [  5%]
tests/test_townlet/integration/test_effects_smoke.py::test_renew_policy_resets_duration_in_environment PASSED [  5%]
tests/test_townlet/integration/test_effects_smoke.py::test_merge_policy_stacks_intensity PASSED [  5%]
tests/test_townlet/integration/test_effects_smoke.py::test_effect_rows_appear_in_the_observation_when_an_effect_spawns PASSED [  5%]
tests/test_townlet/integration/test_env_substrate.py::test_env_loads_substrate_config PASSED [  5%]
tests/test_townlet/integration/test_env_substrate.py::test_env_substrate_accessible PASSED [  5%]
tests/test_townlet/integration/test_env_substrate.py::test_env_initializes_positions_via_substrate PASSED [  5%]
tests/test_townlet/integration/test_env_substrate.py::test_env_applies_movement_via_substrate PASSED [  5%]
tests/test_townlet/integration/test_env_substrate.py::test_env_randomizes_affordances_via_substrate PASSED [  5%]
tests/test_townlet/integration/test_env_substrate.py::test_env_observation_dim_unchanged[L0_0_minimal] PASSED [  5%]
tests/test_townlet/integration/test_env_substrate.py::test_env_observation_dim_unchanged[L0_5_dual_resource] PASSED [  5%]
tests/test_townlet/integration/test_env_substrate.py::test_env_observation_dim_unchanged[L1_full_observability] PASSED [  5%]
tests/test_townlet/integration/test_env_substrate.py::test_env_observation_dim_unchanged[L2_partial_observability] PASSED [  5%]
tests/test_townlet/integration/test_env_substrate.py::test_env_observation_dim_unchanged[L3_temporal_mechanics] PASSED [  5%]
tests/test_townlet/integration/test_env_substrate.py::test_env_substrate_dimensions[L0_0_minimal-8] PASSED [  5%]
tests/test_townlet/integration/test_env_substrate.py::test_env_substrate_dimensions[L0_5_dual_resource-8] PASSED [  5%]
tests/test_townlet/integration/test_env_substrate.py::test_env_substrate_dimensions[L1_full_observability-8] PASSED [  5%]
tests/test_townlet/integration/test_env_substrate.py::test_env_substrate_dimensions[L2_partial_observability-8] PASSED [  5%]
tests/test_townlet/integration/test_env_substrate.py::test_env_substrate_dimensions[L3_temporal_mechanics-8] PASSED [  5%]
tests/test_townlet/integration/test_env_substrate.py::test_env_substrate_boundary_behavior PASSED [  5%]
tests/test_townlet/integration/test_env_substrate.py::test_env_substrate_distance_metric PASSED [  5%]
tests/test_townlet/integration/test_env_substrate.py::test_vectorized_env_loads_composed_action_space PASSED [  5%]
tests/test_townlet/integration/test_env_substrate.py::test_action_masks_include_base_masking PASSED [  5%]
tests/test_townlet/integration/test_episode_execution.py::TestEpisodeLifecycle::test_single_episode_feedforward_network PASSED [  5%]
tests/test_townlet/integration/test_episode_execution.py::TestEpisodeLifecycle::test_single_episode_recurrent_network_with_lstm SKIPPED [  5%]
tests/test_townlet/integration/test_episode_execution.py::TestEpisodeLifecycle::test_multi_agent_episode_with_partial_dones PASSED [  5%]
tests/test_townlet/integration/test_episode_execution.py::TestEpisodeLifecycle::test_episode_observation_action_reward_cycle PASSED [  5%]
tests/test_townlet/integration/test_expression_vfs_effects.py::TestExpressionVFSEffectsFlow::test_expression_parses_and_evaluates PASSED [  5%]
tests/test_townlet/integration/test_expression_vfs_effects.py::TestExpressionVFSEffectsFlow::test_expression_reads_from_bars PASSED [  5%]
tests/test_townlet/integration/test_expression_vfs_effects.py::TestExpressionVFSEffectsFlow::test_expression_reads_from_vfs PASSED [  5%]
tests/test_townlet/integration/test_expression_vfs_effects.py::TestExpressionVFSEffectsFlow::test_effects_execute_with_expressions PASSED [  5%]
tests/test_townlet/integration/test_golden_path_smoke.py::test_compile_l0_0_minimal_no_cache PASSED [  5%]
tests/test_townlet/integration/test_golden_path_smoke.py::test_env_instantiate_and_reset PASSED [  5%]
tests/test_townlet/integration/test_golden_path_smoke.py::test_env_step_deterministic_sequence PASSED [  5%]
tests/test_townlet/integration/test_intrinsic_exploration.py::TestRNDIntrinsicRewards::test_rnd_computes_novelty_for_observations PASSED [  5%]
tests/test_townlet/integration/test_intrinsic_exploration.py::TestRNDIntrinsicRewards::test_intrinsic_rewards_combined_with_extrinsic PASSED [  5%]
tests/test_townlet/integration/test_intrinsic_exploration.py::TestRNDIntrinsicRewards::test_combined_reward_stored_in_replay_buffer PASSED [  5%]
tests/test_townlet/integration/test_intrinsic_exploration.py::TestAdaptiveAnnealing::test_intrinsic_weight_decreases_after_consistent_performance PASSED [  5%]
tests/test_townlet/integration/test_intrinsic_exploration.py::TestAdaptiveAnnealing::test_annealing_requires_survival_above_50_steps PASSED [  5%]
tests/test_townlet/integration/test_intrinsic_exploration.py::TestAdaptiveAnnealing::test_annealing_requires_low_variance PASSED [  5%]
tests/test_townlet/integration/test_item_observations.py::test_item_durability_roundtrips_through_vfs_registry PASSED [  5%]
tests/test_townlet/integration/test_item_self_modification.py::test_item_use_modifies_item_durability PASSED [  5%]
tests/test_townlet/integration/test_item_vfs_integration.py::test_item_vfs_profile_driven_end_to_end PASSED [  5%]
tests/test_townlet/integration/test_item_vfs_integration.py::test_item_spawn_with_initial_state PASSED [  6%]
tests/test_townlet/integration/test_item_vfs_integration.py::test_item_vfs_in_observations PASSED [  6%]
tests/test_townlet/integration/test_item_vfs_integration.py::test_item_profile_switch_updates_vfs_layout PASSED [  6%]
tests/test_townlet/integration/test_item_vfs_observations.py::test_spawn_and_pickup_helper_is_robust_to_colocated_items PASSED [  6%]
tests/test_townlet/integration/test_item_vfs_observations.py::test_exposed_item_variable_publishes_through_the_item_arena PASSED [  6%]
tests/test_townlet/integration/test_item_vfs_observations.py::test_qualified_item_policy_and_observation_cold_cache_two_resets[False] PASSED [  6%]
tests/test_townlet/integration/test_item_vfs_observations.py::test_qualified_item_policy_and_observation_cold_cache_two_resets[True] PASSED [  6%]
tests/test_townlet/integration/test_items_effects_cascade.py::TestItemsEffectsCascade::test_item_pickup_spawns_effect PASSED [  6%]
tests/test_townlet/integration/test_items_effects_cascade.py::TestItemsEffectsCascade::test_effect_modifies_bars_triggers_cascade PASSED [  6%]
tests/test_townlet/integration/test_items_effects_cascade.py::TestItemsEffectsCascade::test_full_chain_item_to_cascade PASSED [  6%]
tests/test_townlet/integration/test_items_integration.py::test_items_smoke_pack_compiles_required_declarations PASSED [  6%]
tests/test_townlet/integration/test_items_integration.py::test_items_catalog_has_three_item_types PASSED [  6%]
tests/test_townlet/integration/test_items_integration.py::test_items_catalog_validates_with_schema PASSED [  6%]
tests/test_townlet/integration/test_items_integration.py::test_item_actions_are_auto_registered PASSED [  6%]
tests/test_townlet/integration/test_items_integration.py::test_env_with_items_initializes PASSED [  6%]
tests/test_townlet/integration/test_items_integration.py::test_get_action_picks_up_item PASSED [  6%]
tests/test_townlet/integration/test_items_integration.py::test_use_slot_action_executes_effects PASSED [  6%]
tests/test_townlet/integration/test_items_integration.py::test_drop_slot_action_spawns_item_in_world PASSED [  6%]
tests/test_townlet/integration/test_items_integration.py::test_automatic_item_spawning_at_reset PASSED [  6%]
tests/test_townlet/integration/test_items_integration.py::test_periodic_item_respawning PASSED [  6%]
tests/test_townlet/integration/test_l5_multi_agent_config.py::test_l5_multi_agent_config_exercises_pair_and_affordance_scopes_end_to_end PASSED [  6%]
tests/test_townlet/integration/test_live_inference_checkpoint_identity.py::test_serving_path_accepts_matching_checkpoint PASSED [  6%]
tests/test_townlet/integration/test_live_inference_checkpoint_identity.py::test_serving_path_uses_canonical_top_level_epsilon PASSED [  6%]
tests/test_townlet/integration/test_live_inference_checkpoint_identity.py::test_serving_path_refuses_filename_payload_episode_mismatch_before_mutation PASSED [  6%]
tests/test_townlet/integration/test_live_inference_checkpoint_identity.py::test_serving_path_refuses_outer_schema_change_before_mutation[missing] PASSED [  6%]
tests/test_townlet/integration/test_live_inference_checkpoint_identity.py::test_serving_path_refuses_outer_schema_change_before_mutation[unknown] PASSED [  6%]
tests/test_townlet/integration/test_live_inference_checkpoint_identity.py::test_serving_path_refuses_incomplete_population_payload_before_mutation PASSED [  6%]
tests/test_townlet/integration/test_live_inference_checkpoint_identity.py::test_serving_path_refuses_malformed_curriculum_before_network_mutation PASSED [  6%]
tests/test_townlet/integration/test_live_inference_checkpoint_identity.py::test_serving_path_refuses_network_action_shape_mismatch_before_mutation PASSED [  6%]
tests/test_townlet/integration/test_live_inference_checkpoint_identity.py::test_serving_path_rejects_checkpoint_from_mutated_universe PASSED [  6%]
tests/test_townlet/integration/test_live_inference_checkpoint_identity.py::test_dimension_checks_provably_cannot_catch_a_universe_swap PASSED [  6%]
tests/test_townlet/integration/test_live_inference_checkpoint_identity.py::test_unified_server_raises_when_inference_server_never_starts PASSED [  6%]
tests/test_townlet/integration/test_live_inference_checkpoint_identity.py::test_serving_path_rejects_wrong_format_version PASSED [  6%]
tests/test_townlet/integration/test_live_inference_metadata.py::test_metadata_includes_grid2d_topology PASSED [  6%]
tests/test_townlet/integration/test_live_inference_metadata.py::test_metadata_includes_grid3d_topology PASSED [  6%]
tests/test_townlet/integration/test_live_inference_metadata.py::test_metadata_includes_gridnd_topology PASSED [  6%]
tests/test_townlet/integration/test_live_inference_metadata.py::test_metadata_omits_topology_for_continuous PASSED [  6%]
tests/test_townlet/integration/test_live_inference_metadata.py::test_metadata_omits_topology_for_aspatial PASSED [  6%]
tests/test_townlet/integration/test_live_inference_metadata.py::test_metadata_topology_respects_substrate_attribute PASSED [  6%]
tests/test_townlet/integration/test_live_inference_websocket.py::test_build_substrate_metadata_grid2d PASSED [  6%]
tests/test_townlet/integration/test_live_inference_websocket.py::test_build_substrate_metadata_before_env_created PASSED [  6%]
tests/test_townlet/integration/test_meter_bounds_runtime.py::test_authored_bounds_max_ceilings_the_meter PASSED [  6%]
tests/test_townlet/integration/test_meter_bounds_runtime.py::test_authored_bounds_max_above_one_survives_the_passive_depletion_tick PASSED [  7%]
tests/test_townlet/integration/test_meter_bounds_runtime.py::test_threshold_cascade_respects_authored_bounds_max PASSED [  7%]
tests/test_townlet/integration/test_meter_bounds_runtime.py::test_shipped_economy_is_solvent PASSED [  7%]
tests/test_townlet/integration/test_meter_bounds_runtime.py::test_modulation_multiplier_clamp_is_not_a_meter_bound PASSED [  7%]
tests/test_townlet/integration/test_meter_bounds_runtime.py::test_no_hardcoded_meter_bounds_remain PASSED [  7%]
tests/test_townlet/integration/test_meter_bounds_runtime.py::test_meter_without_declared_bounds_is_fatal PASSED [  7%]
tests/test_townlet/integration/test_meter_bounds_runtime.py::test_range_type_changes_the_live_meter_token_value_and_identity PASSED [  7%]
tests/test_townlet/integration/test_meter_bounds_runtime.py::test_an_underspecified_meter_type_is_a_compile_error PASSED [  7%]
tests/test_townlet/integration/test_meter_bounds_runtime.py::test_the_reference_config_meters_parse_against_the_current_schema PASSED [  7%]
tests/test_townlet/integration/test_meter_bounds_runtime.py::test_clamp_and_validate_carries_compiled_bounds_rules PASSED [  7%]
tests/test_townlet/integration/test_meter_bounds_runtime.py::test_meter_pushed_out_of_bounds_after_cascades_is_clamped_before_terminal_reads PASSED [  7%]
tests/test_townlet/integration/test_oracle_rng_stability.py::test_same_seed_same_tree_draws_identical_actions_and_streams PASSED [  7%]
tests/test_townlet/integration/test_pack_smoke.py::test_pack_compiles_constructs_resets_and_steps[L5_multi_agent-L5_multi_agent] PASSED [  7%]
tests/test_townlet/integration/test_pack_smoke.py::test_pack_compiles_constructs_resets_and_steps[aspatial_test-L0] PASSED [  7%]
tests/test_townlet/integration/test_pack_smoke.py::test_pack_compiles_constructs_resets_and_steps[default_curriculum-L0_0_minimal] PASSED [  7%]
tests/test_townlet/integration/test_pack_smoke.py::test_pack_compiles_constructs_resets_and_steps[default_curriculum-L0_5_dual_resource] PASSED [  7%]
tests/test_townlet/integration/test_pack_smoke.py::test_pack_compiles_constructs_resets_and_steps[default_curriculum-L1_full_observability] PASSED [  7%]
tests/test_townlet/integration/test_pack_smoke.py::test_pack_compiles_constructs_resets_and_steps[default_curriculum-L2_partial_observability] PASSED [  7%]
tests/test_townlet/integration/test_pack_smoke.py::test_pack_compiles_constructs_resets_and_steps[default_curriculum-L3_temporal_mechanics] PASSED [  7%]
tests/test_townlet/integration/test_pack_smoke.py::test_pack_compiles_constructs_resets_and_steps[boundary_wrap-L1_full_observability] PASSED [  7%]
tests/test_townlet/integration/test_pack_smoke.py::test_pack_compiles_constructs_resets_and_steps[div003_cubic_partial-L2_partial_observability] PASSED [  7%]
tests/test_townlet/integration/test_pack_smoke.py::test_pack_compiles_constructs_resets_and_steps[div003_rect-L1_full_observability] PASSED [  7%]
tests/test_townlet/integration/test_pack_smoke.py::test_pack_compiles_constructs_resets_and_steps[model_pack-L0_demo] PASSED [  7%]
tests/test_townlet/integration/test_pack_smoke.py::test_pack_compiles_constructs_resets_and_steps[simple-L0_simple] PASSED [  7%]
tests/test_townlet/integration/test_pack_smoke.py::test_pack_compiles_constructs_resets_and_steps[static_epistemic_access-L0_simple] PASSED [  7%]
tests/test_townlet/integration/test_pack_smoke.py::test_pack_compiles_constructs_resets_and_steps[action_masking-L0_masking] PASSED [  7%]
tests/test_townlet/integration/test_pack_smoke.py::test_pack_compiles_constructs_resets_and_steps[aspatial-L0] PASSED [  7%]
tests/test_townlet/integration/test_pack_smoke.py::test_pack_compiles_constructs_resets_and_steps[continuous1d-L0] PASSED [  7%]
tests/test_townlet/integration/test_pack_smoke.py::test_pack_compiles_constructs_resets_and_steps[grid2d-L0] PASSED [  7%]
tests/test_townlet/integration/test_pack_smoke.py::test_pack_compiles_constructs_resets_and_steps[effects_smoke-L0_effects] PASSED [  7%]
tests/test_townlet/integration/test_pack_smoke.py::test_pack_compiles_constructs_resets_and_steps[gridnd_4d_pack-L0_test] PASSED [  7%]
tests/test_townlet/integration/test_pack_smoke.py::test_pack_compiles_constructs_resets_and_steps[items_smoke-L0_smoke] PASSED [  7%]
tests/test_townlet/integration/test_pack_smoke.py::test_pack_compiles_constructs_resets_and_steps[model_config-L0_test] PASSED [  7%]
tests/test_townlet/integration/test_pack_smoke.py::test_pack_compiles_constructs_resets_and_steps[model_config_12meter-L0_12meter] PASSED [  7%]
tests/test_townlet/integration/test_pack_smoke.py::test_pack_compiles_constructs_resets_and_steps[model_config_4meter-L0_4meter] PASSED [  7%]
tests/test_townlet/integration/test_pack_smoke.py::test_pack_compiles_constructs_resets_and_steps[token_set_smoke-L0_test] PASSED [  7%]
tests/test_townlet/integration/test_pack_smoke.py::test_pack_compiles_constructs_resets_and_steps[token_set_smoke-L1_attention] PASSED [  7%]
tests/test_townlet/integration/test_pack_smoke.py::test_pack_compiles_constructs_resets_and_steps[token_transfer_a-L0_transfer] PASSED [  7%]
tests/test_townlet/integration/test_pack_smoke.py::test_pack_compiles_constructs_resets_and_steps[token_transfer_b-L0_transfer] PASSED [  7%]
tests/test_townlet/integration/test_pack_smoke.py::test_pack_compiles_constructs_resets_and_steps[token_transfer_c-L0_transfer] PASSED [  7%]
tests/test_townlet/integration/test_pack_smoke.py::test_pack_compiles_constructs_resets_and_steps[vfs_bar_access-L0_bars] PASSED [  7%]
tests/test_townlet/integration/test_pack_smoke.py::test_pack_compiles_constructs_resets_and_steps[vfs_dependency_chain-L0_deps] PASSED [  7%]
tests/test_townlet/integration/test_pack_smoke.py::test_pack_compiles_constructs_resets_and_steps[trial002_money_log_gdp-L0_simple] PASSED [  7%]
tests/test_townlet/integration/test_pack_smoke.py::test_pack_compiles_constructs_resets_and_steps[trial_k_cold-L0_cold] PASSED [  8%]
tests/test_townlet/integration/test_recording_playback.py::TestReplayLoading::test_load_replay_from_database PASSED [  8%]
tests/test_townlet/integration/test_recording_playback.py::TestReplayLoading::test_decompress_and_deserialize_replay PASSED [  8%]
tests/test_townlet/integration/test_recording_playback.py::TestReplayState::test_replay_mode_initialization PASSED [  8%]
tests/test_townlet/integration/test_recording_playback.py::TestReplayState::test_replay_step_increment PASSED [  8%]
tests/test_townlet/integration/test_recording_playback.py::TestReplayState::test_replay_reaches_end PASSED [  8%]
tests/test_townlet/integration/test_recording_playback.py::TestReplayState::test_replay_seek PASSED [  8%]
tests/test_townlet/integration/test_recording_playback.py::TestReplayMessageFormat::test_replay_state_update_format PASSED [  8%]
tests/test_townlet/integration/test_recording_playback.py::TestReplayMessageFormat::test_replay_loaded_message PASSED [  8%]
tests/test_townlet/integration/test_recording_playback.py::TestReplayMessageFormat::test_replay_finished_message PASSED [  8%]
tests/test_townlet/integration/test_recording_playback.py::TestReplayMessageFormat::test_recordings_list_message PASSED [  8%]
tests/test_townlet/integration/test_recording_playback.py::TestReplayCommands::test_load_replay_command PASSED [  8%]
tests/test_townlet/integration/test_recording_playback.py::TestReplayCommands::test_list_recordings_command PASSED [  8%]
tests/test_townlet/integration/test_recording_playback.py::TestReplayCommands::test_replay_control_command PASSED [  8%]
tests/test_townlet/integration/test_recording_recorder.py::TestEpisodeRecorder::test_recorder_creates_queue PASSED [  8%]
tests/test_townlet/integration/test_recording_recorder.py::TestEpisodeRecorder::test_record_step_adds_to_queue PASSED [  8%]
tests/test_townlet/integration/test_recording_recorder.py::TestEpisodeRecorder::test_record_step_clones_tensors PASSED [  8%]
tests/test_townlet/integration/test_recording_recorder.py::TestEpisodeRecorder::test_record_step_with_q_values PASSED [  8%]
tests/test_townlet/integration/test_recording_recorder.py::TestEpisodeRecorder::test_record_step_with_temporal_mechanics PASSED [  8%]
tests/test_townlet/integration/test_recording_recorder.py::TestEpisodeRecorder::test_record_temporal_mechanics_from_environment PASSED [  8%]
tests/test_townlet/integration/test_recording_recorder.py::TestEpisodeRecorder::test_finish_episode_adds_marker PASSED [  8%]
tests/test_townlet/integration/test_recording_recorder.py::TestEpisodeRecorder::test_queue_overflow_graceful_degradation PASSED [  8%]
tests/test_townlet/integration/test_recording_recorder.py::TestRecordingWriter::test_writer_starts_thread PASSED [  8%]
tests/test_townlet/integration/test_recording_recorder.py::TestRecordingWriter::test_writer_buffers_steps PASSED [  8%]
tests/test_townlet/integration/test_recording_recorder.py::TestRecordingWriter::test_writer_clears_buffer_on_episode_end PASSED [  8%]
tests/test_townlet/integration/test_recording_recorder.py::TestRecordingWriter::test_writer_stops_gracefully PASSED [  8%]
tests/test_townlet/integration/test_recording_replay_manager.py::TestReplayManager::test_replay_manager_initialization PASSED [  8%]
tests/test_townlet/integration/test_recording_replay_manager.py::TestReplayManager::test_load_episode_from_file PASSED [  8%]
tests/test_townlet/integration/test_recording_replay_manager.py::TestReplayManager::test_load_nonexistent_episode PASSED [  8%]
tests/test_townlet/integration/test_recording_replay_manager.py::TestReplayManager::test_replay_step_progression PASSED [  8%]
tests/test_townlet/integration/test_recording_replay_manager.py::TestReplayManager::test_replay_at_end PASSED [  8%]
tests/test_townlet/integration/test_recording_replay_manager.py::TestReplayManager::test_replay_seek PASSED [  8%]
tests/test_townlet/integration/test_recording_replay_manager.py::TestReplayManager::test_replay_reset PASSED [  8%]
tests/test_townlet/integration/test_recording_replay_manager.py::TestReplayManager::test_replay_unload PASSED [  8%]
tests/test_townlet/integration/test_recording_substrate.py::test_recording_handles_2d_positions PASSED [  8%]
tests/test_townlet/integration/test_recording_substrate.py::test_recording_affordance_layout_variable_dims PASSED [  8%]
tests/test_townlet/integration/test_recording_substrate.py::test_recording_handles_aspatial_positions PASSED [  8%]
tests/test_townlet/integration/test_recording_video_export.py::TestVideoRenderer::test_renderer_initialization PASSED [  8%]
tests/test_townlet/integration/test_recording_video_export.py::TestVideoRenderer::test_render_simple_frame PASSED [  8%]
tests/test_townlet/integration/test_recording_video_export.py::TestVideoRenderer::test_render_frame_with_q_values PASSED [  8%]
tests/test_townlet/integration/test_recording_video_export.py::TestVideoRenderer::test_render_frame_with_temporal_mechanics PASSED [  8%]
tests/test_townlet/integration/test_recording_video_export.py::TestVideoRenderer::test_renderer_consistent_dimensions PASSED [  8%]
tests/test_townlet/integration/test_recording_video_export.py::TestVideoExport::test_export_episode_to_mp4 PASSED [  8%]
tests/test_townlet/integration/test_recording_video_export.py::TestBatchExport::test_batch_export_filters PASSED [  9%]
tests/test_townlet/integration/test_recurrent_bootstrap_runtime.py::test_recurrent_architecture_is_selected_by_brain_yaml PASSED [  9%]
tests/test_townlet/integration/test_recurrent_bootstrap_runtime.py::test_subsequence_boundary_bootstraps_with_gamma_from_yaml[0.99-0.5-True] PASSED [  9%]
tests/test_townlet/integration/test_recurrent_bootstrap_runtime.py::test_subsequence_boundary_bootstraps_with_gamma_from_yaml[0.5-0.99-True] PASSED [  9%]
tests/test_townlet/integration/test_recurrent_bootstrap_runtime.py::test_subsequence_boundary_bootstraps_with_gamma_from_yaml[0.99-0.5-False] PASSED [  9%]
tests/test_townlet/integration/test_recurrent_bptt_runtime.py::test_recurrent_brain_yaml_trains_the_recurrent_weight_matrix PASSED [  9%]
tests/test_townlet/integration/test_recurrent_bptt_runtime.py::test_training_passes_the_configured_sequence_in_one_network_call[2] PASSED [  9%]
tests/test_townlet/integration/test_recurrent_bptt_runtime.py::test_training_passes_the_configured_sequence_in_one_network_call[8] PASSED [  9%]
tests/test_townlet/integration/test_recurrent_bptt_runtime.py::test_training_does_not_clobber_mid_episode_rollout_memory PASSED [  9%]
tests/test_townlet/integration/test_reference_model_pack.py::test_reference_model_pack_compiles PASSED [  9%]
tests/test_townlet/integration/test_reference_model_pack.py::test_reference_model_pack_constructs_and_steps PASSED [  9%]
tests/test_townlet/integration/test_reward_component_flow.py::TestRewardComponentFlow::test_dac_returns_components PASSED [  9%]
tests/test_townlet/integration/test_reward_component_flow.py::TestRewardComponentFlow::test_components_in_info_dict PASSED [  9%]
tests/test_townlet/integration/test_reward_component_flow.py::TestRewardComponentFlow::test_replay_buffer_stores_components PASSED [  9%]
tests/test_townlet/integration/test_reward_component_flow.py::TestRewardComponentFlow::test_checkpoint_format_version_4 PASSED [  9%]
tests/test_townlet/integration/test_reward_component_flow.py::TestRewardComponentFlow::test_load_rejects_old_format PASSED [  9%]
tests/test_townlet/integration/test_reward_component_flow.py::TestRewardComponentFlow::test_buffer_handles_missing_components PASSED [  9%]
tests/test_townlet/integration/test_reward_component_flow.py::TestRewardComponentFlow::test_intrinsic_raw_in_components PASSED [  9%]
tests/test_townlet/integration/test_reward_component_flow.py::TestRewardComponentFlow::test_end_to_end_component_flow PASSED [  9%]
tests/test_townlet/integration/test_rnd_loss_tracking.py::TestRNDLossTracking::test_rnd_loss_tracked_during_training PASSED [  9%]
tests/test_townlet/integration/test_rnd_loss_tracking.py::TestRNDLossTracking::test_rnd_loss_tracks_latest_value PASSED [  9%]
tests/test_townlet/integration/test_runner_hyperparams_v21.py::test_demorunner_threads_training_loop_hyperparameters PASSED [  9%]
tests/test_townlet/integration/test_runner_integration.py::TestRunnerRecordingIntegration::test_runner_initializes_recorder_attribute PASSED [  9%]
tests/test_townlet/integration/test_runner_integration.py::TestRunnerRecordingIntegration::test_runner_config_has_recording_field PASSED [  9%]
tests/test_townlet/integration/test_runner_integration.py::TestRunnerOrchestration::test_runner_episode_loop_execution PASSED [  9%]
tests/test_townlet/integration/test_runner_integration.py::TestRunnerOrchestration::test_runner_checkpoint_save_at_interval PASSED [  9%]
tests/test_townlet/integration/test_runner_integration.py::TestRunnerOrchestration::test_runner_database_logging_after_episode PASSED [  9%]
tests/test_townlet/integration/test_runner_integration.py::TestRunnerAffordanceTransitions::test_runner_persists_transitions_to_database SKIPPED [  9%]
tests/test_townlet/integration/test_runner_integration.py::TestRunnerConfigValidation::test_missing_required_environment_params_raises_helpful_error PASSED [  9%]
tests/test_townlet/integration/test_runner_integration.py::TestRunnerConfigValidation::test_missing_required_training_params_raises_helpful_error PASSED [  9%]
tests/test_townlet/integration/test_runner_integration.py::TestRunnerResourceCleanup::test_context_manager_cleanup_on_normal_exit PASSED [  9%]
tests/test_townlet/integration/test_runner_integration.py::TestRunnerResourceCleanup::test_idempotent_cleanup_safe_to_call_multiple_times PASSED [  9%]
tests/test_townlet/integration/test_runner_integration.py::TestRunnerResourceCleanup::test_context_manager_cleanup_on_exception PASSED [  9%]
tests/test_townlet/integration/test_runner_integration.py::TestDatabaseDefensiveChecks::test_database_operations_after_close_raise_runtime_error PASSED [  9%]
tests/test_townlet/integration/test_runner_integration.py::TestDatabaseDefensiveChecks::test_database_close_is_idempotent PASSED [  9%]
tests/test_townlet/integration/test_spawn_item_end_to_end.py::test_effect_on_despawn_spawns_item_with_real_itemmanager PASSED [  9%]
tests/test_townlet/integration/test_spawn_item_end_to_end.py::test_spawn_item_respects_itemmanager_capacity PASSED [  9%]
tests/test_townlet/integration/test_spawn_item_end_to_end.py::test_spawn_item_respects_cooldown PASSED [  9%]
tests/test_townlet/integration/test_static_epistemic_access.py::test_witness_public_observation_hidden_named_reward_and_immutable_state[False] PASSED [  9%]
tests/test_townlet/integration/test_static_epistemic_access.py::test_witness_public_observation_hidden_named_reward_and_immutable_state[True] PASSED [  9%]
tests/test_townlet/integration/test_static_epistemic_access.py::test_exposure_contradiction_refuses_at_declared_source PASSED [  9%]
tests/test_townlet/integration/test_static_epistemic_checkpoint_identity.py::test_policy_only_change_refuses_serving_and_resume_before_weight_mutation[public-writer-feedforward] PASSED [  9%]
tests/test_townlet/integration/test_static_epistemic_checkpoint_identity.py::test_policy_only_change_refuses_serving_and_resume_before_weight_mutation[public-writer-token_set] PASSED [ 10%]
tests/test_townlet/integration/test_static_epistemic_checkpoint_identity.py::test_policy_only_change_refuses_serving_and_resume_before_weight_mutation[hidden-reader-feedforward] PASSED [ 10%]
tests/test_townlet/integration/test_static_epistemic_checkpoint_identity.py::test_policy_only_change_refuses_serving_and_resume_before_weight_mutation[hidden-reader-token_set] PASSED [ 10%]
tests/test_townlet/integration/test_static_epistemic_checkpoint_identity.py::test_policy_only_change_refuses_serving_and_resume_before_weight_mutation[hidden-writer-feedforward] PASSED [ 10%]
tests/test_townlet/integration/test_static_epistemic_checkpoint_identity.py::test_policy_only_change_refuses_serving_and_resume_before_weight_mutation[hidden-writer-token_set] PASSED [ 10%]
tests/test_townlet/integration/test_static_epistemic_checkpoint_identity.py::test_policy_only_change_refuses_serving_and_resume_before_weight_mutation[item-reader-feedforward] PASSED [ 10%]
tests/test_townlet/integration/test_static_epistemic_checkpoint_identity.py::test_policy_only_change_refuses_serving_and_resume_before_weight_mutation[item-reader-token_set] PASSED [ 10%]
tests/test_townlet/integration/test_static_epistemic_checkpoint_identity.py::test_policy_only_change_refuses_serving_and_resume_before_weight_mutation[item-writer-feedforward] PASSED [ 10%]
tests/test_townlet/integration/test_static_epistemic_checkpoint_identity.py::test_policy_only_change_refuses_serving_and_resume_before_weight_mutation[item-writer-token_set] PASSED [ 10%]
tests/test_townlet/integration/test_static_epistemic_checkpoint_identity.py::test_policy_only_change_refuses_serving_and_resume_before_weight_mutation[public_item-writer-feedforward] PASSED [ 10%]
tests/test_townlet/integration/test_static_epistemic_checkpoint_identity.py::test_policy_only_change_refuses_serving_and_resume_before_weight_mutation[public_item-writer-token_set] PASSED [ 10%]
tests/test_townlet/integration/test_static_epistemic_checkpoint_identity.py::test_equivalent_role_order_reloads_and_serves_the_same_identity[feedforward] PASSED [ 10%]
tests/test_townlet/integration/test_static_epistemic_checkpoint_identity.py::test_equivalent_role_order_reloads_and_serves_the_same_identity[token_set] PASSED [ 10%]
tests/test_townlet/integration/test_static_write_intent_runtime.py::test_denied_transition_target_prevents_all_bar_vfs_done_mutation PASSED [ 10%]
tests/test_townlet/integration/test_static_write_intent_runtime.py::test_unused_immutable_snapshot_is_not_written PASSED [ 10%]
tests/test_townlet/integration/test_static_write_intent_runtime.py::test_immutable_global_agent_literals_survive_wait_and_reset_lifecycle PASSED [ 10%]
tests/test_townlet/integration/test_substrate_factory_nd.py::TestFactoryConfigValidation::test_gridnd_missing_config_raises_error PASSED [ 10%]
tests/test_townlet/integration/test_substrate_factory_nd.py::TestFactoryConfigValidation::test_continuousnd_missing_config_raises_error PASSED [ 10%]
tests/test_townlet/integration/test_substrate_factory_nd.py::TestFactoryConfigValidation::test_gridnd_dimension_validation SKIPPED [ 10%]
tests/test_townlet/integration/test_substrate_factory_nd.py::TestFactoryConfigValidation::test_continuousnd_dimension_validation PASSED [ 10%]
tests/test_townlet/integration/test_substrate_factory_nd.py::TestFactoryYAMLLoading::test_gridnd_from_yaml PASSED [ 10%]
tests/test_townlet/integration/test_substrate_factory_nd.py::TestFactoryYAMLLoading::test_continuousnd_from_yaml PASSED [ 10%]
tests/test_townlet/integration/test_substrate_factory_nd.py::TestFactoryEdgeCases::test_gridnd_max_dimensions PASSED [ 10%]
tests/test_townlet/integration/test_substrate_factory_nd.py::TestFactoryEdgeCases::test_continuousnd_max_dimensions PASSED [ 10%]
tests/test_townlet/integration/test_substrate_factory_nd.py::TestFactoryEdgeCases::test_gridnd_boundary_modes PASSED [ 10%]
tests/test_townlet/integration/test_substrate_factory_nd.py::TestFactoryEdgeCases::test_continuousnd_boundary_modes PASSED [ 10%]
tests/test_townlet/integration/test_substrate_factory_nd.py::TestFactoryEdgeCases::test_gridnd_distance_metrics PASSED [ 10%]
tests/test_townlet/integration/test_substrate_factory_nd.py::TestFactoryEdgeCases::test_continuousnd_distance_metrics PASSED [ 10%]
tests/test_townlet/integration/test_substrate_factory_nd.py::TestFactoryIntegration::test_factory_creates_correct_types PASSED [ 10%]
tests/test_townlet/integration/test_substrate_integration.py::test_episode_reset_multi_substrate[grid2d_8x8_env] PASSED [ 10%]
tests/test_townlet/integration/test_substrate_integration.py::test_episode_reset_multi_substrate[aspatial_env] PASSED [ 10%]
tests/test_townlet/integration/test_substrate_integration.py::test_affordance_interaction_multi_substrate[grid2d_8x8_env] PASSED [ 10%]
tests/test_townlet/integration/test_substrate_integration.py::test_affordance_interaction_multi_substrate[aspatial_env] PASSED [ 10%]
tests/test_townlet/integration/test_substrate_integration.py::test_observation_dimension_consistency_multi_substrate[grid2d_8x8_env] PASSED [ 10%]
tests/test_townlet/integration/test_substrate_integration.py::test_observation_dimension_consistency_multi_substrate[aspatial_env] PASSED [ 10%]
tests/test_townlet/integration/test_substrate_integration.py::test_grid2d_position_tensor_shape PASSED [ 10%]
tests/test_townlet/integration/test_substrate_integration.py::test_aspatial_position_tensor_shape PASSED [ 10%]
tests/test_townlet/integration/test_substrate_migration.py::test_training_with_grid3d_substrate PASSED [ 10%]
tests/test_townlet/integration/test_substrate_migration.py::test_continuous_proximity_interaction PASSED [ 10%]
tests/test_townlet/integration/test_substrate_nd.py::TestNDSubstrateInteroperability::test_gridnd_with_multiple_affordances PASSED [ 10%]
tests/test_townlet/integration/test_substrate_nd.py::TestNDSubstrateInteroperability::test_continuousnd_with_multiple_affordances PASSED [ 10%]
tests/test_townlet/integration/test_substrate_nd.py::TestNDSubstrateInteroperability::test_gridnd_batch_operations PASSED [ 10%]
tests/test_townlet/integration/test_substrate_nd.py::TestNDSubstrateInteroperability::test_continuousnd_batch_operations PASSED [ 10%]
tests/test_townlet/integration/test_substrate_nd.py::TestNDSubstrateInteroperability::test_gridnd_distance_metrics_consistency PASSED [ 11%]
tests/test_townlet/integration/test_substrate_nd.py::TestNDSubstrateInteroperability::test_continuousnd_distance_metrics_consistency PASSED [ 11%]
tests/test_townlet/integration/test_substrate_nd.py::TestNDSubstrateConfigRoundtrip::test_gridnd_yaml_config_roundtrip PASSED [ 11%]
tests/test_townlet/integration/test_substrate_nd.py::TestNDSubstrateConfigRoundtrip::test_continuousnd_yaml_config_roundtrip PASSED [ 11%]
tests/test_townlet/integration/test_substrate_observation_seam.py::test_rect_boundary_masks_use_each_axis_own_extent PASSED [ 11%]
tests/test_townlet/integration/test_substrate_observation_seam.py::test_grid3d_type_literal_is_gone PASSED [ 11%]
tests/test_townlet/integration/test_substrate_observations.py::test_observation_dim_matches_actual_observation PASSED [ 11%]
tests/test_townlet/integration/test_substrate_observations.py::test_partial_observation_dim_matches_actual PASSED [ 11%]
tests/test_townlet/integration/test_temporal_mechanics.py::TestTimeProgression::test_full_24_hour_cycle PASSED [ 11%]
tests/test_townlet/integration/test_temporal_mechanics.py::TestTimeProgression::test_time_of_day_cycles PASSED [ 11%]
tests/test_townlet/integration/test_temporal_mechanics.py::TestAuthoredDayPhase::test_day_phase_is_bound_and_present PASSED [ 11%]
tests/test_townlet/integration/test_temporal_mechanics.py::TestAuthoredDayPhase::test_day_phase_follows_the_tick_as_sin_cos PASSED [ 11%]
tests/test_townlet/integration/test_temporal_mechanics.py::TestOperatingHours::test_operating_hours_mask_job PASSED [ 11%]
tests/test_townlet/integration/test_temporal_mechanics.py::TestOperatingHours::test_wraparound_hours_cross_midnight PASSED [ 11%]
tests/test_townlet/integration/test_temporal_mechanics.py::TestOperatingHours::test_24_hour_affordances PASSED [ 11%]
tests/test_townlet/integration/test_temporal_mechanics.py::TestMultiTickInteractions::test_progressive_benefit_accumulation PASSED [ 11%]
tests/test_townlet/integration/test_temporal_mechanics.py::TestMultiTickInteractions::test_completion_bonus PASSED [ 11%]
tests/test_townlet/integration/test_temporal_mechanics.py::TestMultiTickInteractions::test_multi_tick_job_completion PASSED [ 11%]
tests/test_townlet/integration/test_temporal_mechanics.py::TestMultiTickInteractions::test_money_charged_per_tick PASSED [ 11%]
tests/test_townlet/integration/test_temporal_mechanics.py::TestMultiTickInteractions::test_completion_bonus_timing PASSED [ 11%]
tests/test_townlet/integration/test_temporal_mechanics.py::TestEarlyExitMechanics::test_early_exit_keeps_linear_benefit_without_bonus PASSED [ 11%]
tests/test_townlet/integration/test_temporal_mechanics.py::TestEarlyExitMechanics::test_early_exit_progress_does_not_advance_off_affordance PASSED [ 11%]
tests/test_townlet/integration/test_temporal_mechanics.py::TestMultiAgentTemporal::test_multi_agent_temporal_interactions PASSED [ 11%]
tests/test_townlet/integration/test_temporal_mechanics.py::TestTemporalIntegrations::test_temporal_mechanics_with_curriculum PASSED [ 11%]
tests/test_townlet/integration/test_tensorboard_logger.py::TestTensorBoardLoggerBasic::test_logger_initialization PASSED [ 11%]
tests/test_townlet/integration/test_tensorboard_logger.py::TestTensorBoardLoggerBasic::test_logger_creates_directory PASSED [ 11%]
tests/test_townlet/integration/test_tensorboard_logger.py::TestTensorBoardLoggerBasic::test_close_method PASSED [ 11%]
tests/test_townlet/integration/test_tensorboard_logger.py::TestTensorBoardLoggerBasic::test_flush_method PASSED [ 11%]
tests/test_townlet/integration/test_tensorboard_logger.py::TestContextManager::test_context_manager_enter_returns_self PASSED [ 11%]
tests/test_townlet/integration/test_tensorboard_logger.py::TestContextManager::test_context_manager_exit_closes_logger PASSED [ 11%]
tests/test_townlet/integration/test_tensorboard_logger.py::TestContextManager::test_context_manager_with_exception PASSED [ 11%]
tests/test_townlet/integration/test_tensorboard_logger.py::TestEpisodeLogging::test_log_episode_basic_metrics PASSED [ 11%]
tests/test_townlet/integration/test_tensorboard_logger.py::TestEpisodeLogging::test_log_episode_with_intrinsic_ratio PASSED [ 11%]
tests/test_townlet/integration/test_tensorboard_logger.py::TestEpisodeLogging::test_log_episode_with_zero_total_reward PASSED [ 11%]
tests/test_townlet/integration/test_tensorboard_logger.py::TestEpisodeLogging::test_log_episode_auto_flush PASSED [ 11%]
tests/test_townlet/integration/test_tensorboard_logger.py::TestEpisodeLogging::test_log_episode_with_agent_id PASSED [ 11%]
tests/test_townlet/integration/test_tensorboard_logger.py::TestEpisodeLogging::test_log_multi_agent_episode PASSED [ 11%]
tests/test_townlet/integration/test_tensorboard_logger.py::TestEpisodeLogging::test_log_multi_agent_episode_with_missing_fields PASSED [ 11%]
tests/test_townlet/integration/test_tensorboard_logger.py::TestCurriculumTransitionLogging::test_log_curriculum_transitions_single_event PASSED [ 11%]
tests/test_townlet/integration/test_tensorboard_logger.py::TestCurriculumTransitionLogging::test_log_curriculum_transitions_multiple_events PASSED [ 11%]
tests/test_townlet/integration/test_tensorboard_logger.py::TestCurriculumTransitionLogging::test_log_curriculum_transitions_without_agent_id PASSED [ 11%]
tests/test_townlet/integration/test_tensorboard_logger.py::TestCurriculumTransitionLogging::test_log_curriculum_transitions_empty_list PASSED [ 11%]
tests/test_townlet/integration/test_tensorboard_logger.py::TestTrainingStepLogging::test_log_training_step_with_all_optional_fields PASSED [ 11%]
tests/test_townlet/integration/test_tensorboard_logger.py::TestTrainingStepLogging::test_log_training_step_with_none_td_error PASSED [ 12%]
tests/test_townlet/integration/test_tensorboard_logger.py::TestTrainingStepLogging::test_log_training_step_with_none_loss PASSED [ 12%]
tests/test_townlet/integration/test_tensorboard_logger.py::TestTrainingStepLogging::test_log_training_step_with_none_rnd_error PASSED [ 12%]
tests/test_townlet/integration/test_tensorboard_logger.py::TestTrainingStepLogging::test_log_training_step_without_histograms PASSED [ 12%]
tests/test_townlet/integration/test_tensorboard_logger.py::TestTrainingStepLogging::test_log_training_step_with_histograms_enabled PASSED [ 12%]
tests/test_townlet/integration/test_tensorboard_logger.py::TestTrainingStepLogging::test_log_training_step_with_agent_prefix PASSED [ 12%]
tests/test_townlet/integration/test_tensorboard_logger.py::TestMeterLogging::test_log_meters_basic PASSED [ 12%]
tests/test_townlet/integration/test_tensorboard_logger.py::TestMeterLogging::test_log_meters_with_default_agent_id PASSED [ 12%]
tests/test_townlet/integration/test_tensorboard_logger.py::TestMeterLogging::test_log_meters_empty_dict PASSED [ 12%]
tests/test_townlet/integration/test_tensorboard_logger.py::TestNetworkStatsLogging::test_log_network_stats_with_histograms PASSED [ 12%]
tests/test_townlet/integration/test_tensorboard_logger.py::TestNetworkStatsLogging::test_log_network_stats_with_gradients PASSED [ 12%]
tests/test_townlet/integration/test_tensorboard_logger.py::TestNetworkStatsLogging::test_log_network_stats_with_optimizer PASSED [ 12%]
tests/test_townlet/integration/test_tensorboard_logger.py::TestNetworkStatsLogging::test_log_network_stats_disabled PASSED [ 12%]
tests/test_townlet/integration/test_tensorboard_logger.py::TestNetworkStatsLogging::test_log_network_stats_with_target_network PASSED [ 12%]
tests/test_townlet/integration/test_tensorboard_logger.py::TestNetworkStatsLogging::test_log_network_stats_no_gradients PASSED [ 12%]
tests/test_townlet/integration/test_tensorboard_logger.py::TestAffordanceUsageLogging::test_log_affordance_usage_basic PASSED [ 12%]
tests/test_townlet/integration/test_tensorboard_logger.py::TestAffordanceUsageLogging::test_log_affordance_usage_with_agent_id PASSED [ 12%]
tests/test_townlet/integration/test_tensorboard_logger.py::TestAffordanceUsageLogging::test_log_affordance_usage_empty_dict PASSED [ 12%]
tests/test_townlet/integration/test_tensorboard_logger.py::TestAffordanceUsageLogging::test_log_affordance_usage_zero_counts PASSED [ 12%]
tests/test_townlet/integration/test_tensorboard_logger.py::TestCustomMetricLogging::test_log_custom_metric_basic PASSED [ 12%]
tests/test_townlet/integration/test_tensorboard_logger.py::TestCustomMetricLogging::test_log_custom_metric_with_agent_id PASSED [ 12%]
tests/test_townlet/integration/test_tensorboard_logger.py::TestCustomMetricLogging::test_log_custom_metric_without_prefix PASSED [ 12%]
tests/test_townlet/integration/test_tensorboard_logger.py::TestHyperparameterLogging::test_log_hyperparameters_basic PASSED [ 12%]
tests/test_townlet/integration/test_tensorboard_logger.py::TestHyperparameterLogging::test_log_hyperparameters_empty_dicts PASSED [ 12%]
tests/test_townlet/integration/test_tensorboard_logger.py::TestStringLogDir::test_logger_with_string_log_dir PASSED [ 12%]
tests/test_townlet/integration/test_token_set_runtime.py::test_config_builds_a_token_set_network PASSED [ 12%]
tests/test_townlet/integration/test_token_set_runtime.py::test_tokens_reach_the_network_and_change_its_output PASSED [ 12%]
tests/test_townlet/integration/test_token_set_runtime.py::test_token_rows_pool_as_a_set_not_a_sequence PASSED [ 12%]
tests/test_townlet/integration/test_token_set_runtime.py::test_gradients_flow_into_the_per_type_encoders PASSED [ 12%]
tests/test_townlet/integration/test_token_set_runtime.py::test_declared_attention_reaches_the_built_network PASSED [ 12%]
tests/test_townlet/integration/test_token_set_runtime.py::test_attention_level_stays_permutation_invariant_end_to_end PASSED [ 12%]
tests/test_townlet/integration/test_token_set_runtime.py::test_attention_level_gradients_reach_the_attention_weights PASSED [ 12%]
tests/test_townlet/integration/test_token_transfer_contract.py::TestFixtureRosters::test_pack_a_has_variable_element_and_no_items PASSED [ 12%]
tests/test_townlet/integration/test_token_transfer_contract.py::TestFixtureRosters::test_pack_b_has_items_and_no_variable_element PASSED [ 12%]
tests/test_townlet/integration/test_token_transfer_contract.py::TestFixtureRosters::test_pack_c_is_core_only PASSED [ 12%]
tests/test_townlet/integration/test_token_transfer_contract.py::TestFixtureRosters::test_no_token_advisories PASSED [ 12%]
tests/test_townlet/integration/test_token_transfer_contract.py::TestFixtureRosters::test_type_schema_hash_is_engine_wide_layout_is_not PASSED [ 12%]
tests/test_townlet/integration/test_token_transfer_contract.py::TestTransferContract::test_train_step_on_a_then_load_by_type_and_forward_on_b PASSED [ 12%]
tests/test_townlet/integration/test_token_transfer_contract.py::TestTransferContract::test_token_gate_passes_across_universes_flat_gate_refuses PASSED [ 12%]
tests/test_townlet/integration/test_token_transfer_contract.py::TestTransferContract::test_flat_view_forward_feedforward_and_dueling PASSED [ 12%]
tests/test_townlet/integration/test_token_transfer_contract.py::TestTransferContract::test_payload_schema_mismatch_on_pack_c_refuses_loudly PASSED [ 12%]
tests/test_townlet/integration/test_topology_metadata.py::test_topology_propagates_from_config_to_websocket_metadata_grid2d PASSED [ 12%]
tests/test_townlet/integration/test_topology_metadata.py::test_topology_propagates_from_config_to_websocket_metadata_gridnd PASSED [ 13%]
tests/test_townlet/integration/test_topology_metadata.py::test_continuous_substrate_has_no_topology_in_metadata PASSED [ 13%]
tests/test_townlet/integration/test_topology_metadata.py::test_gridnd_substrate_initializes_with_action_labels PASSED [ 13%]
tests/test_townlet/integration/test_topology_metadata.py::test_continuousnd_substrate_initializes_with_action_labels PASSED [ 13%]
tests/test_townlet/integration/test_topology_metadata.py::test_4d_gridnd_custom_action_labels PASSED [ 13%]
tests/test_townlet/integration/test_training_loop.py::TestMaskedLossIntegration::test_masked_loss_during_training PASSED [ 13%]
tests/test_townlet/integration/test_training_loop.py::TestMaskedLossIntegration::test_action_masking_enforced_in_q_values PASSED [ 13%]
tests/test_townlet/integration/test_training_loop.py::TestMaskedLossIntegration::test_boundary_masking_during_training PASSED [ 13%]
tests/test_townlet/integration/test_training_loop.py::TestMultiEpisodeTraining::test_train_10_episodes_with_learning_progression PASSED [ 13%]
tests/test_townlet/integration/test_training_loop.py::TestMultiEpisodeTraining::test_epsilon_decay_over_episodes PASSED [ 13%]
tests/test_townlet/integration/test_training_loop.py::TestMultiEpisodeTraining::test_replay_buffer_accumulation_during_training PASSED [ 13%]
tests/test_townlet/integration/test_training_loop.py::TestMultiEpisodeTraining::test_target_network_updates_at_frequency PASSED [ 13%]
tests/test_townlet/integration/test_training_loop.py::TestMultiEpisodeTraining::test_q_values_improve_over_time PASSED [ 13%]
tests/test_townlet/integration/test_vfs_expression_edge_cases.py::test_circular_dependency_detected_at_compile_time PASSED [ 13%]
tests/test_townlet/integration/test_vfs_expression_edge_cases.py::test_missing_vfs_variable_reference PASSED [ 13%]
tests/test_townlet/integration/test_vfs_expression_edge_cases.py::test_type_mismatch_in_vfs_expression PASSED [ 13%]
tests/test_townlet/integration/test_vfs_runtime_evaluation.py::test_vfs_expressions_evaluated_at_runtime PASSED [ 13%]
tests/test_townlet/integration/test_vfs_runtime_evaluation.py::test_mark_and_sweep_evaluates_unexposed_authored_expressions PASSED [ 13%]
tests/test_townlet/integration/test_vfs_runtime_evaluation.py::test_eager_mode_evaluates_all_vars PASSED [ 13%]
tests/test_townlet/integration/test_vfs_runtime_evaluation.py::test_vfs_expression_dependency_chain PASSED [ 13%]
tests/test_townlet/integration/test_vfs_runtime_evaluation.py::test_vfs_expressions_access_bars PASSED [ 13%]
tests/test_townlet/integration/test_vtc_transition_schedule_runtime.py::test_social_residue_rules_are_config_driven_runtime_transitions PASSED [ 13%]
tests/test_townlet/integration/test_vtc_transition_schedule_runtime.py::test_transition_rules_typo_key_fails_at_load_not_silently PASSED [ 13%]
tests/test_townlet/integration/test_vtc_transition_schedule_runtime.py::test_transition_rules_missing_version_fails_at_load PASSED [ 13%]
tests/test_townlet/integration/test_vtc_transition_schedule_runtime.py::test_social_residue_rules_fail_loudly_for_unknown_targets PASSED [ 13%]
tests/test_townlet/integration/test_vtc_transition_schedule_runtime.py::test_environment_runtime_does_not_embed_social_residue_domain_semantics PASSED [ 13%]
tests/test_townlet/integration/test_world_compiler_full.py::TestWorldCompilerPipeline::test_compile_minimal_config PASSED [ 13%]
tests/test_townlet/integration/test_world_compiler_full.py::TestWorldCompilerPipeline::test_compiled_universe_structure PASSED [ 13%]
tests/test_townlet/integration/test_world_compiler_full.py::TestWorldCompilerPipeline::test_affordance_effects_compilation PASSED [ 13%]
tests/test_townlet/performance/test_component_benchmarks.py::TestVFSBenchmarks::test_vfs_evaluation PASSED [ 13%]
tests/test_townlet/performance/test_component_benchmarks.py::TestEffectsBenchmarks::test_effects_tick PASSED [ 13%]
tests/test_townlet/performance/test_environment_step_benchmarks.py::TestEnvironmentStepBenchmarks::test_baseline_step PASSED [ 13%]
tests/test_townlet/performance/test_environment_step_benchmarks.py::TestEnvironmentStepBenchmarks::test_vfs_enabled_step PASSED [ 13%]
tests/test_townlet/performance/test_environment_step_benchmarks.py::TestEnvironmentStepBenchmarks::test_baseline_step_scales[1] PASSED [ 13%]
tests/test_townlet/performance/test_environment_step_benchmarks.py::TestEnvironmentStepBenchmarks::test_baseline_step_scales[4] PASSED [ 13%]
tests/test_townlet/performance/test_environment_step_benchmarks.py::TestEnvironmentStepBenchmarks::test_baseline_step_scales[16] PASSED [ 13%]
tests/test_townlet/performance/test_environment_step_benchmarks.py::TestEnvironmentStepBenchmarks::test_baseline_step_scales[64] PASSED [ 13%]
tests/test_townlet/performance/test_environment_step_benchmarks.py::TestActionMaskBenchmarks::test_action_mask_build[1] PASSED [ 13%]
tests/test_townlet/performance/test_environment_step_benchmarks.py::TestActionMaskBenchmarks::test_action_mask_build[4] PASSED [ 13%]
tests/test_townlet/performance/test_environment_step_benchmarks.py::TestActionMaskBenchmarks::test_action_mask_build[16] PASSED [ 13%]
tests/test_townlet/performance/test_environment_step_benchmarks.py::TestActionMaskBenchmarks::test_action_mask_build[64] PASSED [ 13%]
tests/test_townlet/performance/test_environment_step_benchmarks.py::TestVTCTransitionRunnerBenchmarks::test_vtc_passive_depletion[1] PASSED [ 13%]
tests/test_townlet/performance/test_environment_step_benchmarks.py::TestVTCTransitionRunnerBenchmarks::test_vtc_passive_depletion[4] PASSED [ 13%]
tests/test_townlet/performance/test_environment_step_benchmarks.py::TestVTCTransitionRunnerBenchmarks::test_vtc_passive_depletion[16] PASSED [ 14%]
tests/test_townlet/performance/test_environment_step_benchmarks.py::TestVTCTransitionRunnerBenchmarks::test_vtc_passive_depletion[64] PASSED [ 14%]
tests/test_townlet/performance/test_environment_step_benchmarks.py::TestVTCTransitionRunnerBenchmarks::test_vtc_threshold_cascades[1] PASSED [ 14%]
tests/test_townlet/performance/test_environment_step_benchmarks.py::TestVTCTransitionRunnerBenchmarks::test_vtc_threshold_cascades[4] PASSED [ 14%]
tests/test_townlet/performance/test_environment_step_benchmarks.py::TestVTCTransitionRunnerBenchmarks::test_vtc_threshold_cascades[16] PASSED [ 14%]
tests/test_townlet/performance/test_environment_step_benchmarks.py::TestVTCTransitionRunnerBenchmarks::test_vtc_threshold_cascades[64] PASSED [ 14%]
tests/test_townlet/performance/test_environment_step_benchmarks.py::TestVTCTransitionRunnerBenchmarks::test_vtc_interaction_progress_program[1] PASSED [ 14%]
tests/test_townlet/performance/test_environment_step_benchmarks.py::TestVTCTransitionRunnerBenchmarks::test_vtc_interaction_progress_program[4] PASSED [ 14%]
tests/test_townlet/performance/test_environment_step_benchmarks.py::TestVTCTransitionRunnerBenchmarks::test_vtc_interaction_progress_program[16] PASSED [ 14%]
tests/test_townlet/performance/test_environment_step_benchmarks.py::TestVTCTransitionRunnerBenchmarks::test_vtc_interaction_progress_program[64] PASSED [ 14%]
tests/test_townlet/performance/test_environment_step_benchmarks.py::TestRewardCalculatorBenchmarks::test_calculate_shaped_rewards[1] PASSED [ 14%]
tests/test_townlet/performance/test_environment_step_benchmarks.py::TestRewardCalculatorBenchmarks::test_calculate_shaped_rewards[4] PASSED [ 14%]
tests/test_townlet/performance/test_environment_step_benchmarks.py::TestRewardCalculatorBenchmarks::test_calculate_shaped_rewards[16] PASSED [ 14%]
tests/test_townlet/performance/test_environment_step_benchmarks.py::TestRewardCalculatorBenchmarks::test_calculate_shaped_rewards[64] PASSED [ 14%]
tests/test_townlet/performance/test_expression_benchmarks.py::TestExpressionBenchmarks::test_parse_simple_expression PASSED [ 14%]
tests/test_townlet/performance/test_expression_benchmarks.py::TestExpressionBenchmarks::test_evaluate_simple_expression PASSED [ 14%]
tests/test_townlet/performance/test_expression_benchmarks.py::TestExpressionBenchmarks::test_evaluate_complex_expression PASSED [ 14%]
tests/test_townlet/performance/test_expression_benchmarks.py::TestExpressionBenchmarks::test_batch_expression_evaluation PASSED [ 14%]
tests/test_townlet/performance/test_performance_threshold.py::test_vfs_overhead_under_limit PASSED [ 14%]
tests/test_townlet/performance/test_vtc_kernels.py::test_eager_vtc_threshold_kernel_within_hardcoded_baseline_tolerance PASSED [ 14%]
tests/test_townlet/properties/test_environment_properties.py::TestEnvironmentBoundaryProperties::test_agents_never_leave_grid_bounds PASSED [ 14%]
tests/test_townlet/properties/test_environment_properties.py::TestEnvironmentBoundaryProperties::test_meters_stay_in_valid_range PASSED [ 14%]
tests/test_townlet/properties/test_environment_properties.py::TestEnvironmentBoundaryProperties::test_observations_always_match_expected_dimensions PASSED [ 14%]
tests/test_townlet/properties/test_exploration_properties.py::TestEpsilonDecayProperties::test_epsilon_stays_in_valid_range PASSED [ 14%]
tests/test_townlet/properties/test_exploration_properties.py::TestEpsilonDecayProperties::test_epsilon_decay_is_monotonic PASSED [ 14%]
tests/test_townlet/properties/test_exploration_properties.py::TestEpsilonDecayProperties::test_epsilon_decay_is_deterministic PASSED [ 14%]
tests/test_townlet/properties/test_exploration_properties.py::TestEpsilonDecayProperties::test_epsilon_eventually_reaches_minimum PASSED [ 14%]
tests/test_townlet/properties/test_exploration_properties.py::TestActionSelectionProperties::test_selected_actions_are_always_valid PASSED [ 14%]
tests/test_townlet/properties/test_exploration_properties.py::TestActionSelectionProperties::test_epsilon_zero_selects_greedy_actions PASSED [ 14%]
tests/test_townlet/properties/test_exploration_properties.py::TestActionSelectionProperties::test_action_masking_respected PASSED [ 14%]
tests/test_townlet/properties/test_exploration_properties.py::TestExplorationCheckpointingProperties::test_checkpoint_restore_preserves_state PASSED [ 14%]
tests/test_townlet/properties/test_replay_buffer_properties.py::TestReplayBufferCapacityProperties::test_buffer_never_exceeds_capacity PASSED [ 14%]
tests/test_townlet/properties/test_replay_buffer_properties.py::TestReplayBufferCapacityProperties::test_fifo_eviction_behavior PASSED [ 14%]
tests/test_townlet/properties/test_replay_buffer_properties.py::TestReplayBufferSamplingProperties::test_sampled_batches_have_correct_shapes PASSED [ 14%]
tests/test_townlet/properties/test_replay_buffer_properties.py::TestReplayBufferSamplingProperties::test_reward_combination_is_correct PASSED [ 14%]
tests/test_townlet/properties/test_replay_buffer_properties.py::TestReplayBufferSamplingProperties::test_buffer_handles_interleaved_push_and_sample PASSED [ 14%]
tests/test_townlet/properties/test_replay_buffer_properties.py::TestReplayBufferSerializationProperties::test_serialize_deserialize_roundtrip PASSED [ 14%]
tests/test_townlet/properties/test_substrate_nd.py::test_distance_symmetric_gridnd[4-3-manhattan] PASSED [ 14%]
tests/test_townlet/properties/test_substrate_nd.py::test_distance_symmetric_gridnd[4-3-euclidean] PASSED [ 14%]
tests/test_townlet/properties/test_substrate_nd.py::test_distance_symmetric_gridnd[4-3-chebyshev] PASSED [ 14%]
tests/test_townlet/properties/test_substrate_nd.py::test_distance_symmetric_gridnd[7-3-manhattan] PASSED [ 14%]
tests/test_townlet/properties/test_substrate_nd.py::test_boundary_idempotence_gridnd[4-5-clamp] PASSED [ 14%]
tests/test_townlet/properties/test_substrate_nd.py::test_boundary_idempotence_gridnd[7-3-clamp] PASSED [ 14%]
tests/test_townlet/properties/test_substrate_nd.py::test_boundary_idempotence_gridnd[4-5-wrap] PASSED [ 15%]
tests/test_townlet/properties/test_substrate_nd.py::test_boundary_idempotence_gridnd[7-3-sticky] PASSED [ 15%]
tests/test_townlet/properties/test_substrate_nd.py::test_movement_reversible_gridnd[4-5] PASSED [ 15%]
tests/test_townlet/properties/test_substrate_nd.py::test_movement_reversible_gridnd[7-3] PASSED [ 15%]
tests/test_townlet/properties/test_substrate_nd.py::test_distance_symmetric_continuousnd[4-euclidean] PASSED [ 15%]
tests/test_townlet/properties/test_substrate_nd.py::test_distance_symmetric_continuousnd[4-manhattan] PASSED [ 15%]
tests/test_townlet/properties/test_substrate_nd.py::test_distance_symmetric_continuousnd[4-chebyshev] PASSED [ 15%]
tests/test_townlet/properties/test_substrate_nd.py::test_distance_symmetric_continuousnd[7-euclidean] PASSED [ 15%]
tests/test_townlet/properties/test_substrate_nd.py::test_distance_symmetric_continuousnd[7-manhattan] PASSED [ 15%]
tests/test_townlet/properties/test_substrate_nd.py::test_distance_symmetric_continuousnd[7-chebyshev] PASSED [ 15%]
tests/test_townlet/properties/test_substrate_nd.py::test_boundary_idempotence_continuousnd[4-clamp] PASSED [ 15%]
tests/test_townlet/properties/test_substrate_nd.py::test_boundary_idempotence_continuousnd[7-clamp] PASSED [ 15%]
tests/test_townlet/properties/test_substrate_nd.py::test_boundary_idempotence_continuousnd[4-wrap] PASSED [ 15%]
tests/test_townlet/properties/test_substrate_nd.py::test_boundary_idempotence_continuousnd[7-wrap] PASSED [ 15%]
tests/test_townlet/properties/test_substrate_nd.py::test_boundary_idempotence_continuousnd[4-sticky] PASSED [ 15%]
tests/test_townlet/properties/test_substrate_nd.py::test_boundary_idempotence_continuousnd[7-sticky] PASSED [ 15%]
tests/test_townlet/properties/test_substrate_nd.py::test_movement_reversible_continuousnd[4] PASSED [ 15%]
tests/test_townlet/properties/test_substrate_nd.py::test_movement_reversible_continuousnd[7] PASSED [ 15%]
tests/test_townlet/properties/test_substrate_properties.py::test_property_position_bounds_grid2d PASSED [ 15%]
tests/test_townlet/properties/test_substrate_properties.py::test_property_distance_symmetry_grid2d PASSED [ 15%]
tests/test_townlet/properties/test_substrate_properties.py::test_property_movement_stays_in_bounds_grid2d PASSED [ 15%]
tests/test_townlet/properties/test_substrate_properties.py::test_property_get_all_positions_count_grid2d PASSED [ 15%]
tests/test_townlet/properties/test_substrate_properties.py::test_property_aspatial_has_no_positions PASSED [ 15%]
tests/test_townlet/properties/test_substrate_properties.py::test_property_aspatial_no_position_operations PASSED [ 15%]
tests/test_townlet/properties/test_substrate_properties.py::test_property_obs_dim_matches_substrate_grid2d PASSED [ 15%]
tests/test_townlet/properties/test_substrate_properties.py::test_property_obs_dim_aspatial PASSED [ 15%]
tests/test_townlet/regressions/test_affordance_token_identity.py::test_compiled_affordance_identity_uses_all_executable_lifecycle_deltas[on-start] PASSED [ 15%]
tests/test_townlet/regressions/test_affordance_token_identity.py::test_compiled_affordance_identity_uses_all_executable_lifecycle_deltas[per-tick] PASSED [ 15%]
tests/test_townlet/regressions/test_affordance_token_identity.py::test_compiled_affordance_identity_uses_all_executable_lifecycle_deltas[negative-per-tick] PASSED [ 15%]
tests/test_townlet/regressions/test_affordance_token_identity.py::test_non_affine_meter_interaction_keeps_dynamic_target_identity PASSED [ 15%]
tests/test_townlet/regressions/test_affordance_token_identity.py::test_repeated_opposite_deltas_remain_distinct_identity_declarations PASSED [ 15%]
tests/test_townlet/regressions/test_affordance_token_identity.py::test_mutually_exclusive_meter_writes_are_marked_dynamic_without_cancelling PASSED [ 15%]
tests/test_townlet/regressions/test_affordance_token_identity.py::test_same_meter_delta_in_different_lifecycle_stage_changes_signature_and_hash PASSED [ 15%]
tests/test_townlet/regressions/test_affordance_token_identity.py::test_spawned_effect_meter_writes_are_included_from_compiled_catalog PASSED [ 15%]
tests/test_townlet/regressions/test_affordance_token_identity.py::test_spawned_effect_missing_reference_or_cycle_refuses[missing] PASSED [ 15%]
tests/test_townlet/regressions/test_affordance_token_identity.py::test_spawned_effect_missing_reference_or_cycle_refuses[cycle] PASSED [ 15%]
tests/test_townlet/regressions/test_affordance_token_identity.py::test_non_finite_affine_literal_refuses_instead_of_becoming_dynamic PASSED [ 15%]
tests/test_townlet/regressions/test_affordance_token_identity.py::test_costs_and_costs_per_tick_have_distinct_identity_and_hash PASSED [ 15%]
tests/test_townlet/regressions/test_affordance_token_identity.py::test_opening_hours_behavior_changes_identity_and_hash PASSED [ 15%]
tests/test_townlet/regressions/test_affordance_token_identity.py::test_declared_duration_changes_identity_and_hash PASSED [ 15%]
tests/test_townlet/regressions/test_affordance_token_identity.py::test_fixed_k_admits_five_reachable_meter_writes PASSED [ 15%]
tests/test_townlet/regressions/test_affordance_token_identity.py::test_more_than_fixed_k_reachable_meter_writes_refuses PASSED [ 15%]
tests/test_townlet/regressions/test_affordance_token_identity.py::test_spawned_effect_behavior_parameters_change_identity_and_hash[command-intensity] PASSED [ 16%]
tests/test_townlet/regressions/test_affordance_token_identity.py::test_spawned_effect_behavior_parameters_change_identity_and_hash[effect-duration] PASSED [ 16%]
tests/test_townlet/regressions/test_affordance_token_identity.py::test_spawned_effect_behavior_parameters_change_identity_and_hash[effect-reapply] PASSED [ 16%]
tests/test_townlet/regressions/test_affordance_token_identity.py::test_spawned_effect_behavior_parameters_change_identity_and_hash[effect-observable] PASSED [ 16%]
tests/test_townlet/regressions/test_affordance_token_identity.py::test_spawned_effect_behavior_parameters_change_identity_and_hash[spawn-target] PASSED [ 16%]
tests/test_townlet/regressions/test_affordance_token_identity.py::test_unrepresentable_affordance_spawn_target_refuses[self] PASSED [ 16%]
tests/test_townlet/regressions/test_affordance_token_identity.py::test_unrepresentable_affordance_spawn_target_refuses[1] PASSED [ 16%]
tests/test_townlet/regressions/test_affordance_token_identity.py::test_non_cyclic_nested_spawn_effect_refuses_instead_of_flattening_chain PASSED [ 16%]
tests/test_townlet/regressions/test_no_legacy_runtime_apis.py::test_legacy_global_actions_apis_are_deleted PASSED [ 16%]
tests/test_townlet/regressions/test_no_legacy_runtime_apis.py::test_substrate_validator_accepts_only_canonical_actions_wrapper PASSED [ 16%]
tests/test_townlet/regressions/test_no_legacy_runtime_apis.py::test_dac_shaping_refuses_removed_reward_field_aliases[legacy_bonus0] PASSED [ 16%]
tests/test_townlet/regressions/test_no_legacy_runtime_apis.py::test_dac_shaping_refuses_removed_reward_field_aliases[legacy_bonus1] PASSED [ 16%]
tests/test_townlet/regressions/test_no_legacy_runtime_apis.py::test_dac_reference_validation_refuses_removed_target_alias PASSED [ 16%]
tests/test_townlet/regressions/test_no_legacy_runtime_apis.py::test_unimplemented_extrinsic_strategy_fails_loudly PASSED [ 16%]
tests/test_townlet/regressions/test_no_legacy_runtime_apis.py::test_dead_error_collector_alias_is_deleted PASSED [ 16%]
tests/test_townlet/regressions/test_no_legacy_runtime_apis.py::test_curriculum_exposes_only_canonical_checkpoint_api[StaticCurriculum] PASSED [ 16%]
tests/test_townlet/regressions/test_no_legacy_runtime_apis.py::test_curriculum_exposes_only_canonical_checkpoint_api[AdversarialCurriculum] PASSED [ 16%]
tests/test_townlet/regressions/test_observation_encoding_removed.py::test_observation_encoding_is_rejected_by_stratum_dtos[GridConfig-fields0] PASSED [ 16%]
tests/test_townlet/regressions/test_observation_encoding_removed.py::test_observation_encoding_is_rejected_by_stratum_dtos[GridNDConfig-fields1] PASSED [ 16%]
tests/test_townlet/regressions/test_observation_encoding_removed.py::test_observation_encoding_is_rejected_by_stratum_dtos[ContinuousConfig-fields2] PASSED [ 16%]
tests/test_townlet/regressions/test_observation_encoding_removed.py::test_observation_encoding_is_not_a_substrate_constructor_parameter[Grid2DSubstrate] PASSED [ 16%]
tests/test_townlet/regressions/test_observation_encoding_removed.py::test_observation_encoding_is_not_a_substrate_constructor_parameter[Grid3DSubstrate] PASSED [ 16%]
tests/test_townlet/regressions/test_observation_encoding_removed.py::test_observation_encoding_is_not_a_substrate_constructor_parameter[GridNDSubstrate] PASSED [ 16%]
tests/test_townlet/regressions/test_observation_encoding_removed.py::test_observation_encoding_is_not_a_substrate_constructor_parameter[ContinuousSubstrate] PASSED [ 16%]
tests/test_townlet/regressions/test_observation_encoding_removed.py::test_observation_encoding_is_not_a_substrate_constructor_parameter[Continuous1DSubstrate] PASSED [ 16%]
tests/test_townlet/regressions/test_observation_encoding_removed.py::test_observation_encoding_is_not_a_substrate_constructor_parameter[Continuous2DSubstrate] PASSED [ 16%]
tests/test_townlet/regressions/test_observation_encoding_removed.py::test_observation_encoding_is_not_a_substrate_constructor_parameter[Continuous3DSubstrate] PASSED [ 16%]
tests/test_townlet/regressions/test_observation_encoding_removed.py::test_observation_encoding_is_not_a_substrate_constructor_parameter[ContinuousNDSubstrate] PASSED [ 16%]
tests/test_townlet/regressions/test_observation_encoding_removed.py::test_spatial_egocentric_deltas_use_one_bounded_encoding PASSED [ 16%]
tests/test_townlet/test_curriculum/test_stage_info.py::TestCurriculumStageInfo::test_get_stage_info_returns_current_stage PASSED [ 16%]
tests/test_townlet/test_curriculum/test_stage_info.py::TestCurriculumStageInfo::test_get_stage_info_returns_episodes_at_stage PASSED [ 16%]
tests/test_townlet/test_curriculum/test_stage_info.py::TestCurriculumStageInfo::test_get_stage_info_returns_survival_rate PASSED [ 16%]
tests/test_townlet/test_curriculum/test_stage_info.py::TestCurriculumStageInfo::test_get_stage_info_predicts_likely_transition PASSED [ 16%]
tests/test_townlet/test_curriculum/test_stage_info.py::TestCurriculumStageInfo::test_get_stage_info_no_transition_when_below_threshold PASSED [ 16%]
tests/test_townlet/test_curriculum/test_stage_info.py::TestCurriculumStageInfo::test_get_stage_info_no_transition_when_insufficient_episodes PASSED [ 16%]
tests/test_townlet/test_curriculum/test_stage_info.py::TestCurriculumStageInfo::test_get_stage_info_multi_agent PASSED [ 16%]
tests/test_townlet/test_curriculum/test_stage_info.py::TestCurriculumStageInfo::test_get_stage_info_at_max_stage PASSED [ 16%]
tests/test_townlet/unit/agent/test_brain_config.py::test_feedforward_config_valid PASSED [ 16%]
tests/test_townlet/unit/agent/test_brain_config.py::test_feedforward_config_rejects_empty_layers PASSED [ 16%]
tests/test_townlet/unit/agent/test_brain_config.py::test_feedforward_config_rejects_invalid_activation PASSED [ 16%]
tests/test_townlet/unit/agent/test_brain_config.py::test_feedforward_config_rejects_negative_dropout PASSED [ 16%]
tests/test_townlet/unit/agent/test_brain_config.py::test_feedforward_config_rejects_dropout_gte_1 PASSED [ 16%]
tests/test_townlet/unit/agent/test_brain_config.py::test_optimizer_config_adam PASSED [ 16%]
tests/test_townlet/unit/agent/test_brain_config.py::test_optimizer_config_sgd PASSED [ 17%]
tests/test_townlet/unit/agent/test_brain_config.py::test_optimizer_config_rejects_negative_lr PASSED [ 17%]
tests/test_townlet/unit/agent/test_brain_config.py::test_loss_config_mse PASSED [ 17%]
tests/test_townlet/unit/agent/test_brain_config.py::test_loss_config_huber PASSED [ 17%]
tests/test_townlet/unit/agent/test_brain_config.py::test_loss_config_rejects_negative_huber_delta PASSED [ 17%]
tests/test_townlet/unit/agent/test_brain_config.py::test_brain_config_feedforward PASSED [ 17%]
tests/test_townlet/unit/agent/test_brain_config.py::test_brain_config_requires_feedforward_when_type_feedforward PASSED [ 17%]
tests/test_townlet/unit/agent/test_brain_config.py::test_load_brain_config_valid PASSED [ 17%]
tests/test_townlet/unit/agent/test_brain_config.py::test_load_brain_config_missing_file PASSED [ 17%]
tests/test_townlet/unit/agent/test_brain_config.py::test_load_brain_config_invalid_yaml PASSED [ 17%]
tests/test_townlet/unit/agent/test_brain_config.py::test_compute_brain_hash PASSED [ 17%]
tests/test_townlet/unit/agent/test_brain_config.py::test_compute_brain_hash_differs_for_different_configs PASSED [ 17%]
tests/test_townlet/unit/agent/test_brain_config.py::test_apply_training_overrides_merges_q_learning_and_replay PASSED [ 17%]
tests/test_townlet/unit/agent/test_brain_config.py::test_optimizer_config_adam_requires_adam_params PASSED [ 17%]
tests/test_townlet/unit/agent/test_brain_config.py::test_optimizer_config_sgd_requires_sgd_params PASSED [ 17%]
tests/test_townlet/unit/agent/test_brain_config.py::test_optimizer_config_rmsprop_requires_rmsprop_params PASSED [ 17%]
tests/test_townlet/unit/agent/test_brain_config.py::test_lstm_config_valid PASSED [ 17%]
tests/test_townlet/unit/agent/test_brain_config.py::test_lstm_config_rejects_zero_hidden_size PASSED [ 17%]
tests/test_townlet/unit/agent/test_brain_config.py::test_recurrent_config_valid PASSED [ 17%]
tests/test_townlet/unit/agent/test_brain_config.py::test_schedule_config_constant PASSED [ 17%]
tests/test_townlet/unit/agent/test_brain_config.py::test_schedule_config_step_decay PASSED [ 17%]
tests/test_townlet/unit/agent/test_brain_config.py::test_schedule_config_cosine PASSED [ 17%]
tests/test_townlet/unit/agent/test_brain_config.py::test_schedule_config_exponential PASSED [ 17%]
tests/test_townlet/unit/agent/test_brain_config.py::test_schedule_config_requires_params_for_step_decay PASSED [ 17%]
tests/test_townlet/unit/agent/test_brain_config.py::test_schedule_config_rejects_step_decay_without_params PASSED [ 17%]
tests/test_townlet/unit/agent/test_brain_config.py::test_schedule_config_rejects_cosine_without_params PASSED [ 17%]
tests/test_townlet/unit/agent/test_brain_config.py::test_schedule_config_rejects_exponential_without_params PASSED [ 17%]
tests/test_townlet/unit/agent/test_brain_config.py::test_architecture_config_rejects_recurrent_without_recurrent_config PASSED [ 17%]
tests/test_townlet/unit/agent/test_brain_config.py::test_dueling_stream_config_valid PASSED [ 17%]
tests/test_townlet/unit/agent/test_brain_config.py::test_dueling_config_valid PASSED [ 17%]
tests/test_townlet/unit/agent/test_brain_config.py::test_dueling_config_rejects_empty_shared_layers PASSED [ 17%]
tests/test_townlet/unit/agent/test_brain_config.py::test_replay_config_standard PASSED [ 17%]
tests/test_townlet/unit/agent/test_brain_config.py::test_replay_config_prioritized PASSED [ 17%]
tests/test_townlet/unit/agent/test_brain_config.py::test_replay_config_rejects_invalid_alpha PASSED [ 17%]
tests/test_townlet/unit/agent/test_loss_factory.py::test_build_mse PASSED [ 17%]
tests/test_townlet/unit/agent/test_loss_factory.py::test_build_huber PASSED [ 17%]
tests/test_townlet/unit/agent/test_loss_factory.py::test_build_smooth_l1 PASSED [ 17%]
tests/test_townlet/unit/agent/test_loss_factory.py::test_huber_delta_affects_loss PASSED [ 17%]
tests/test_townlet/unit/agent/test_network_factory.py::test_build_feedforward_basic PASSED [ 17%]
tests/test_townlet/unit/agent/test_network_factory.py::test_build_feedforward_multiple_layers PASSED [ 17%]
tests/test_townlet/unit/agent/test_network_factory.py::test_build_feedforward_parameter_count PASSED [ 17%]
tests/test_townlet/unit/agent/test_network_factory.py::test_build_dueling_basic PASSED [ 17%]
tests/test_townlet/unit/agent/test_network_factory.py::test_build_dueling_with_dropout PASSED [ 17%]
tests/test_townlet/unit/agent/test_networks.py::test_simple_q_network_shape_and_gradient PASSED [ 18%]
tests/test_townlet/unit/agent/test_networks.py::test_dueling_q_network_shape_and_identifiability PASSED [ 18%]
tests/test_townlet/unit/agent/test_optimizer_factory.py::test_build_adam PASSED [ 18%]
tests/test_townlet/unit/agent/test_optimizer_factory.py::test_build_sgd PASSED [ 18%]
tests/test_townlet/unit/agent/test_optimizer_factory.py::test_build_adamw PASSED [ 18%]
tests/test_townlet/unit/agent/test_optimizer_factory.py::test_build_rmsprop PASSED [ 18%]
tests/test_townlet/unit/agent/test_optimizer_factory.py::test_build_with_constant_schedule PASSED [ 18%]
tests/test_townlet/unit/agent/test_optimizer_factory.py::test_build_with_step_decay_schedule PASSED [ 18%]
tests/test_townlet/unit/agent/test_optimizer_factory.py::test_build_with_cosine_schedule PASSED [ 18%]
tests/test_townlet/unit/agent/test_optimizer_factory.py::test_build_with_exponential_schedule PASSED [ 18%]
tests/test_townlet/unit/agent/test_recurrent_token_qnetwork.py::test_recurrent_schema_is_only_the_token_native_contract PASSED [ 18%]
tests/test_townlet/unit/agent/test_recurrent_token_qnetwork.py::test_single_layer_lstm_rejects_inert_dropout PASSED [ 18%]
tests/test_townlet/unit/agent/test_recurrent_token_qnetwork.py::test_sequence_forward_uses_one_lstm_call[mean-None] PASSED [ 18%]
tests/test_townlet/unit/agent/test_recurrent_token_qnetwork.py::test_sequence_forward_uses_one_lstm_call[attention-4] PASSED [ 18%]
tests/test_townlet/unit/agent/test_recurrent_token_qnetwork.py::test_recurrent_forward_rejects_single_step_rank_two_input PASSED [ 18%]
tests/test_townlet/unit/agent/test_structured_qnetwork.py::TestStructuredQNetwork::test_builds_one_encoder_per_declared_group PASSED [ 18%]
tests/test_townlet/unit/agent/test_structured_qnetwork.py::TestStructuredQNetwork::test_empty_group_gets_no_encoder PASSED [ 18%]
tests/test_townlet/unit/agent/test_structured_qnetwork.py::TestStructuredQNetwork::test_forward_produces_q_values_per_action PASSED [ 18%]
tests/test_townlet/unit/agent/test_structured_qnetwork.py::TestStructuredQNetwork::test_group_embed_dim_is_explicit PASSED [ 18%]
tests/test_townlet/unit/agent/test_structured_qnetwork.py::TestStructuredQNetwork::test_a_slice_past_the_observation_is_loud PASSED [ 18%]
tests/test_townlet/unit/agent/test_token_diagnostics.py::TestGradNorms::test_absent_type_reads_exactly_zero_present_types_nonzero PASSED [ 18%]
tests/test_townlet/unit/agent/test_token_diagnostics.py::TestGradNorms::test_before_backward_all_zero PASSED [ 18%]
tests/test_townlet/unit/agent/test_token_diagnostics.py::TestPresenceFlips::test_counts_flips_both_directions PASSED [ 18%]
tests/test_townlet/unit/agent/test_token_diagnostics.py::TestPresenceFlips::test_no_flips_is_zero PASSED [ 18%]
tests/test_townlet/unit/agent/test_token_diagnostics.py::TestPresenceFlips::test_payload_change_is_not_a_flip PASSED [ 18%]
tests/test_townlet/unit/agent/test_token_diagnostics.py::TestPresenceFlips::test_shape_mismatch_refuses PASSED [ 18%]
tests/test_townlet/unit/agent/test_token_diagnostics.py::TestPresenceFlips::test_conditioning_groups_by_flip_count PASSED [ 18%]
tests/test_townlet/unit/agent/test_token_diagnostics.py::TestColdTokenInjection::test_returns_finite_perturbation PASSED [ 18%]
tests/test_townlet/unit/agent/test_token_diagnostics.py::TestColdTokenInjection::test_injection_does_not_mutate_obs PASSED [ 18%]
tests/test_townlet/unit/agent/test_token_diagnostics.py::TestColdTokenInjection::test_custom_payload_width_validated PASSED [ 18%]
tests/test_townlet/unit/agent/test_token_diagnostics.py::TestColdTokenInjection::test_unknown_type_refuses PASSED [ 18%]
tests/test_townlet/unit/agent/test_token_diagnostics.py::TestEmbeddingDiagnostics::test_pooled_norm_positive_for_nonempty PASSED [ 18%]
tests/test_townlet/unit/agent/test_token_diagnostics.py::TestEmbeddingDiagnostics::test_cosine_is_one_against_identical_target PASSED [ 18%]
tests/test_townlet/unit/agent/test_token_diagnostics.py::TestEmbeddingDiagnostics::test_cosine_differs_for_diverged_target PASSED [ 18%]
tests/test_townlet/unit/agent/test_token_diagnostics.py::TestMetricBundle::test_one_flat_dict_with_all_families PASSED [ 18%]
tests/test_townlet/unit/agent/test_token_set_qnetwork.py::TestConstruction::test_moduledict_keys_are_the_live_roster PASSED [ 18%]
tests/test_townlet/unit/agent/test_token_set_qnetwork.py::TestConstruction::test_capacity_zero_type_gets_no_encoder PASSED [ 18%]
tests/test_townlet/unit/agent/test_token_set_qnetwork.py::TestConstruction::test_encoder_widths_match_payload_schemas PASSED [ 18%]
tests/test_townlet/unit/agent/test_token_set_qnetwork.py::TestConstruction::test_compiled_assembler_buffers_are_not_checkpoint_state PASSED [ 18%]
tests/test_townlet/unit/agent/test_token_set_qnetwork.py::TestConstruction::test_empty_roster_refuses PASSED [ 18%]
tests/test_townlet/unit/agent/test_token_set_qnetwork.py::TestConstruction::test_attention_requires_num_heads PASSED [ 18%]
tests/test_townlet/unit/agent/test_token_set_qnetwork.py::TestConstruction::test_mean_takes_no_num_heads PASSED [ 18%]
tests/test_townlet/unit/agent/test_token_set_qnetwork.py::TestConstruction::test_unknown_aggregator_refuses PASSED [ 19%]
tests/test_townlet/unit/agent/test_token_set_qnetwork.py::TestConstruction::test_attention_head_divisibility PASSED [ 19%]
tests/test_townlet/unit/agent/test_token_set_qnetwork.py::TestConstruction::test_no_multihead_attention_module_anywhere PASSED [ 19%]
tests/test_townlet/unit/agent/test_token_set_qnetwork.py::TestConstruction::test_no_layer_over_concatenated_set_width PASSED [ 19%]
tests/test_townlet/unit/agent/test_token_set_qnetwork.py::TestForward::test_forward_shape[mean-None] PASSED [ 19%]
tests/test_townlet/unit/agent/test_token_set_qnetwork.py::TestForward::test_forward_shape[attention-4] PASSED [ 19%]
tests/test_townlet/unit/agent/test_token_set_qnetwork.py::TestForward::test_wrong_width_refuses[mean-None] PASSED [ 19%]
tests/test_townlet/unit/agent/test_token_set_qnetwork.py::TestForward::test_wrong_width_refuses[attention-4] PASSED [ 19%]
tests/test_townlet/unit/agent/test_token_set_qnetwork.py::TestForward::test_absent_token_payload_contributes_exactly_zero[mean-None] PASSED [ 19%]
tests/test_townlet/unit/agent/test_token_set_qnetwork.py::TestForward::test_absent_token_payload_contributes_exactly_zero[attention-4] PASSED [ 19%]
tests/test_townlet/unit/agent/test_token_set_qnetwork.py::TestForward::test_absent_token_gets_exact_zero_gradient[mean-None] PASSED [ 19%]
tests/test_townlet/unit/agent/test_token_set_qnetwork.py::TestForward::test_absent_token_gets_exact_zero_gradient[attention-4] PASSED [ 19%]
tests/test_townlet/unit/agent/test_token_set_qnetwork.py::TestForward::test_fully_absent_type_encoder_gets_exact_zero_weight_grad[mean-None] PASSED [ 19%]
tests/test_townlet/unit/agent/test_token_set_qnetwork.py::TestForward::test_fully_absent_type_encoder_gets_exact_zero_weight_grad[attention-4] PASSED [ 19%]
tests/test_townlet/unit/agent/test_token_set_qnetwork.py::TestForward::test_all_empty_set_survives_the_unmask_guard[mean-None] PASSED [ 19%]
tests/test_townlet/unit/agent/test_token_set_qnetwork.py::TestForward::test_all_empty_set_survives_the_unmask_guard[attention-4] PASSED [ 19%]
tests/test_townlet/unit/agent/test_token_set_qnetwork.py::TestForward::test_permutation_invariance_on_the_mixed_type_set[mean-None] PASSED [ 19%]
tests/test_townlet/unit/agent/test_token_set_qnetwork.py::TestForward::test_permutation_invariance_on_the_mixed_type_set[attention-4] PASSED [ 19%]
tests/test_townlet/unit/agent/test_token_set_qnetwork.py::TestTokenSetConfig::test_aggregator_declaration_validates_attention_heads PASSED [ 19%]
tests/test_townlet/unit/agent/test_token_set_qnetwork.py::TestTokenSetConfig::test_all_fields_required PASSED [ 19%]
tests/test_townlet/unit/agent/test_token_set_qnetwork.py::TestTokenSetConfig::test_attention_geometry_validated_at_config PASSED [ 19%]
tests/test_townlet/unit/agent/test_token_set_qnetwork.py::TestTokenSetConfig::test_architecture_type_requires_block PASSED [ 19%]
tests/test_townlet/unit/agent/test_token_set_qnetwork.py::TestTokenSetConfig::test_architecture_dump_has_only_current_fields PASSED [ 19%]
tests/test_townlet/unit/agent/test_token_set_qnetwork.py::TestTokenSetConfig::test_legacy_set_encoder_architecture_is_not_in_the_schema PASSED [ 19%]
tests/test_townlet/unit/agent/test_token_set_qnetwork.py::TestTokenSetConfig::test_legacy_set_encoder_network_is_deleted PASSED [ 19%]
tests/test_townlet/unit/agent/test_token_set_qnetwork.py::TestTokenSetConfig::test_legacy_set_encoder_vfs_layout_is_deleted PASSED [ 19%]
tests/test_townlet/unit/agent/test_token_set_qnetwork.py::TestFactory::test_build_token_set PASSED [ 19%]
tests/test_townlet/unit/agent/test_token_set_qnetwork.py::TestReviewRound1Pins::test_mean_divides_by_present_count_not_capacity PASSED [ 19%]
tests/test_townlet/unit/agent/test_token_set_qnetwork.py::TestReviewRound1Pins::test_attention_runs_under_the_pinned_math_backend PASSED [ 19%]
tests/test_townlet/unit/agent/test_token_set_qnetwork.py::TestReviewRound1Pins::test_mean_aggregator_takes_no_sdpa_backend PASSED [ 19%]
tests/test_townlet/unit/config/test_affordance_masking.py::TestBarConstraint::test_requires_min_or_max PASSED [ 19%]
tests/test_townlet/unit/config/test_affordance_masking.py::TestBarConstraint::test_min_less_than_max PASSED [ 19%]
tests/test_townlet/unit/config/test_affordance_masking.py::TestBarConstraint::test_valid_constraint PASSED [ 19%]
tests/test_townlet/unit/config/test_affordance_masking.py::TestModeConfig::test_hours_validation_bounds[hours0] PASSED [ 19%]
tests/test_townlet/unit/config/test_affordance_masking.py::TestModeConfig::test_hours_validation_bounds[hours1] PASSED [ 19%]
tests/test_townlet/unit/config/test_affordance_masking.py::TestModeConfig::test_valid_hours PASSED [ 19%]
tests/test_townlet/unit/config/test_affordance_runtime_reachability.py::test_unreachable_stage_or_cost_declaration_refuses[instant-completion] PASSED [ 19%]
tests/test_townlet/unit/config/test_affordance_runtime_reachability.py::test_unreachable_stage_or_cost_declaration_refuses[instant-per-tick-cost] PASSED [ 19%]
tests/test_townlet/unit/config/test_affordance_runtime_reachability.py::test_unreachable_stage_or_cost_declaration_refuses[multi-start] PASSED [ 19%]
tests/test_townlet/unit/config/test_affordance_runtime_reachability.py::test_unreachable_stage_or_cost_declaration_refuses[multi-instant-cost] PASSED [ 19%]
tests/test_townlet/unit/config/test_affordance_runtime_reachability.py::test_unreachable_stage_or_cost_declaration_refuses[instant-early-exit] PASSED [ 19%]
tests/test_townlet/unit/config/test_affordance_runtime_reachability.py::test_unreachable_stage_or_cost_declaration_refuses[multi-failure] PASSED [ 19%]
tests/test_townlet/unit/config/test_affordance_runtime_reachability.py::test_reachable_stage_and_cost_matrix_is_admitted[instant] PASSED [ 19%]
tests/test_townlet/unit/config/test_affordance_runtime_reachability.py::test_reachable_stage_and_cost_matrix_is_admitted[multi_tick] PASSED [ 20%]
tests/test_townlet/unit/config/test_affordance_runtime_reachability.py::test_multi_tick_duration_must_be_positive_at_authoring_boundary[0] PASSED [ 20%]
tests/test_townlet/unit/config/test_affordance_runtime_reachability.py::test_multi_tick_duration_must_be_positive_at_authoring_boundary[-1] PASSED [ 20%]
tests/test_townlet/unit/config/test_base.py::TestLoadYamlSection::test_load_valid_section PASSED [ 20%]
tests/test_townlet/unit/config/test_base.py::TestLoadYamlSection::test_load_different_section PASSED [ 20%]
tests/test_townlet/unit/config/test_base.py::TestLoadYamlSection::test_missing_file_error PASSED [ 20%]
tests/test_townlet/unit/config/test_base.py::TestLoadYamlSection::test_missing_section_error PASSED [ 20%]
tests/test_townlet/unit/config/test_base.py::TestLoadYamlSection::test_empty_file_error PASSED [ 20%]
tests/test_townlet/unit/config/test_base.py::TestLoadYamlSection::test_nested_section_data PASSED [ 20%]
tests/test_townlet/unit/config/test_base.py::TestFormatValidationError::test_format_includes_context PASSED [ 20%]
tests/test_townlet/unit/config/test_base.py::TestFormatValidationError::test_format_includes_error_details PASSED [ 20%]
tests/test_townlet/unit/config/test_base.py::TestFormatValidationError::test_format_includes_helpful_guidance PASSED [ 20%]
tests/test_townlet/unit/config/test_base.py::TestFormatValidationError::test_format_with_type_error PASSED [ 20%]
tests/test_townlet/unit/config/test_base.py::TestFormatValidationError::test_format_with_range_error PASSED [ 20%]
tests/test_townlet/unit/config/test_config_pack_factory.py::test_config_pack_factory_returns_unique_directories PASSED [ 20%]
tests/test_townlet/unit/config/test_config_pack_factory.py::test_config_pack_factory_applies_modifier PASSED [ 20%]
tests/test_townlet/unit/config/test_curriculum_config_dto.py::TestCurriculumConfigValidation::test_all_fields_required PASSED [ 20%]
tests/test_townlet/unit/config/test_curriculum_config_dto.py::TestCurriculumConfigValidation::test_valid_config PASSED [ 20%]
tests/test_townlet/unit/config/test_curriculum_config_dto.py::TestCurriculumConfigValidation::test_vision_range_bounds PASSED [ 20%]
tests/test_townlet/unit/config/test_curriculum_config_dto.py::TestCurriculumConfigValidation::test_day_length_required_when_temporal_active PASSED [ 20%]
tests/test_townlet/unit/config/test_curriculum_config_dto.py::TestCurriculumConfigValidation::test_day_length_must_be_positive_when_provided PASSED [ 20%]
tests/test_townlet/unit/config/test_curriculum_config_dto.py::TestCurriculumConfigLoading::test_load_from_yaml PASSED [ 20%]
tests/test_townlet/unit/config/test_curriculum_config_dto.py::TestCurriculumConfigLoading::test_load_from_real_config_L0 PASSED [ 20%]
tests/test_townlet/unit/config/test_curriculum_config_dto.py::TestCurriculumConfigLoading::test_load_from_all_production_configs PASSED [ 20%]
tests/test_townlet/unit/config/test_curriculum_config_dto.py::TestCurriculumConfigLoading::test_load_missing_field_error PASSED [ 20%]
tests/test_townlet/unit/config/test_drive_as_code_dto.py::TestIntrinsicStrategyConfigDTO::test_valid_rnd_strategy PASSED [ 20%]
tests/test_townlet/unit/config/test_drive_as_code_dto.py::TestIntrinsicStrategyConfigDTO::test_valid_icm_strategy PASSED [ 20%]
tests/test_townlet/unit/config/test_drive_as_code_dto.py::TestIntrinsicStrategyConfigDTO::test_valid_count_based_strategy PASSED [ 20%]
tests/test_townlet/unit/config/test_drive_as_code_dto.py::TestIntrinsicStrategyConfigDTO::test_valid_adaptive_rnd_strategy PASSED [ 20%]
tests/test_townlet/unit/config/test_drive_as_code_dto.py::TestIntrinsicStrategyConfigDTO::test_valid_none_strategy PASSED [ 20%]
tests/test_townlet/unit/config/test_drive_as_code_dto.py::TestIntrinsicStrategyConfigDTO::test_base_weight_must_be_in_range_0_to_1 PASSED [ 20%]
tests/test_townlet/unit/config/test_drive_as_code_dto.py::TestIntrinsicStrategyConfigDTO::test_invalid_strategy_type PASSED [ 20%]
tests/test_townlet/unit/config/test_drive_as_code_dto.py::TestIntrinsicStrategyConfigDTO::test_apply_modifiers_defaults_to_empty_list PASSED [ 20%]
tests/test_townlet/unit/config/test_drive_as_code_dto.py::TestIntrinsicStrategyConfigDTO::test_strategy_specific_configs_are_optional PASSED [ 20%]
tests/test_townlet/unit/config/test_drive_as_code_dto.py::TestIntrinsicStrategyConfigDTO::test_extra_fields_forbidden PASSED [ 20%]
tests/test_townlet/unit/config/test_drive_as_code_dto.py::TestIntrinsicStrategyConfigDTO::test_multiple_modifiers_allowed PASSED [ 20%]
tests/test_townlet/unit/config/test_drive_as_code_dto.py::TestTriggerCondition::test_trigger_with_above PASSED [ 20%]
tests/test_townlet/unit/config/test_drive_as_code_dto.py::TestTriggerCondition::test_trigger_with_below PASSED [ 20%]
tests/test_townlet/unit/config/test_drive_as_code_dto.py::TestTriggerCondition::test_must_specify_above_or_below PASSED [ 20%]
tests/test_townlet/unit/config/test_drive_as_code_dto.py::TestApproachRewardConfig::test_valid_approach_reward PASSED [ 20%]
tests/test_townlet/unit/config/test_drive_as_code_dto.py::TestCompletionBonusConfig::test_valid_completion_bonus PASSED [ 20%]
tests/test_townlet/unit/config/test_drive_as_code_dto.py::TestCompletionBonusConfig::test_completion_bonus_different_affordance PASSED [ 20%]
tests/test_townlet/unit/config/test_drive_as_code_dto.py::TestVFSVariableBonusConfig::test_valid_vfs_variable_bonus PASSED [ 20%]
tests/test_townlet/unit/config/test_drive_as_code_dto.py::TestCompositionConfig::test_default_composition PASSED [ 21%]
tests/test_townlet/unit/config/test_drive_as_code_dto.py::TestCompositionConfig::test_with_clipping PASSED [ 21%]
tests/test_townlet/unit/config/test_drive_as_code_dto.py::TestDriveAsCodeConfig::test_minimal_valid_config PASSED [ 21%]
tests/test_townlet/unit/config/test_drive_as_code_dto.py::TestDriveAsCodeConfig::test_full_config_with_modifiers PASSED [ 21%]
tests/test_townlet/unit/config/test_drive_as_code_dto.py::TestDriveAsCodeConfig::test_validates_modifier_references PASSED [ 21%]
tests/test_townlet/unit/config/test_environment_config_dto.py::TestEnvironmentConfigLoading::test_load_from_model_config_environment_yaml PASSED [ 21%]
tests/test_townlet/unit/config/test_environment_config_dto.py::TestEnvironmentConfigLoading::test_default_curriculum_declares_no_writerless_variables PASSED [ 21%]
tests/test_townlet/unit/config/test_environment_config_dto.py::TestEnvironmentConfigLoading::test_environment_config_rejects_extra_meter_fields PASSED [ 21%]
tests/test_townlet/unit/config/test_environment_config_dto.py::test_meter_range_type_is_exactly_the_bounded_two_lane_vocabulary PASSED [ 21%]
tests/test_townlet/unit/config/test_environment_config_dto.py::test_meter_range_type_rejects_non_finite_parameters[range_type0] PASSED [ 21%]
tests/test_townlet/unit/config/test_environment_config_dto.py::test_meter_range_type_rejects_non_finite_parameters[range_type1] PASSED [ 21%]
tests/test_townlet/unit/config/test_environment_config_dto.py::test_meter_range_type_rejects_non_finite_parameters[range_type2] PASSED [ 21%]
tests/test_townlet/unit/config/test_environment_config_dto.py::test_environment_rejects_the_removed_variable_authoring_surface PASSED [ 21%]
tests/test_townlet/unit/config/test_environment_config_dto.py::test_variable_normalization_uses_one_closed_spec PASSED [ 21%]
tests/test_townlet/unit/config/test_environment_config_dto.py::test_declared_minmax_clamps_through_the_live_normalizer PASSED [ 21%]
tests/test_townlet/unit/config/test_environment_config_dto.py::test_the_deleted_clamping_member_stays_deleted PASSED [ 21%]
tests/test_townlet/unit/config/test_exploration_config_dto.py::TestExplorationConfigValidation::test_all_fields_required PASSED [ 21%]
tests/test_townlet/unit/config/test_exploration_config_dto.py::TestExplorationConfigValidation::test_valid_config PASSED [ 21%]
tests/test_townlet/unit/config/test_exploration_config_dto.py::TestExplorationConfigValidation::test_epsilon_bounds PASSED [ 21%]
tests/test_townlet/unit/config/test_exploration_config_dto.py::TestExplorationConfigLoading::test_load_from_yaml PASSED [ 21%]
tests/test_townlet/unit/config/test_exploration_config_dto.py::TestExplorationConfigLoading::test_load_from_real_config_L0 PASSED [ 21%]
tests/test_townlet/unit/config/test_exploration_config_dto.py::TestExplorationConfigLoading::test_load_from_all_production_configs PASSED [ 21%]
tests/test_townlet/unit/config/test_exploration_config_dto.py::TestExplorationConfigLoading::test_load_missing_field_error PASSED [ 21%]
tests/test_townlet/unit/config/test_interaction_type_vocabulary.py::TestOneClosedVocabulary::test_the_vocabulary_is_exactly_instant_and_multi_tick PASSED [ 21%]
tests/test_townlet/unit/config/test_interaction_type_vocabulary.py::TestOneClosedVocabulary::test_the_authoring_dto_references_the_one_vocabulary PASSED [ 21%]
tests/test_townlet/unit/config/test_interaction_type_vocabulary.py::TestOneClosedVocabulary::test_continuous_was_never_real_and_is_rejected PASSED [ 21%]
tests/test_townlet/unit/config/test_interaction_type_vocabulary.py::TestOneClosedVocabulary::test_dual_has_no_distinct_runtime_behavior_and_is_rejected PASSED [ 21%]
tests/test_townlet/unit/config/test_interaction_type_vocabulary.py::TestOneClosedVocabulary::test_the_second_vocabulary_module_is_gone PASSED [ 21%]
tests/test_townlet/unit/config/test_interaction_type_vocabulary.py::TestNoHiddenDefault::test_interaction_type_is_required PASSED [ 21%]
tests/test_townlet/unit/config/test_interaction_type_vocabulary.py::TestNoHiddenDefault::test_progress_types_still_require_duration_ticks PASSED [ 21%]
tests/test_townlet/unit/config/test_interaction_type_vocabulary.py::TestNoHiddenDefault::test_instant_still_rejects_duration_ticks PASSED [ 21%]
tests/test_townlet/unit/config/test_items_command_shapes.py::test_nested_spawn_effect_mapping_refuses_at_parse PASSED [ 21%]
tests/test_townlet/unit/config/test_items_command_shapes.py::test_sibling_key_spawn_effect_is_accepted PASSED [ 21%]
tests/test_townlet/unit/config/test_items_command_shapes.py::test_unknown_command_key_refuses PASSED [ 21%]
tests/test_townlet/unit/config/test_presentation_config_dto.py::test_minimal_showcase_declaration_parses PASSED [ 21%]
tests/test_townlet/unit/config/test_presentation_config_dto.py::test_empty_sections_are_legal PASSED [ 21%]
tests/test_townlet/unit/config/test_presentation_config_dto.py::test_the_three_format_kinds[fmt0] PASSED [ 21%]
tests/test_townlet/unit/config/test_presentation_config_dto.py::test_the_three_format_kinds[fmt1] PASSED [ 21%]
tests/test_townlet/unit/config/test_presentation_config_dto.py::test_the_three_format_kinds[fmt2] PASSED [ 21%]
tests/test_townlet/unit/config/test_presentation_config_dto.py::test_currency_requires_symbol_and_plain_forbids_it PASSED [ 21%]
tests/test_townlet/unit/config/test_presentation_config_dto.py::test_unknown_format_kind_is_rejected PASSED [ 21%]
tests/test_townlet/unit/config/test_presentation_config_dto.py::test_a_declared_meter_entry_declares_every_field[label] PASSED [ 21%]
tests/test_townlet/unit/config/test_presentation_config_dto.py::test_a_declared_meter_entry_declares_every_field[format] PASSED [ 22%]
tests/test_townlet/unit/config/test_presentation_config_dto.py::test_a_declared_meter_entry_declares_every_field[color] PASSED [ 22%]
tests/test_townlet/unit/config/test_presentation_config_dto.py::test_a_declared_affordance_entry_declares_every_field[label] PASSED [ 22%]
tests/test_townlet/unit/config/test_presentation_config_dto.py::test_a_declared_affordance_entry_declares_every_field[icon] PASSED [ 22%]
tests/test_townlet/unit/config/test_presentation_config_dto.py::test_stray_keys_fail_at_parse_time PASSED [ 22%]
tests/test_townlet/unit/config/test_presentation_config_dto.py::test_version_is_required_and_pinned PASSED [ 22%]
tests/test_townlet/unit/config/test_presentation_config_dto.py::test_negative_decimals_rejected PASSED [ 22%]
tests/test_townlet/unit/config/test_stratum_config_dto.py::TestStratumConfigLoading::test_load_from_model_config_stratum_yaml PASSED [ 22%]
tests/test_townlet/unit/config/test_stratum_config_dto.py::TestStratumConfigLoading::test_stratum_config_rejects_extra_fields PASSED [ 22%]
tests/test_townlet/unit/config/test_stratum_config_dto.py::TestSubstrateConfigValidation::test_grid_type_requires_grid_block PASSED [ 22%]
tests/test_townlet/unit/config/test_stratum_config_dto.py::TestSubstrateConfigValidation::test_only_one_substrate_block_allowed PASSED [ 22%]
tests/test_townlet/unit/config/test_training_v2_config_dto.py::TestTrainingV2ConfigLoading::test_load_from_model_config_training_yaml PASSED [ 22%]
tests/test_townlet/unit/config/test_training_v2_config_dto.py::TestTrainingV2ConfigLoading::test_seed_is_required PASSED [ 22%]
tests/test_townlet/unit/config/test_training_v2_config_dto.py::TestTrainingV2ConfigLoading::test_seed_loads_from_yaml PASSED [ 22%]
tests/test_townlet/unit/config/test_training_v2_config_dto.py::TestTrainingV2ConfigLoading::test_enabled_affordances_must_not_be_null PASSED [ 22%]
tests/test_townlet/unit/config/test_training_v2_config_dto.py::TestTrainingV2ConfigLoading::test_load_training_v2_missing_required_fields_errors PASSED [ 22%]
tests/test_townlet/unit/config/test_training_v2_config_dto.py::TestReplayBufferConfigValidation::test_min_size_must_not_exceed_capacity PASSED [ 22%]
tests/test_townlet/unit/config/test_training_v2_config_dto.py::TestReplayBufferConfigValidation::test_batch_size_must_not_exceed_min_size PASSED [ 22%]
tests/test_townlet/unit/config/test_transition_rules_config_dto.py::TestSocialResidueWriteConfig::test_valid_write_parses PASSED [ 22%]
tests/test_townlet/unit/config/test_transition_rules_config_dto.py::TestSocialResidueWriteConfig::test_removed_target_field_is_rejected_at_parse_time PASSED [ 22%]
tests/test_townlet/unit/config/test_transition_rules_config_dto.py::TestSocialResidueWriteConfig::test_typo_key_is_rejected_not_silently_dropped PASSED [ 22%]
tests/test_townlet/unit/config/test_transition_rules_config_dto.py::TestSocialResidueWriteConfig::test_nullable_behavioural_fields_must_be_explicit[condition] PASSED [ 22%]
tests/test_townlet/unit/config/test_transition_rules_config_dto.py::TestSocialResidueWriteConfig::test_nullable_behavioural_fields_must_be_explicit[clamp] PASSED [ 22%]
tests/test_townlet/unit/config/test_transition_rules_config_dto.py::TestSocialResidueWriteConfig::test_nullable_behavioural_fields_must_be_explicit[effect] PASSED [ 22%]
tests/test_townlet/unit/config/test_transition_rules_config_dto.py::TestSocialResidueWriteConfig::test_nullable_behavioural_fields_must_be_explicit[scope] PASSED [ 22%]
tests/test_townlet/unit/config/test_transition_rules_config_dto.py::TestSocialResidueWriteConfig::test_unknown_composition_rejected PASSED [ 22%]
tests/test_townlet/unit/config/test_transition_rules_config_dto.py::TestSocialResidueWriteConfig::test_unknown_scope_rejected PASSED [ 22%]
tests/test_townlet/unit/config/test_transition_rules_config_dto.py::TestSocialResidueWriteConfig::test_clamp_bounds_must_be_ordered PASSED [ 22%]
tests/test_townlet/unit/config/test_transition_rules_config_dto.py::TestSocialResidueWriteConfig::test_empty_condition_string_rejected PASSED [ 22%]
tests/test_townlet/unit/config/test_transition_rules_config_dto.py::TestSocialResidueRuleConfig::test_valid_rule_parses PASSED [ 22%]
tests/test_townlet/unit/config/test_transition_rules_config_dto.py::TestSocialResidueRuleConfig::test_kind_literal_matches_compiler_vocabulary PASSED [ 22%]
tests/test_townlet/unit/config/test_transition_rules_config_dto.py::TestSocialResidueRuleConfig::test_unknown_rule_key_rejected PASSED [ 22%]
tests/test_townlet/unit/config/test_transition_rules_config_dto.py::TestSocialResidueRuleConfig::test_rule_condition_must_be_explicit PASSED [ 22%]
tests/test_townlet/unit/config/test_transition_rules_config_dto.py::TestSocialResidueRuleConfig::test_empty_writes_rejected PASSED [ 22%]
tests/test_townlet/unit/config/test_transition_rules_config_dto.py::TestSocialResidueRuleConfig::test_empty_reads_rejected PASSED [ 22%]
tests/test_townlet/unit/config/test_transition_rules_config_dto.py::TestSocialResidueRuleConfig::test_negative_priority_rejected PASSED [ 22%]
tests/test_townlet/unit/config/test_transition_rules_config_dto.py::TestTransitionRulesConfig::test_valid_config_parses PASSED [ 22%]
tests/test_townlet/unit/config/test_transition_rules_config_dto.py::TestTransitionRulesConfig::test_version_is_required PASSED [ 22%]
tests/test_townlet/unit/config/test_transition_rules_config_dto.py::TestTransitionRulesConfig::test_social_residue_key_is_required PASSED [ 22%]
tests/test_townlet/unit/config/test_transition_rules_config_dto.py::TestTransitionRulesConfig::test_unknown_top_level_key_rejected PASSED [ 22%]
tests/test_townlet/unit/config/test_transition_rules_config_dto.py::TestTransitionRulesConfig::test_duplicate_rule_ids_rejected PASSED [ 22%]
tests/test_townlet/unit/config/test_transition_rules_config_dto.py::TestTransitionRulesConfig::test_sources_compile_through_vtc_social_residue_compiler PASSED [ 22%]
tests/test_townlet/unit/config/test_transition_rules_config_dto.py::TestTransitionRulesConfig::test_sources_omit_computed_fields_rather_than_passing_none PASSED [ 22%]
tests/test_townlet/unit/config/test_variables_dto.py::test_same_variable_contract_for_all_storage_scopes PASSED [ 23%]
tests/test_townlet/unit/config/test_variables_dto.py::test_initialization_is_explicit_even_for_derived_values PASSED [ 23%]
tests/test_townlet/unit/config/test_variables_dto.py::test_reference_null_is_a_declared_unbound_value PASSED [ 23%]
tests/test_townlet/unit/config/test_variables_dto.py::test_removed_aliases_refuse[name-state] PASSED [ 23%]
tests/test_townlet/unit/config/test_variables_dto.py::test_public_type_has_one_spelling[float] PASSED [ 23%]
tests/test_townlet/unit/config/test_variables_dto.py::test_public_type_has_one_spelling[int] PASSED [ 23%]
tests/test_townlet/unit/config/test_variables_dto.py::test_public_type_has_one_spelling[vector] PASSED [ 23%]
tests/test_townlet/unit/config/test_variables_dto.py::test_unimplemented_expression_scopes_refuse[agent_private] PASSED [ 23%]
tests/test_townlet/unit/config/test_variables_dto.py::test_unimplemented_expression_scopes_refuse[pair] PASSED [ 23%]
tests/test_townlet/unit/config/test_variables_dto.py::test_unimplemented_expression_scopes_refuse[group] PASSED [ 23%]
tests/test_townlet/unit/config/test_variables_dto.py::test_unimplemented_expression_scopes_refuse[affordance] PASSED [ 23%]
tests/test_townlet/unit/config/test_variables_dto.py::test_unimplemented_expression_scopes_refuse[zone] PASSED [ 23%]
tests/test_townlet/unit/config/test_variables_dto.py::test_unimplemented_expression_scopes_refuse[message] PASSED [ 23%]
tests/test_townlet/unit/config/test_variables_dto.py::test_item_group_and_runtime_limits_are_explicit PASSED [ 23%]
tests/test_townlet/unit/config/test_variables_dto.py::test_normalization_is_consumed_exactly_at_exposure PASSED [ 23%]
tests/test_townlet/unit/config/test_variables_dto.py::test_empty_item_profile_remains_a_real_binding_target PASSED [ 23%]
tests/test_townlet/unit/config/test_variables_dto.py::test_random_initializer_parameters_refuse_before_allocation[random_normal-params0] PASSED [ 23%]
tests/test_townlet/unit/config/test_variables_dto.py::test_random_initializer_parameters_refuse_before_allocation[random_normal-params1] PASSED [ 23%]
tests/test_townlet/unit/config/test_variables_dto.py::test_random_initializer_parameters_refuse_before_allocation[random_uniform-params2] PASSED [ 23%]
tests/test_townlet/unit/config/test_variables_dto.py::test_random_initializer_parameters_refuse_before_allocation[random_uniform-params3] PASSED [ 23%]
tests/test_townlet/unit/config/test_variables_dto.py::test_item_reference_null_initializes_actual_arena_as_unbound PASSED [ 23%]
tests/test_townlet/unit/config/test_variables_dto.py::test_eager_unsupported_initialization_refuses_before_execution[declarations0] PASSED [ 23%]
tests/test_townlet/unit/config/test_variables_dto.py::test_eager_unsupported_initialization_refuses_before_execution[declarations1] PASSED [ 23%]
tests/test_townlet/unit/config/test_variables_dto.py::test_registry_exposure_refuses_non_float_storage_before_construction[bool-True-extra0] PASSED [ 23%]
tests/test_townlet/unit/config/test_variables_dto.py::test_registry_exposure_refuses_non_float_storage_before_construction[agent_ref-0-extra1] PASSED [ 23%]
tests/test_townlet/unit/config/test_variables_dto.py::test_registry_exposure_refuses_non_float_storage_before_construction[vec2i-initial2-extra2] PASSED [ 23%]
tests/test_townlet/unit/config/test_variables_dto.py::test_registry_exposure_refuses_non_float_storage_before_construction[vecNi-initial3-extra3] PASSED [ 23%]
tests/test_townlet/unit/config/test_variables_dto.py::test_float_vector_exposure_preserves_actual_declared_element_axes[vec2f-2-extra0] PASSED [ 23%]
tests/test_townlet/unit/config/test_variables_dto.py::test_float_vector_exposure_preserves_actual_declared_element_axes[vec3f-3-extra1] PASSED [ 23%]
tests/test_townlet/unit/config/test_variables_dto.py::test_float_vector_exposure_preserves_actual_declared_element_axes[vecNf-1-extra2] PASSED [ 23%]
tests/test_townlet/unit/config/test_variables_dto.py::test_float_vector_exposure_preserves_actual_declared_element_axes[message_token-1-extra3] PASSED [ 23%]
tests/test_townlet/unit/config/test_variables_dto.py::test_static_access_fields_are_required[readable_by] PASSED [ 23%]
tests/test_townlet/unit/config/test_variables_dto.py::test_static_access_fields_are_required[writable_by] PASSED [ 23%]
tests/test_townlet/unit/config/test_variables_dto.py::test_static_access_invalid_policies_refuse[changes0-duplicate readers] PASSED [ 23%]
tests/test_townlet/unit/config/test_variables_dto.py::test_static_access_invalid_policies_refuse[changes1-duplicate writers] PASSED [ 23%]
tests/test_townlet/unit/config/test_variables_dto.py::test_static_access_invalid_policies_refuse[changes2-engine read] PASSED [ 23%]
tests/test_townlet/unit/config/test_variables_dto.py::test_static_access_invalid_policies_refuse[changes3-readable_by] PASSED [ 23%]
tests/test_townlet/unit/config/test_variables_dto.py::test_static_access_invalid_policies_refuse[changes4-writable_by] PASSED [ 23%]
tests/test_townlet/unit/config/test_variables_dto.py::test_static_access_invalid_policies_refuse[changes5-writable_by] PASSED [ 23%]
tests/test_townlet/unit/config/test_variables_dto.py::test_static_access_invalid_policies_refuse[changes6-exposure requires read] PASSED [ 23%]
tests/test_townlet/unit/config/test_variables_dto.py::test_static_access_supports_hidden_immutable_literal PASSED [ 23%]
tests/test_townlet/unit/config/test_variables_dto.py::test_runtime_definition_supports_same_closed_policy PASSED [ 23%]
tests/test_townlet/unit/config/test_vfs_doc_social_residue_examples.py::test_doc_social_residue_examples_compile_as_written PASSED [ 23%]
tests/test_townlet/unit/config/test_vfs_profile_init_sources.py::test_expression_with_declared_initial_value_is_accepted PASSED [ 24%]
tests/test_townlet/unit/config/test_vfs_profile_init_sources.py::test_expression_with_tensor_initializer_refuses PASSED [ 24%]
tests/test_townlet/unit/config/test_vfs_profile_init_sources.py::test_no_init_source_refuses PASSED [ 24%]
tests/test_townlet/unit/curriculum/test_curriculums.py::TestStaticCurriculum::test_returns_same_decision_for_all_agents PASSED [ 24%]
tests/test_townlet/unit/curriculum/test_curriculums.py::TestStaticCurriculum::test_respects_different_difficulty_levels PASSED [ 24%]
tests/test_townlet/unit/curriculum/test_curriculums.py::TestStaticCurriculum::test_checkpoint_state_returns_all_config PASSED [ 24%]
tests/test_townlet/unit/curriculum/test_curriculums.py::TestStaticCurriculum::test_load_state_restores_configuration PASSED [ 24%]
tests/test_townlet/unit/curriculum/test_curriculums.py::TestStaticCurriculum::test_checkpoint_restore_roundtrip PASSED [ 24%]
tests/test_townlet/unit/curriculum/test_curriculums.py::TestPerformanceTracker::test_update_step_accumulates_rewards_and_steps PASSED [ 24%]
tests/test_townlet/unit/curriculum/test_curriculums.py::TestPerformanceTracker::test_update_step_resets_on_done PASSED [ 24%]
tests/test_townlet/unit/curriculum/test_curriculums.py::TestPerformanceTracker::test_get_survival_rate_calculation PASSED [ 24%]
tests/test_townlet/unit/curriculum/test_curriculums.py::TestPerformanceTracker::test_get_learning_progress_positive PASSED [ 24%]
tests/test_townlet/unit/curriculum/test_curriculums.py::TestPerformanceTracker::test_get_learning_progress_negative PASSED [ 24%]
tests/test_townlet/unit/curriculum/test_curriculums.py::TestPerformanceTracker::test_update_baseline_stores_current_average PASSED [ 24%]
tests/test_townlet/unit/curriculum/test_curriculums.py::TestAdversarialCurriculumStageAdvancement::test_should_not_advance_without_minimum_steps PASSED [ 24%]
tests/test_townlet/unit/curriculum/test_curriculums.py::TestAdversarialCurriculumStageAdvancement::test_should_not_advance_from_stage_5 PASSED [ 24%]
tests/test_townlet/unit/curriculum/test_curriculums.py::TestAdversarialCurriculumStageAdvancement::test_should_advance_with_all_conditions_met PASSED [ 24%]
tests/test_townlet/unit/curriculum/test_curriculums.py::TestAdversarialCurriculumStageAdvancement::test_should_not_advance_with_low_survival PASSED [ 24%]
tests/test_townlet/unit/curriculum/test_curriculums.py::TestAdversarialCurriculumStageAdvancement::test_should_not_advance_with_negative_learning PASSED [ 24%]
tests/test_townlet/unit/curriculum/test_curriculums.py::TestAdversarialCurriculumStageAdvancement::test_should_not_advance_with_high_entropy PASSED [ 24%]
tests/test_townlet/unit/curriculum/test_curriculums.py::TestAdversarialCurriculumStageAdvancement::test_stage_transition_logs_reason PASSED [ 24%]
tests/test_townlet/unit/curriculum/test_curriculums.py::TestAdversarialCurriculumStageRetreat::test_should_not_retreat_from_stage_1 PASSED [ 24%]
tests/test_townlet/unit/curriculum/test_curriculums.py::TestAdversarialCurriculumStageRetreat::test_should_not_retreat_without_minimum_steps PASSED [ 24%]
tests/test_townlet/unit/curriculum/test_curriculums.py::TestAdversarialCurriculumStageRetreat::test_should_retreat_with_low_survival PASSED [ 24%]
tests/test_townlet/unit/curriculum/test_curriculums.py::TestAdversarialCurriculumStageRetreat::test_should_retreat_with_negative_learning PASSED [ 24%]
tests/test_townlet/unit/curriculum/test_curriculums.py::TestAdversarialCurriculumEntropyCalculation::test_entropy_zero_for_deterministic_policy PASSED [ 24%]
tests/test_townlet/unit/curriculum/test_curriculums.py::TestAdversarialCurriculumEntropyCalculation::test_entropy_high_for_uniform_policy PASSED [ 24%]
tests/test_townlet/unit/curriculum/test_curriculums.py::TestAdversarialCurriculumEntropyCalculation::test_entropy_batch_processing PASSED [ 24%]
tests/test_townlet/unit/curriculum/test_curriculums.py::TestAdversarialCurriculumBatchDecisions::test_get_batch_decisions_advances_stage PASSED [ 24%]
tests/test_townlet/unit/curriculum/test_curriculums.py::TestAdversarialCurriculumBatchDecisions::test_get_batch_decisions_retreats_stage PASSED [ 24%]
tests/test_townlet/unit/curriculum/test_curriculums.py::TestAdversarialCurriculumBatchDecisions::test_get_batch_decisions_maps_stage_to_difficulty PASSED [ 24%]
tests/test_townlet/unit/curriculum/test_curriculums.py::TestAdversarialCurriculumBatchDecisions::test_stage_5_is_sparse_rewards PASSED [ 24%]
tests/test_townlet/unit/curriculum/test_curriculums.py::TestAdversarialCurriculumBatchDecisions::test_adversarial_curriculum_thresholds_from_config PASSED [ 24%]
tests/test_townlet/unit/curriculum/test_curriculums.py::TestAdversarialCurriculumBatchDecisions::test_adversarial_curriculum_difficulty_mapping_from_config PASSED [ 24%]
tests/test_townlet/unit/curriculum/test_curriculums.py::TestAdversarialCurriculumStatePersistence::test_checkpoint_state_includes_all_tracker_state PASSED [ 24%]
tests/test_townlet/unit/curriculum/test_curriculums.py::TestAdversarialCurriculumStatePersistence::test_load_state_restores_all_state PASSED [ 24%]
tests/test_townlet/unit/curriculum/test_curriculums.py::TestCurriculumSignalPurity::test_curriculum_has_canonical_checkpoint_methods PASSED [ 24%]
tests/test_townlet/unit/curriculum/test_curriculums.py::TestCurriculumSignalPurity::test_curriculum_state_preserves_agent_stages PASSED [ 24%]
tests/test_townlet/unit/curriculum/test_curriculums.py::TestAdversarialCurriculumFullStateRoundtrip::test_checkpoint_state_includes_all_tracker_tensors PASSED [ 24%]
tests/test_townlet/unit/curriculum/test_curriculums.py::TestAdversarialCurriculumFullStateRoundtrip::test_load_state_restores_every_tensor_exactly PASSED [ 24%]
tests/test_townlet/unit/curriculum/test_curriculums.py::TestAdversarialCurriculumFullStateRoundtrip::test_resume_continues_episode_counter PASSED [ 24%]
tests/test_townlet/unit/curriculum/test_curriculums.py::TestAdversarialCurriculumLoadStateStrictness::test_load_state_raises_on_missing_key PASSED [ 24%]
tests/test_townlet/unit/curriculum/test_curriculums.py::TestAdversarialCurriculumLoadStateStrictness::test_load_state_raises_on_num_agents_mismatch PASSED [ 25%]
tests/test_townlet/unit/curriculum/test_curriculums.py::TestCurriculumCheckpointValidators::test_static_validator_requires_exact_typed_schema_without_mutation PASSED [ 25%]
tests/test_townlet/unit/curriculum/test_curriculums.py::TestCurriculumCheckpointValidators::test_adversarial_validator_requires_exact_tensor_contract_without_mutation PASSED [ 25%]
tests/test_townlet/unit/demo/test_live_inference_unit.py::test_build_agent_telemetry_payload_includes_schema PASSED [ 25%]
tests/test_townlet/unit/demo/test_live_inference_unit.py::test_build_agent_telemetry_payload_handles_missing_population PASSED [ 25%]
tests/test_townlet/unit/demo/test_live_inference_unit.py::test_live_inference_requires_explicit_level_name PASSED [ 25%]
tests/test_townlet/unit/demo/test_live_inference_unit.py::test_live_inference_requires_complete_replay_paths PASSED [ 25%]
tests/test_townlet/unit/demo/test_live_inference_unit.py::test_build_substrate_metadata_for_grid2d PASSED [ 25%]
tests/test_townlet/unit/demo/test_live_inference_unit.py::test_build_grid_data_handles_aspatial PASSED [ 25%]
tests/test_townlet/unit/demo/test_live_inference_unit.py::test_broadcast_to_clients_removes_dead_connections PASSED [ 25%]
tests/test_townlet/unit/demo/test_live_inference_unit.py::test_websocket_commands_require_the_canonical_command_field PASSED [ 25%]
tests/test_townlet/unit/demo/test_live_inference_unit.py::test_set_speed_requires_an_explicit_positive_speed PASSED [ 25%]
tests/test_townlet/unit/demo/test_live_inference_unit.py::test_unknown_websocket_command_fails_loudly PASSED [ 25%]
tests/test_townlet/unit/demo/test_live_inference_unit.py::test_build_agent_telemetry_payload_uses_episode_index PASSED [ 25%]
tests/test_townlet/unit/demo/test_live_inference_unit.py::test_observer_metadata_carries_declared_bounds_and_no_presentation_by_default PASSED [ 25%]
tests/test_townlet/unit/demo/test_live_inference_unit.py::test_no_module_level_name_to_icon_map_survives PASSED [ 25%]
tests/test_townlet/unit/demo/test_live_inference_unit.py::test_declared_icons_and_formats_reach_the_payload PASSED [ 25%]
tests/test_townlet/unit/demo/test_presentation.py::test_meter_metadata_is_in_compiled_order_and_carries_declared_bounds PASSED [ 25%]
tests/test_townlet/unit/demo/test_presentation.py::test_meter_metadata_carries_declared_cascade_edges_both_ways PASSED [ 25%]
tests/test_townlet/unit/demo/test_presentation.py::test_meter_metadata_rows_have_exactly_the_contract_keys PASSED [ 25%]
tests/test_townlet/unit/demo/test_presentation.py::test_absent_presentation_file_is_the_honest_default PASSED [ 25%]
tests/test_townlet/unit/demo/test_presentation.py::test_declared_presentation_reaches_the_payload PASSED [ 25%]
tests/test_townlet/unit/demo/test_presentation.py::test_presentation_for_an_undeclared_meter_is_loud PASSED [ 25%]
tests/test_townlet/unit/demo/test_presentation.py::test_presentation_for_an_undeclared_affordance_is_loud PASSED [ 25%]
tests/test_townlet/unit/demo/test_presentation.py::test_malformed_presentation_is_loud PASSED [ 25%]
tests/test_townlet/unit/demo/test_presentation.py::test_the_compiler_never_reads_presentation PASSED [ 25%]
tests/test_townlet/unit/demo/test_runner_environment_budget.py::test_budget_advances_only_when_whole_vector_step_fits PASSED [ 25%]
tests/test_townlet/unit/demo/test_runner_environment_budget.py::test_unreachable_remainder_stops_before_overshoot PASSED [ 25%]
tests/test_townlet/unit/demo/test_runner_environment_budget.py::test_invalid_budget_state_refuses[-1-1-1] PASSED [ 25%]
tests/test_townlet/unit/demo/test_runner_environment_budget.py::test_invalid_budget_state_refuses[0-0-1] PASSED [ 25%]
tests/test_townlet/unit/demo/test_runner_environment_budget.py::test_invalid_budget_state_refuses[0-1-0] PASSED [ 25%]
tests/test_townlet/unit/demo/test_runner_environment_budget.py::test_invalid_budget_state_refuses[2-1-1] PASSED [ 25%]
tests/test_townlet/unit/demo/test_runner_environment_budget.py::test_invalid_budget_state_refuses[False-1-1] PASSED [ 25%]
tests/test_townlet/unit/demo/test_runner_environment_budget.py::test_invalid_budget_state_refuses[0-True-1] PASSED [ 25%]
tests/test_townlet/unit/demo/test_runner_environment_budget.py::test_invalid_budget_state_refuses[0-1-True] PASSED [ 25%]
tests/test_townlet/unit/demo/test_runner_environment_budget.py::test_runner_stops_before_partial_vector_step PASSED [ 25%]
tests/test_townlet/unit/demo/test_runner_environment_budget.py::test_budget_counter_round_trips_and_prevents_resume_overshoot PASSED [ 25%]
tests/test_townlet/unit/demo/test_runner_seeding.py::test_runner_init_seeds_every_stream_from_training_config PASSED [ 25%]
tests/test_townlet/unit/demo/test_runner_seeding.py::test_checkpoint_carries_the_seed PASSED [ 25%]
tests/test_townlet/unit/demo/test_runner_seeding.py::test_checkpoint_save_requires_initialized_components_before_flushing PASSED [ 25%]
tests/test_townlet/unit/demo/test_runner_seeding.py::test_checkpoint_load_requires_initialized_components_even_without_files PASSED [ 25%]
tests/test_townlet/unit/demo/test_runner_seeding.py::test_runner_load_refuses_outer_schema_change_before_mutation[missing] PASSED [ 25%]
tests/test_townlet/unit/demo/test_runner_seeding.py::test_runner_load_refuses_outer_schema_change_before_mutation[unknown] PASSED [ 25%]
tests/test_townlet/unit/demo/test_runner_seeding.py::test_runner_refuses_malformed_curriculum_before_population_mutation PASSED [ 26%]
tests/test_townlet/unit/demo/test_runner_training_status.py::test_status_follows_the_terminal_cause[kwargs0-completed] PASSED [ 26%]
tests/test_townlet/unit/demo/test_runner_training_status.py::test_status_follows_the_terminal_cause[kwargs1-completed] PASSED [ 26%]
tests/test_townlet/unit/demo/test_runner_training_status.py::test_status_follows_the_terminal_cause[kwargs2-completed] PASSED [ 26%]
tests/test_townlet/unit/demo/test_runner_training_status.py::test_status_follows_the_terminal_cause[kwargs3-interrupted] PASSED [ 26%]
tests/test_townlet/unit/demo/test_runner_training_status.py::test_status_follows_the_terminal_cause[kwargs4-interrupted] PASSED [ 26%]
tests/test_townlet/unit/demo/test_runner_training_status.py::test_status_follows_the_terminal_cause[kwargs5-failed] PASSED [ 26%]
tests/test_townlet/unit/demo/test_runner_training_status.py::test_loop_exit_without_terminal_cause_refuses PASSED [ 26%]
tests/test_townlet/unit/demo/test_runner_training_status.py::test_budget_completion_records_completed PASSED [ 26%]
tests/test_townlet/unit/demo/test_runner_training_status.py::test_graceful_stop_before_budget_records_interrupted PASSED [ 26%]
tests/test_townlet/unit/demo/test_runner_training_status.py::test_training_error_records_failed PASSED [ 26%]
tests/test_townlet/unit/demo/test_runner_vfs_hash.py::test_runner_rejects_checkpoint_vfs_hash_mismatch PASSED [ 26%]
tests/test_townlet/unit/demo/test_runner_vfs_hash.py::test_runner_force_new_vfs_branches_without_loading_checkpoint PASSED [ 26%]
tests/test_townlet/unit/demo/test_runner_vfs_hash.py::test_both_checkpoint_consumers_call_the_shared_identity_guard PASSED [ 26%]
tests/test_townlet/unit/demo/test_runner_vfs_hash.py::test_runner_requires_checkpoint_digest_before_pickle_load PASSED [ 26%]
tests/test_townlet/unit/demo/test_unified_server_unit.py::test_determine_run_directory_uses_sanitised_output_subdir PASSED [ 26%]
tests/test_townlet/unit/demo/test_unified_server_unit.py::test_persist_config_snapshot_is_idempotent PASSED [ 26%]
tests/test_townlet/unit/demo/test_unified_server_unit.py::test_setup_file_logging_attaches_handler PASSED [ 26%]
tests/test_townlet/unit/effects/test_affordance_toggle.py::test_modify_affordance_availability_updates_overrides PASSED [ 26%]
tests/test_townlet/unit/effects/test_affordance_toggle.py::test_is_affordance_open_respects_overrides_first PASSED [ 26%]
tests/test_townlet/unit/effects/test_cascade_depth_limit.py::test_cascade_depth_limit_triggers_error PASSED [ 26%]
tests/test_townlet/unit/effects/test_cascade_depth_limit.py::test_cascade_depth_within_limit_spawns PASSED [ 26%]
tests/test_townlet/unit/effects/test_catalog_compilation.py::test_catalog_from_config PASSED [ 26%]
tests/test_townlet/unit/effects/test_catalog_compilation.py::test_catalog_constructor_enforces_exact_capacity_contract[effects0-None] PASSED [ 26%]
tests/test_townlet/unit/effects/test_catalog_compilation.py::test_catalog_constructor_enforces_exact_capacity_contract[effects1-budget1] PASSED [ 26%]
tests/test_townlet/unit/effects/test_catalog_compilation.py::test_catalog_constructor_enforces_exact_capacity_contract[effects2-budget2] PASSED [ 26%]
tests/test_townlet/unit/effects/test_catalog_compilation.py::test_catalog_constructor_enforces_exact_capacity_contract[effects3-budget3] PASSED [ 26%]
tests/test_townlet/unit/effects/test_catalog_compilation.py::test_catalog_load_smoke_config PASSED [ 26%]
tests/test_townlet/unit/effects/test_catalog_compilation.py::test_catalog_get_effect PASSED [ 26%]
tests/test_townlet/unit/effects/test_catalog_compilation.py::test_catalog_get_missing_effect_raises PASSED [ 26%]
tests/test_townlet/unit/effects/test_catalog_compilation.py::test_catalog_contains PASSED [ 26%]
tests/test_townlet/unit/effects/test_catalog_compilation.py::test_catalog_len PASSED [ 26%]
tests/test_townlet/unit/effects/test_collections.py::test_all_agents_returns_range_of_batch_size PASSED [ 26%]
tests/test_townlet/unit/effects/test_collections.py::test_nearby_agents_requires_radius PASSED [ 26%]
tests/test_townlet/unit/effects/test_collections.py::test_nearby_agents_requires_self_index PASSED [ 26%]
tests/test_townlet/unit/effects/test_collections.py::test_nearby_agents_requires_agent_positions PASSED [ 26%]
tests/test_townlet/unit/effects/test_collections.py::test_nearby_agents_returns_agents_within_radius PASSED [ 26%]
tests/test_townlet/unit/effects/test_collections.py::test_inventory_items_requires_inventory PASSED [ 26%]
tests/test_townlet/unit/effects/test_collections.py::test_inventory_items_returns_non_negative_slots PASSED [ 26%]
tests/test_townlet/unit/effects/test_collections.py::test_active_effects_requires_effect_manager PASSED [ 26%]
tests/test_townlet/unit/effects/test_collections.py::test_active_effects_requires_self_index PASSED [ 26%]
tests/test_townlet/unit/effects/test_collections.py::test_active_effects_returns_effect_target_ids PASSED [ 26%]
tests/test_townlet/unit/effects/test_collections.py::test_active_effects_returns_empty_for_no_effects PASSED [ 26%]
tests/test_townlet/unit/effects/test_collections.py::test_register_collection_resolver_adds_new_resolver PASSED [ 27%]
tests/test_townlet/unit/effects/test_collections.py::test_register_collection_resolver_overwrites_existing PASSED [ 27%]
tests/test_townlet/unit/effects/test_collections.py::test_resolve_collection_rejects_non_positive_max_count PASSED [ 27%]
tests/test_townlet/unit/effects/test_collections.py::test_resolve_collection_rejects_negative_max_count PASSED [ 27%]
tests/test_townlet/unit/effects/test_collections.py::test_resolve_collection_raises_for_unknown_type PASSED [ 27%]
tests/test_townlet/unit/effects/test_collections.py::test_resolve_collection_raises_for_exceeding_max_count PASSED [ 27%]
tests/test_townlet/unit/effects/test_command_compiler.py::test_compiler_modify_validates_path PASSED [ 27%]
tests/test_townlet/unit/effects/test_command_compiler.py::test_compiler_modify_rejects_invalid_path PASSED [ 27%]
tests/test_townlet/unit/effects/test_command_compiler.py::test_compiler_modify_validates_expression PASSED [ 27%]
tests/test_townlet/unit/effects/test_command_compiler.py::test_compiler_modify_rejects_type_mismatch PASSED [ 27%]
tests/test_townlet/unit/effects/test_command_compiler.py::test_compiler_if_validates_bool_condition PASSED [ 27%]
tests/test_townlet/unit/effects/test_command_compiler.py::test_compiler_if_rejects_non_bool_condition PASSED [ 27%]
tests/test_townlet/unit/effects/test_command_compiler.py::test_compiler_for_each_accepts_registered_collection_without_expr PASSED [ 27%]
tests/test_townlet/unit/effects/test_command_compiler.py::test_compiler_for_each_rejects_unknown_collection PASSED [ 27%]
tests/test_townlet/unit/effects/test_command_compiler.py::test_compiler_for_each_accepts_collection_expression PASSED [ 27%]
tests/test_townlet/unit/effects/test_command_compiler.py::test_compiler_switch_happy_path PASSED [ 27%]
tests/test_townlet/unit/effects/test_command_compiler.py::test_compiler_switch_rejects_type_mismatch_case PASSED [ 27%]
tests/test_townlet/unit/effects/test_command_compiler.py::test_compiler_reduce_rejected_for_now PASSED [ 27%]
tests/test_townlet/unit/effects/test_command_compiler.py::test_compiler_for_each_rejects_nested_for_each PASSED [ 27%]
tests/test_townlet/unit/effects/test_command_compiler.py::test_compiler_for_each_rejects_nested_for_each_in_switch_case PASSED [ 27%]
tests/test_townlet/unit/effects/test_command_compiler.py::test_compiler_for_each_rejects_nested_for_each_in_parallel PASSED [ 27%]
tests/test_townlet/unit/effects/test_command_compiler.py::test_compiler_for_each_rejects_nested_for_each_in_delay PASSED [ 27%]
tests/test_townlet/unit/effects/test_command_compiler.py::test_compiler_delay_rejects_when_time_disabled PASSED [ 27%]
tests/test_townlet/unit/effects/test_command_compiler.py::test_compiler_spawn_item_validates_item_type_required PASSED [ 27%]
tests/test_townlet/unit/effects/test_command_compiler.py::test_compiler_spawn_item_accepts_simple_position PASSED [ 27%]
tests/test_townlet/unit/effects/test_command_compiler.py::test_compiler_spawn_item_validates_position_expression PASSED [ 27%]
tests/test_townlet/unit/effects/test_command_executor.py::test_executor_modify_bar PASSED [ 27%]
tests/test_townlet/unit/effects/test_command_executor.py::test_executor_modify_with_target PASSED [ 27%]
tests/test_townlet/unit/effects/test_command_executor.py::test_executor_modify_constant PASSED [ 27%]
tests/test_townlet/unit/effects/test_command_executor.py::test_executor_if_then PASSED [ 27%]
tests/test_townlet/unit/effects/test_command_executor.py::test_executor_if_else PASSED [ 27%]
tests/test_townlet/unit/effects/test_command_parser.py::test_command_node_modify PASSED [ 27%]
tests/test_townlet/unit/effects/test_command_parser.py::test_command_node_spawn_effect PASSED [ 27%]
tests/test_townlet/unit/effects/test_command_parser.py::test_command_node_if PASSED [ 27%]
tests/test_townlet/unit/effects/test_command_parser.py::test_parser_modify_command PASSED [ 27%]
tests/test_townlet/unit/effects/test_command_parser.py::test_parser_spawn_effect_command PASSED [ 27%]
tests/test_townlet/unit/effects/test_command_parser.py::test_parser_if_command PASSED [ 27%]
tests/test_townlet/unit/effects/test_command_parser.py::test_parser_spawn_item_command PASSED [ 27%]
tests/test_townlet/unit/effects/test_command_parser.py::test_parser_sample_command PASSED [ 27%]
tests/test_townlet/unit/effects/test_command_parser.py::test_parser_for_each_command PASSED [ 27%]
tests/test_townlet/unit/effects/test_command_parser.py::test_parser_switch_command PASSED [ 27%]
tests/test_townlet/unit/effects/test_command_parser.py::test_parser_reduce_command PASSED [ 27%]
tests/test_townlet/unit/effects/test_command_parser.py::test_parser_parallel_command PASSED [ 27%]
tests/test_townlet/unit/effects/test_command_parser.py::test_parser_delay_command PASSED [ 28%]
tests/test_townlet/unit/effects/test_command_parser.py::test_parser_invalid_command_raises PASSED [ 28%]
tests/test_townlet/unit/effects/test_command_parser.py::test_parser_spawn_effect_numeric_target PASSED [ 28%]
tests/test_townlet/unit/effects/test_command_parser.py::test_parser_spawn_effect_expression_target PASSED [ 28%]
tests/test_townlet/unit/effects/test_command_parser.py::test_parser_parse_commands_list PASSED [ 28%]
tests/test_townlet/unit/effects/test_command_parser.py::test_parser_switch_missing_when_raises PASSED [ 28%]
tests/test_townlet/unit/effects/test_command_preflight_selection.py::test_stochastic_loop_selects_once_and_reuses_the_exact_context PASSED [ 28%]
tests/test_townlet/unit/effects/test_command_preflight_selection.py::test_loop_nested_under_compounds_evaluates_collection_once PASSED [ 28%]
tests/test_townlet/unit/effects/test_command_preflight_selection.py::test_unselected_branch_does_not_evaluate_stochastic_loop[if] PASSED [ 28%]
tests/test_townlet/unit/effects/test_command_preflight_selection.py::test_unselected_branch_does_not_evaluate_stochastic_loop[switch] PASSED [ 28%]
tests/test_townlet/unit/effects/test_command_preflight_selection.py::test_loop_selection_sees_earlier_compound_sibling_write PASSED [ 28%]
tests/test_townlet/unit/effects/test_command_preflight_selection.py::test_denied_stochastic_loop_body_precedes_compound_mutation_and_rng PASSED [ 28%]
tests/test_townlet/unit/effects/test_command_preflight_selection.py::test_inventory_profile_denial_precedes_first_selected_item_mutation PASSED [ 28%]
tests/test_townlet/unit/effects/test_context_current_tick.py::test_context_has_current_tick PASSED [ 28%]
tests/test_townlet/unit/effects/test_context_current_tick.py::test_context_current_tick_defaults_to_zero PASSED [ 28%]
tests/test_townlet/unit/effects/test_delay_alignment.py::test_delay_respects_current_tick_anchor PASSED [ 28%]
tests/test_townlet/unit/effects/test_delay_executor.py::test_delay_rejects_non_int_ticks PASSED [ 28%]
tests/test_townlet/unit/effects/test_delay_executor.py::test_delay_enqueues_and_executes_after_ticks PASSED [ 28%]
tests/test_townlet/unit/effects/test_delay_executor.py::test_delay_runs_through_effect_manager_tick PASSED [ 28%]
tests/test_townlet/unit/effects/test_delay_executor.py::test_delay_cancelled_on_effect_despawn PASSED [ 28%]
tests/test_townlet/unit/effects/test_effect_manager.py::test_active_effect_initialization PASSED [ 28%]
tests/test_townlet/unit/effects/test_effect_manager.py::test_active_effect_tracks_multiple_targets PASSED [ 28%]
tests/test_townlet/unit/effects/test_effect_manager.py::test_spawn_effect_creates_active_instance PASSED [ 28%]
tests/test_townlet/unit/effects/test_effect_manager.py::test_spawn_effect_derives_scope_and_duration_only_from_catalog PASSED [ 28%]
tests/test_townlet/unit/effects/test_effect_manager.py::test_spawn_effect_stack_policy_allows_multiple PASSED [ 28%]
tests/test_townlet/unit/effects/test_effect_manager.py::test_tick_updates_elapsed_and_remaining PASSED [ 28%]
tests/test_townlet/unit/effects/test_effect_manager.py::test_tick_despawns_expired_effects PASSED [ 28%]
tests/test_townlet/unit/effects/test_effect_manager.py::test_tick_and_natural_despawn_execute_for_all_effect_scopes PASSED [ 28%]
tests/test_townlet/unit/effects/test_effect_manager.py::test_item_scope_context_is_authoritative_across_spawn_merge_and_cancel PASSED [ 28%]
tests/test_townlet/unit/effects/test_effect_manager.py::test_tick_handles_multiple_scopes PASSED [ 28%]
tests/test_townlet/unit/effects/test_effect_manager.py::test_tick_executes_on_tick_commands PASSED [ 28%]
tests/test_townlet/unit/effects/test_effect_manager.py::test_tick_executes_on_despawn_before_removal PASSED [ 28%]
tests/test_townlet/unit/effects/test_effect_manager.py::test_spawn_effect_executes_on_spawn PASSED [ 28%]
tests/test_townlet/unit/effects/test_effect_manager.py::test_spawn_effect_skips_on_spawn_without_bars PASSED [ 28%]
tests/test_townlet/unit/effects/test_effect_manager.py::test_null_item_manager_spawn_item_raises PASSED [ 28%]
tests/test_townlet/unit/effects/test_effect_manager.py::test_null_item_manager_tick_returns_none PASSED [ 28%]
tests/test_townlet/unit/effects/test_effect_manager.py::test_null_item_manager_process_respawns_returns_none PASSED [ 28%]
tests/test_townlet/unit/effects/test_effect_manager.py::test_spawn_effect_item_scope PASSED [ 28%]
tests/test_townlet/unit/effects/test_effect_manager.py::test_spawn_effect_affordance_scope PASSED [ 28%]
tests/test_townlet/unit/effects/test_effect_manager.py::test_get_all_active_effects_includes_all_scopes PASSED [ 28%]
tests/test_townlet/unit/effects/test_effect_manager.py::test_cancel_effect_agent_scope PASSED [ 28%]
tests/test_townlet/unit/effects/test_effect_manager.py::test_cancel_effect_global_scope PASSED [ 28%]
tests/test_townlet/unit/effects/test_effect_manager.py::test_cancel_effect_item_scope PASSED [ 29%]
tests/test_townlet/unit/effects/test_effect_manager.py::test_cancel_effect_affordance_scope PASSED [ 29%]
tests/test_townlet/unit/effects/test_effect_manager.py::test_cancel_effect_not_found_raises PASSED [ 29%]
tests/test_townlet/unit/effects/test_effect_manager.py::test_reset_scheduler PASSED [ 29%]
tests/test_townlet/unit/effects/test_effect_manager.py::test_cancel_scheduled_for_entity PASSED [ 29%]
tests/test_townlet/unit/effects/test_effects_dto.py::test_reapply_policy_enum PASSED [ 29%]
tests/test_townlet/unit/effects/test_effects_dto.py::test_reapply_policy_case_insensitive PASSED [ 29%]
tests/test_townlet/unit/effects/test_effects_dto.py::test_effect_scope_enum PASSED [ 29%]
tests/test_townlet/unit/effects/test_effects_dto.py::test_effect_scope_case_insensitive PASSED [ 29%]
tests/test_townlet/unit/effects/test_effects_dto.py::test_command_config_modify PASSED [ 29%]
tests/test_townlet/unit/effects/test_effects_dto.py::test_command_config_spawn_effect PASSED [ 29%]
tests/test_townlet/unit/effects/test_effects_dto.py::test_command_config_spawn_effect_requires_target_and_intensity PASSED [ 29%]
tests/test_townlet/unit/effects/test_effects_dto.py::test_command_config_spawn_effect_refuses_nonfinite_intensity[nan] PASSED [ 29%]
tests/test_townlet/unit/effects/test_effects_dto.py::test_command_config_spawn_effect_refuses_nonfinite_intensity[inf] PASSED [ 29%]
tests/test_townlet/unit/effects/test_effects_dto.py::test_command_config_spawn_effect_refuses_nonfinite_intensity[-inf] PASSED [ 29%]
tests/test_townlet/unit/effects/test_effects_dto.py::test_command_config_sample_rejects_distribution_alias PASSED [ 29%]
tests/test_townlet/unit/effects/test_effects_dto.py::test_command_config_rejects_trigger_cascade_command PASSED [ 29%]
tests/test_townlet/unit/effects/test_effects_dto.py::test_command_config_rejects_removed_trigger_cascade_even_with_valid_command PASSED [ 29%]
tests/test_townlet/unit/effects/test_effects_dto.py::test_command_config_requires_one_command_type PASSED [ 29%]
tests/test_townlet/unit/effects/test_effects_dto.py::test_command_config_modify_requires_value PASSED [ 29%]
tests/test_townlet/unit/effects/test_effects_dto.py::test_command_config_parallel_not_set PASSED [ 29%]
tests/test_townlet/unit/effects/test_effects_dto.py::test_command_config_parallel_requires_branch PASSED [ 29%]
tests/test_townlet/unit/effects/test_effects_dto.py::test_effect_definition_minimal PASSED [ 29%]
tests/test_townlet/unit/effects/test_effects_dto.py::test_effect_definition_with_commands PASSED [ 29%]
tests/test_townlet/unit/effects/test_effects_dto.py::test_effect_definition_requires_duration PASSED [ 29%]
tests/test_townlet/unit/effects/test_effects_dto.py::test_effect_definition_requires_observable PASSED [ 29%]
tests/test_townlet/unit/effects/test_effects_dto.py::test_effect_definition_requires_explicit_nonnull_lifecycle_lists[missing-on_spawn] PASSED [ 29%]
tests/test_townlet/unit/effects/test_effects_dto.py::test_effect_definition_requires_explicit_nonnull_lifecycle_lists[missing-on_tick] PASSED [ 29%]
tests/test_townlet/unit/effects/test_effects_dto.py::test_effect_definition_requires_explicit_nonnull_lifecycle_lists[missing-on_despawn] PASSED [ 29%]
tests/test_townlet/unit/effects/test_effects_dto.py::test_effect_definition_requires_explicit_nonnull_lifecycle_lists[missing-on_interrupt] PASSED [ 29%]
tests/test_townlet/unit/effects/test_effects_dto.py::test_effect_definition_requires_explicit_nonnull_lifecycle_lists[null-on_spawn] PASSED [ 29%]
tests/test_townlet/unit/effects/test_effects_dto.py::test_effect_definition_requires_explicit_nonnull_lifecycle_lists[null-on_tick] PASSED [ 29%]
tests/test_townlet/unit/effects/test_effects_dto.py::test_effect_definition_requires_explicit_nonnull_lifecycle_lists[null-on_despawn] PASSED [ 29%]
tests/test_townlet/unit/effects/test_effects_dto.py::test_effect_definition_requires_explicit_nonnull_lifecycle_lists[null-on_interrupt] PASSED [ 29%]
tests/test_townlet/unit/effects/test_effects_dto.py::test_effect_definition_requires_reapply_policy PASSED [ 29%]
tests/test_townlet/unit/effects/test_effects_dto.py::test_effects_config_minimal PASSED [ 29%]
tests/test_townlet/unit/effects/test_effects_dto.py::test_effects_config_rejects_duplicate_ids PASSED [ 29%]
tests/test_townlet/unit/effects/test_effects_dto.py::test_effects_config_from_yaml PASSED [ 29%]
tests/test_townlet/unit/effects/test_execution_context.py::test_execution_context_bar_access PASSED [ 29%]
tests/test_townlet/unit/effects/test_execution_context.py::test_execution_context_vfs_access PASSED [ 29%]
tests/test_townlet/unit/effects/test_execution_context.py::test_execution_context_target_prefix PASSED [ 29%]
tests/test_townlet/unit/effects/test_execution_context.py::test_execution_context_set_path PASSED [ 29%]
tests/test_townlet/unit/effects/test_execution_context.py::test_execution_context_self_prefix_bar PASSED [ 29%]
tests/test_townlet/unit/effects/test_execution_context.py::test_execution_context_self_prefix_vfs PASSED [ 30%]
tests/test_townlet/unit/effects/test_execution_context.py::test_execution_context_affordance_available PASSED [ 30%]
tests/test_townlet/unit/effects/test_execution_context.py::test_execution_context_set_affordance_available PASSED [ 30%]
tests/test_townlet/unit/effects/test_execution_context.py::test_execution_context_target_vfs PASSED [ 30%]
tests/test_townlet/unit/effects/test_execution_context.py::test_execution_context_set_target_vfs PASSED [ 30%]
tests/test_townlet/unit/effects/test_execution_context.py::test_execution_context_target_index_not_set_raises PASSED [ 30%]
tests/test_townlet/unit/effects/test_execution_context.py::test_execution_context_self_index_not_set_raises PASSED [ 30%]
tests/test_townlet/unit/effects/test_execution_context.py::test_execution_context_bar_not_found_raises PASSED [ 30%]
tests/test_townlet/unit/effects/test_execution_context.py::test_execution_context_vfs_registry_not_set_raises PASSED [ 30%]
tests/test_townlet/unit/effects/test_execution_context.py::test_execution_context_invalid_path_raises PASSED [ 30%]
tests/test_townlet/unit/effects/test_execution_context.py::test_execution_context_copy PASSED [ 30%]
tests/test_townlet/unit/effects/test_executor_device_propagation.py::test_executor_propagates_device_for_literals PASSED [ 30%]
tests/test_townlet/unit/effects/test_float32_boundaries.py::test_require_float32_refuses_nonfinite_overflow_and_underflow[nan] PASSED [ 30%]
tests/test_townlet/unit/effects/test_float32_boundaries.py::test_require_float32_refuses_nonfinite_overflow_and_underflow[inf] PASSED [ 30%]
tests/test_townlet/unit/effects/test_float32_boundaries.py::test_require_float32_refuses_nonfinite_overflow_and_underflow[-inf] PASSED [ 30%]
tests/test_townlet/unit/effects/test_float32_boundaries.py::test_require_float32_refuses_nonfinite_overflow_and_underflow[1e+39] PASSED [ 30%]
tests/test_townlet/unit/effects/test_float32_boundaries.py::test_require_float32_refuses_nonfinite_overflow_and_underflow[-1e+39] PASSED [ 30%]
tests/test_townlet/unit/effects/test_float32_boundaries.py::test_require_float32_refuses_nonfinite_overflow_and_underflow[1e-50] PASSED [ 30%]
tests/test_townlet/unit/effects/test_float32_boundaries.py::test_require_float32_refuses_nonfinite_overflow_and_underflow[-1e-50] PASSED [ 30%]
tests/test_townlet/unit/effects/test_float32_boundaries.py::test_require_float32_returns_the_runtime_value PASSED [ 30%]
tests/test_townlet/unit/effects/test_float32_boundaries.py::test_affordance_costs_refuse_values_without_float32_runtime_meaning[cost-overflow] PASSED [ 30%]
tests/test_townlet/unit/effects/test_float32_boundaries.py::test_affordance_costs_refuse_values_without_float32_runtime_meaning[cost-underflow] PASSED [ 30%]
tests/test_townlet/unit/effects/test_float32_boundaries.py::test_affordance_costs_refuse_values_without_float32_runtime_meaning[per-tick-overflow] PASSED [ 30%]
tests/test_townlet/unit/effects/test_float32_boundaries.py::test_affordance_costs_refuse_values_without_float32_runtime_meaning[per-tick-underflow] PASSED [ 30%]
tests/test_townlet/unit/effects/test_float32_boundaries.py::test_direct_meter_write_refuses_values_without_float32_runtime_meaning[1e+39] PASSED [ 30%]
tests/test_townlet/unit/effects/test_float32_boundaries.py::test_direct_meter_write_refuses_values_without_float32_runtime_meaning[-1e+39] PASSED [ 30%]
tests/test_townlet/unit/effects/test_float32_boundaries.py::test_direct_meter_write_refuses_values_without_float32_runtime_meaning[1e-50] PASSED [ 30%]
tests/test_townlet/unit/effects/test_float32_boundaries.py::test_direct_meter_write_refuses_values_without_float32_runtime_meaning[-1e-50] PASSED [ 30%]
tests/test_townlet/unit/effects/test_float32_boundaries.py::test_spawn_intensity_refuses_values_without_float32_runtime_meaning[1e+39] PASSED [ 30%]
tests/test_townlet/unit/effects/test_float32_boundaries.py::test_spawn_intensity_refuses_values_without_float32_runtime_meaning[-1e+39] PASSED [ 30%]
tests/test_townlet/unit/effects/test_float32_boundaries.py::test_spawn_intensity_refuses_values_without_float32_runtime_meaning[1e-50] PASSED [ 30%]
tests/test_townlet/unit/effects/test_float32_boundaries.py::test_spawn_intensity_refuses_values_without_float32_runtime_meaning[-1e-50] PASSED [ 30%]
tests/test_townlet/unit/effects/test_float32_boundaries.py::test_active_effect_refuses_invalid_runtime_intensity PASSED [ 30%]
tests/test_townlet/unit/effects/test_float32_boundaries.py::test_effect_manager_stores_canonical_float32_intensity PASSED [ 30%]
tests/test_townlet/unit/effects/test_float32_boundaries.py::test_effect_manager_refuses_float32_merge_overflow_transactionally PASSED [ 30%]
tests/test_townlet/unit/effects/test_for_each.py::test_for_each_nearby_agents_with_modify PASSED [ 30%]
tests/test_townlet/unit/effects/test_for_each.py::test_for_each_all_agents PASSED [ 30%]
tests/test_townlet/unit/effects/test_for_each.py::test_for_each_unknown_collection_raises PASSED [ 30%]
tests/test_townlet/unit/effects/test_for_each.py::test_for_each_collection_expression_executes PASSED [ 30%]
tests/test_townlet/unit/effects/test_for_each.py::test_for_each_empty_collection_noop PASSED [ 30%]
tests/test_townlet/unit/effects/test_for_each.py::test_for_each_iteration_cap_raises PASSED [ 30%]
tests/test_townlet/unit/effects/test_for_each.py::test_for_each_inventory_items_skips_empty_and_uses_ints PASSED [ 30%]
tests/test_townlet/unit/effects/test_global_scope_resolution.py::test_effect_expression_reads_and_writes_global_tensor_whole PASSED [ 30%]
tests/test_townlet/unit/effects/test_global_scope_resolution.py::test_effect_expression_global_root_reads_global_tensor PASSED [ 31%]
tests/test_townlet/unit/effects/test_global_scope_resolution.py::test_target_vfs_write_to_global_raises PASSED [ 31%]
tests/test_townlet/unit/effects/test_global_scope_resolution.py::test_target_vfs_read_of_global_not_available PASSED [ 31%]
tests/test_townlet/unit/effects/test_global_scope_resolution.py::test_target_vfs_write_to_agent_var_still_works PASSED [ 31%]
tests/test_townlet/unit/effects/test_global_scope_resolution.py::test_effect_writes_enforce_writable_by[target.vfs.sealed] PASSED [ 31%]
tests/test_townlet/unit/effects/test_global_scope_resolution.py::test_effect_writes_enforce_writable_by[self.vfs.sealed] PASSED [ 31%]
tests/test_townlet/unit/effects/test_global_scope_resolution.py::test_effect_writes_enforce_writable_by[vfs.sealed] PASSED [ 31%]
tests/test_townlet/unit/effects/test_lifecycle_interrupt.py::test_on_interrupt_executes_when_replaced PASSED [ 31%]
tests/test_townlet/unit/effects/test_lifecycle_interrupt.py::test_on_interrupt_executes_on_merge PASSED [ 31%]
tests/test_townlet/unit/effects/test_lifecycle_interrupt.py::test_on_interrupt_executes_on_manual_cancel PASSED [ 31%]
tests/test_townlet/unit/effects/test_lifecycle_interrupt.py::test_on_interrupt_not_called_for_other_policies PASSED [ 31%]
tests/test_townlet/unit/effects/test_lifecycle_interrupt.py::test_on_interrupt_skips_on_despawn PASSED [ 31%]
tests/test_townlet/unit/effects/test_lifecycle_interrupt.py::test_interrupt_reason_set_in_context PASSED [ 31%]
tests/test_townlet/unit/effects/test_lifecycle_interrupt.py::test_on_interrupt_with_multiple_commands PASSED [ 31%]
tests/test_townlet/unit/effects/test_parallel_compiler.py::test_parallel_allows_disjoint_writes PASSED [ 31%]
tests/test_townlet/unit/effects/test_parallel_compiler.py::test_parallel_rejects_conflicting_writes PASSED [ 31%]
tests/test_townlet/unit/effects/test_reapply_policies.py::test_renew_policy_resets_duration PASSED [ 31%]
tests/test_townlet/unit/effects/test_reapply_policies.py::test_merge_policy_adds_intensity PASSED [ 31%]
tests/test_townlet/unit/effects/test_reapply_policies.py::test_merge_policy_rejects_float32_overflow_transactionally PASSED [ 31%]
tests/test_townlet/unit/effects/test_reapply_policies.py::test_replace_policy_despawns_old PASSED [ 31%]
tests/test_townlet/unit/effects/test_reduce_executor.py::test_reduce_sum_static_list PASSED [ 31%]
tests/test_townlet/unit/effects/test_reduce_executor.py::test_reduce_rejects_collection_type PASSED [ 31%]
tests/test_townlet/unit/effects/test_reduce_executor.py::test_reduce_type_mismatch_body PASSED [ 31%]
tests/test_townlet/unit/effects/test_reference_types_runtime.py::test_agent_ref_traversal_reads_target_bar_and_vfs PASSED [ 31%]
tests/test_townlet/unit/effects/test_reference_types_runtime.py::test_item_ref_traversal_reads_item_vfs PASSED [ 31%]
tests/test_townlet/unit/effects/test_reference_types_runtime.py::test_invalid_reference_index_raises PASSED [ 31%]
tests/test_townlet/unit/effects/test_reference_types_runtime.py::test_target_vfs_reads_and_sets_target_agent PASSED [ 31%]
tests/test_townlet/unit/effects/test_reference_types_runtime.py::test_target_reference_traversal_uses_target_index PASSED [ 31%]
tests/test_townlet/unit/effects/test_reference_types_runtime.py::test_target_reference_write_updates_target_slot PASSED [ 31%]
tests/test_townlet/unit/effects/test_sample_command.py::test_sample_uniform_compiles_and_executes_deterministically PASSED [ 31%]
tests/test_townlet/unit/effects/test_sample_command.py::test_sample_bernoulli_respects_probability PASSED [ 31%]
tests/test_townlet/unit/effects/test_sample_command.py::test_sample_categorical_returns_int_indices PASSED [ 31%]
tests/test_townlet/unit/effects/test_sample_command.py::test_sample_missing_param_rejected PASSED [ 31%]
tests/test_townlet/unit/effects/test_scheduler.py::test_schedule_and_drain_due PASSED [ 31%]
tests/test_townlet/unit/effects/test_scheduler.py::test_advance_drains_future_tick PASSED [ 31%]
tests/test_townlet/unit/effects/test_scheduler.py::test_schedule_respects_max_delay PASSED [ 31%]
tests/test_townlet/unit/effects/test_scheduler.py::test_schedule_disabled_time PASSED [ 31%]
tests/test_townlet/unit/effects/test_scheduler.py::test_schedule_caps_total_items PASSED [ 31%]
tests/test_townlet/unit/effects/test_scheduler.py::test_cancel_by_scope_entity PASSED [ 31%]
tests/test_townlet/unit/effects/test_spawn_effect.py::test_spawn_effect_definition_scope_is_runtime_authority[global-global_effects-None] PASSED [ 31%]
tests/test_townlet/unit/effects/test_spawn_effect.py::test_spawn_effect_definition_scope_is_runtime_authority[agent-agent_effects-0] PASSED [ 31%]
tests/test_townlet/unit/effects/test_spawn_effect.py::test_spawn_effect_definition_scope_is_runtime_authority[item-item_effects-0] PASSED [ 31%]
tests/test_townlet/unit/effects/test_spawn_effect.py::test_spawn_effect_definition_scope_is_runtime_authority[affordance-affordance_effects-0] PASSED [ 32%]
tests/test_townlet/unit/effects/test_spawn_effect.py::test_spawn_effect_with_self_target PASSED [ 32%]
tests/test_townlet/unit/effects/test_spawn_effect.py::test_spawn_effect_with_target PASSED [ 32%]
tests/test_townlet/unit/effects/test_spawn_effect.py::test_spawn_effect_cascade_depth_limit PASSED [ 32%]
tests/test_townlet/unit/effects/test_spawn_effect.py::test_spawn_effect_passes_spawn_depth_unchanged PASSED [ 32%]
tests/test_townlet/unit/effects/test_spawn_effect.py::test_spawn_effect_uses_catalog_duration PASSED [ 32%]
tests/test_townlet/unit/effects/test_spawn_effect.py::test_spawn_effect_pipeline_requires_explicit_target_and_intensity PASSED [ 32%]
tests/test_townlet/unit/effects/test_spawn_effect.py::test_spawn_effect_evaluates_target_expression_when_not_literal PASSED [ 32%]
tests/test_townlet/unit/effects/test_spawn_item_position_resolution.py::test_spawn_item_resolves_self_position PASSED [ 32%]
tests/test_townlet/unit/effects/test_spawn_item_position_resolution.py::test_spawn_item_resolves_target_position PASSED [ 32%]
tests/test_townlet/unit/effects/test_spawn_item_position_resolution.py::test_spawn_item_with_explicit_position PASSED [ 32%]
tests/test_townlet/unit/effects/test_spawn_item_position_resolution.py::test_spawn_item_with_initial_state PASSED [ 32%]
tests/test_townlet/unit/effects/test_spawn_item_position_resolution.py::test_spawn_item_random_fails_when_blocked PASSED [ 32%]
tests/test_townlet/unit/effects/test_static_command_access.py::test_constructed_parallel_denial_preserves_earlier_target PASSED [ 32%]
tests/test_townlet/unit/effects/test_static_command_access.py::test_constructed_for_each_denial_precedes_first_bar_mutation PASSED [ 32%]
tests/test_townlet/unit/effects/test_static_command_access.py::test_denied_sample_does_not_advance_random_generator PASSED [ 32%]
tests/test_townlet/unit/effects/test_static_command_access.py::test_bare_dotted_registry_id_is_an_exact_target[writers0] PASSED [ 32%]
tests/test_townlet/unit/effects/test_static_command_access.py::test_bare_dotted_registry_id_is_an_exact_target[writers1] PASSED [ 32%]
tests/test_townlet/unit/effects/test_switch_executor.py::test_switch_executes_matching_case PASSED [ 32%]
tests/test_townlet/unit/effects/test_switch_executor.py::test_switch_executes_default_when_no_match PASSED [ 32%]
tests/test_townlet/unit/environment/test_action_config_extension.py::TestActionConfigReadsField::test_action_config_with_reads PASSED [ 32%]
tests/test_townlet/unit/environment/test_action_config_extension.py::TestActionConfigReadsField::test_action_config_with_empty_reads PASSED [ 32%]
tests/test_townlet/unit/environment/test_action_config_extension.py::TestActionConfigReadsField::test_action_config_with_single_read PASSED [ 32%]
tests/test_townlet/unit/environment/test_action_config_extension.py::TestActionConfigWritesField::test_action_config_with_writes PASSED [ 32%]
tests/test_townlet/unit/environment/test_action_config_extension.py::TestActionConfigWritesField::test_action_config_with_multiple_writes PASSED [ 32%]
tests/test_townlet/unit/environment/test_action_config_extension.py::TestActionConfigWritesField::test_action_config_with_empty_writes PASSED [ 32%]
tests/test_townlet/unit/environment/test_action_config_extension.py::TestActionConfigSerialization::test_action_config_serialization_with_reads_writes PASSED [ 32%]
tests/test_townlet/unit/environment/test_action_config_extension.py::TestActionConfigSerialization::test_action_config_serialization_empty_reads_writes PASSED [ 32%]
tests/test_townlet/unit/environment/test_action_config_extension.py::TestActionConfigSerialization::test_action_config_serialization_omitted_reads_writes PASSED [ 32%]
tests/test_townlet/unit/environment/test_action_config_extension.py::TestActionConfigValidation::test_action_config_reads_must_be_list PASSED [ 32%]
tests/test_townlet/unit/environment/test_action_config_extension.py::TestActionConfigValidation::test_action_config_writes_must_be_list PASSED [ 32%]
tests/test_townlet/unit/environment/test_action_labels.py::TestCanonicalAction::test_canonical_action_indices PASSED [ 32%]
tests/test_townlet/unit/environment/test_action_labels.py::TestPresetLabels::test_all_presets_exist PASSED [ 32%]
tests/test_townlet/unit/environment/test_action_labels.py::TestPresetLabels::test_gaming_preset PASSED [ 32%]
tests/test_townlet/unit/environment/test_action_labels.py::TestPresetLabels::test_6dof_preset PASSED [ 32%]
tests/test_townlet/unit/environment/test_action_labels.py::TestPresetLabels::test_cardinal_preset PASSED [ 32%]
tests/test_townlet/unit/environment/test_action_labels.py::TestPresetLabels::test_math_preset PASSED [ 32%]
tests/test_townlet/unit/environment/test_action_labels.py::TestActionLabelsDataclass::test_action_labels_immutable PASSED [ 32%]
tests/test_townlet/unit/environment/test_action_labels.py::TestActionLabelsDataclass::test_get_label PASSED [ 32%]
tests/test_townlet/unit/environment/test_action_labels.py::TestActionLabelsDataclass::test_get_label_invalid_index PASSED [ 32%]
tests/test_townlet/unit/environment/test_action_labels.py::TestActionLabelsDataclass::test_get_all_labels PASSED [ 32%]
tests/test_townlet/unit/environment/test_action_labels.py::TestActionLabelsDataclass::test_get_action_count PASSED [ 32%]
tests/test_townlet/unit/environment/test_action_labels.py::TestGetLabelsFunction::test_get_labels_with_preset_2d PASSED [ 32%]
tests/test_townlet/unit/environment/test_action_labels.py::TestGetLabelsFunction::test_get_labels_with_preset_3d PASSED [ 33%]
tests/test_townlet/unit/environment/test_action_labels.py::TestGetLabelsFunction::test_get_labels_with_preset_1d PASSED [ 33%]
tests/test_townlet/unit/environment/test_action_labels.py::TestGetLabelsFunction::test_get_labels_with_preset_aspatial PASSED [ 33%]
tests/test_townlet/unit/environment/test_action_labels.py::TestGetLabelsFunction::test_get_labels_with_custom_labels PASSED [ 33%]
tests/test_townlet/unit/environment/test_action_labels.py::TestGetLabelsFunction::test_get_labels_unknown_preset PASSED [ 33%]
tests/test_townlet/unit/environment/test_action_labels.py::TestGetLabelsFunction::test_get_labels_no_preset_or_custom PASSED [ 33%]
tests/test_townlet/unit/environment/test_action_labels.py::TestDimensionalityFiltering::test_filtering_aspatial PASSED [ 33%]
tests/test_townlet/unit/environment/test_action_labels.py::TestDimensionalityFiltering::test_filtering_1d PASSED [ 33%]
tests/test_townlet/unit/environment/test_action_labels.py::TestDimensionalityFiltering::test_filtering_2d PASSED [ 33%]
tests/test_townlet/unit/environment/test_action_labels.py::TestDimensionalityFiltering::test_filtering_3d PASSED [ 33%]
tests/test_townlet/unit/environment/test_action_labels.py::TestActionLabels4D::test_action_labels_4d_math_preset PASSED [ 33%]
tests/test_townlet/unit/environment/test_action_labels.py::TestActionLabels4D::test_action_labels_4d_gaming_preset PASSED [ 33%]
tests/test_townlet/unit/environment/test_action_labels.py::TestActionLabels4D::test_action_labels_4d_custom PASSED [ 33%]
tests/test_townlet/unit/environment/test_action_labels.py::TestActionLabels4D::test_action_labels_4d_partial_custom PASSED [ 33%]
tests/test_townlet/unit/environment/test_action_labels.py::TestActionLabels7D::test_action_labels_7d_math_preset PASSED [ 33%]
tests/test_townlet/unit/environment/test_action_labels.py::TestActionLabels7D::test_action_labels_7d_gaming_preset PASSED [ 33%]
tests/test_townlet/unit/environment/test_action_labels.py::TestActionLabelsEdgeCases::test_action_labels_10d_edge_case PASSED [ 33%]
tests/test_townlet/unit/environment/test_action_labels.py::TestActionLabelsEdgeCases::test_action_labels_5d_custom PASSED [ 33%]
tests/test_townlet/unit/environment/test_action_labels.py::TestActionLabelsEdgeCases::test_all_presets_support_nd[gaming] PASSED [ 33%]
tests/test_townlet/unit/environment/test_action_labels.py::TestActionLabelsEdgeCases::test_all_presets_support_nd[6dof] PASSED [ 33%]
tests/test_townlet/unit/environment/test_action_labels.py::TestActionLabelsEdgeCases::test_all_presets_support_nd[cardinal] PASSED [ 33%]
tests/test_townlet/unit/environment/test_action_labels.py::TestActionLabelsEdgeCases::test_all_presets_support_nd[math] PASSED [ 33%]
tests/test_townlet/unit/environment/test_action_labels.py::TestActionLabelsBackwardCompatibility::test_2d_substrate_still_works PASSED [ 33%]
tests/test_townlet/unit/environment/test_action_labels.py::TestActionLabelsBackwardCompatibility::test_3d_substrate_still_works PASSED [ 33%]
tests/test_townlet/unit/environment/test_action_masking.py::TestBoundaryMasking::test_up_masked_at_top_edge PASSED [ 33%]
tests/test_townlet/unit/environment/test_action_masking.py::TestBoundaryMasking::test_down_masked_at_bottom_edge PASSED [ 33%]
tests/test_townlet/unit/environment/test_action_masking.py::TestBoundaryMasking::test_left_masked_at_left_edge PASSED [ 33%]
tests/test_townlet/unit/environment/test_action_masking.py::TestBoundaryMasking::test_right_masked_at_right_edge PASSED [ 33%]
tests/test_townlet/unit/environment/test_action_masking.py::TestBoundaryMasking::test_corner_masks_two_directions PASSED [ 33%]
tests/test_townlet/unit/environment/test_action_masking.py::TestBoundaryMasking::test_all_movements_available_in_center PASSED [ 33%]
tests/test_townlet/unit/environment/test_action_masking.py::TestBoundaryMasking::test_movement_clamped_at_boundaries PASSED [ 33%]
tests/test_townlet/unit/environment/test_action_masking.py::TestInteractMasking::test_interact_masked_when_not_on_affordance PASSED [ 33%]
tests/test_townlet/unit/environment/test_action_masking.py::TestInteractMasking::test_interact_available_on_bed PASSED [ 33%]
tests/test_townlet/unit/environment/test_action_masking.py::TestInteractMasking::test_interact_available_on_hospital_when_broke PASSED [ 33%]
tests/test_townlet/unit/environment/test_action_masking.py::TestInteractMasking::test_interact_available_on_job PASSED [ 33%]
tests/test_townlet/unit/environment/test_action_masking.py::TestInteractMasking::test_interact_available_on_all_affordance_types PASSED [ 33%]
tests/test_townlet/unit/environment/test_action_masking.py::TestInteractMasking::test_multiple_agents_independent_masking PASSED [ 33%]
tests/test_townlet/unit/environment/test_action_masking.py::TestInteractMasking::test_movement_actions_unaffected_by_affordance PASSED [ 33%]
tests/test_townlet/unit/environment/test_action_masking.py::TestTimeBasedMasking::test_job_closed_outside_business_hours PASSED [ 33%]
tests/test_townlet/unit/environment/test_action_masking.py::TestTimeBasedMasking::test_bar_open_after_6pm PASSED [ 33%]
tests/test_townlet/unit/environment/test_action_masking.py::TestTimeBasedMasking::test_bar_wraparound_midnight PASSED [ 33%]
tests/test_townlet/unit/environment/test_action_masking.py::TestTimeBasedMasking::test_bed_available_24_7 PASSED [ 33%]
tests/test_townlet/unit/environment/test_action_masking.py::TestTimeBasedMasking::test_movement_unaffected_by_time PASSED [ 33%]
tests/test_townlet/unit/environment/test_action_masking.py::TestPostTerminalMasking::test_all_actions_masked_after_health_death PASSED [ 34%]
tests/test_townlet/unit/environment/test_action_masking.py::TestPostTerminalMasking::test_all_actions_masked_after_energy_death PASSED [ 34%]
tests/test_townlet/unit/environment/test_action_masking.py::TestPostTerminalMasking::test_near_death_not_masked PASSED [ 34%]
tests/test_townlet/unit/environment/test_action_masking.py::TestPostTerminalMasking::test_masking_persists_after_step PASSED [ 34%]
tests/test_townlet/unit/environment/test_action_masking.py::TestPostTerminalMasking::test_multiple_dead_agents_all_masked PASSED [ 34%]
tests/test_townlet/unit/environment/test_action_masking.py::TestPostTerminalMasking::test_dead_agent_masked_with_temporal_mechanics PASSED [ 34%]
tests/test_townlet/unit/environment/test_action_masking.py::TestWaitAction::test_wait_always_available_for_alive_agents PASSED [ 34%]
tests/test_townlet/unit/environment/test_action_masking.py::TestWaitAction::test_wait_masked_for_dead_agents PASSED [ 34%]
tests/test_townlet/unit/environment/test_action_masking.py::TestWaitAction::test_wait_action_no_movement PASSED [ 34%]
tests/test_townlet/unit/environment/test_action_masking.py::TestActionMaskingIntegration::test_dead_agent_at_boundary PASSED [ 34%]
tests/test_townlet/unit/environment/test_action_masking.py::TestActionMaskingIntegration::test_alive_agent_on_closed_affordance PASSED [ 34%]
tests/test_townlet/unit/environment/test_action_masking.py::TestActionMaskingIntegration::test_alive_agent_on_open_affordable_affordance PASSED [ 34%]
tests/test_townlet/unit/environment/test_action_masking.py::TestActionMaskingIntegration::test_mask_shape_consistency PASSED [ 34%]
tests/test_townlet/unit/environment/test_action_masking.py::TestActionMaskingIntegration::test_at_least_one_action_always_available_for_alive PASSED [ 34%]
tests/test_townlet/unit/environment/test_action_masking.py::TestActionMaskingIntegration::test_multi_agent_independent_masking PASSED [ 34%]
tests/test_townlet/unit/environment/test_action_masking.py::TestActionMaskingIntegration::test_affordability_doesnt_affect_masking PASSED [ 34%]
tests/test_townlet/unit/environment/test_action_masking.py::TestActionMaskBuilderDelegation::test_builder_type_annotations_resolve_to_real_symbols PASSED [ 34%]
tests/test_townlet/unit/environment/test_action_masking.py::TestActionMaskBuilderDelegation::test_env_owns_action_mask_builder PASSED [ 34%]
tests/test_townlet/unit/environment/test_action_masking.py::TestActionMaskBuilderDelegation::test_get_action_masks_matches_builder_output PASSED [ 34%]
tests/test_townlet/unit/environment/test_action_masking.py::TestActionMaskBuilderDelegation::test_builder_is_pure_under_repeated_calls PASSED [ 34%]
tests/test_townlet/unit/environment/test_action_space.py::TestActionSpaceDynamicSizing::test_env_respects_grid2d_action_space PASSED [ 34%]
tests/test_townlet/unit/environment/test_action_space.py::TestActionSpaceDynamicSizing::test_env_respects_grid3d_action_space PASSED [ 34%]
tests/test_townlet/unit/environment/test_action_space.py::TestActionSpaceDynamicSizing::test_env_respects_continuous_action_spaces PASSED [ 34%]
tests/test_townlet/unit/environment/test_action_space.py::TestActionSpaceDynamicSizing::test_env_respects_aspatial_action_space PASSED [ 34%]
tests/test_townlet/unit/environment/test_action_space.py::TestEnvironmentActionSpace::test_env_action_dim_matches_compiled_metadata[grid2d] PASSED [ 34%]
tests/test_townlet/unit/environment/test_action_space.py::TestEnvironmentActionSpace::test_env_action_dim_matches_compiled_metadata[aspatial] PASSED [ 34%]
tests/test_townlet/unit/environment/test_action_space.py::TestEnvironmentActionSpace::test_env_action_dim_matches_compiled_metadata[continuous1d] PASSED [ 34%]
tests/test_townlet/unit/environment/test_affordance_engine.py::TestAffordanceQueries::test_engine_refuses_noncanonical_affordance_shapes PASSED [ 34%]
tests/test_townlet/unit/environment/test_affordance_engine.py::TestAffordanceQueries::test_get_num_affordances PASSED [ 34%]
tests/test_townlet/unit/environment/test_affordance_engine.py::TestAffordanceQueries::test_get_affordance_action_map PASSED [ 34%]
tests/test_townlet/unit/environment/test_affordance_engine.py::TestAffordabilityChecking::test_can_afford_single_cost PASSED [ 34%]
tests/test_townlet/unit/environment/test_affordance_engine.py::TestAffordabilityChecking::test_can_afford_multiple_costs PASSED [ 34%]
tests/test_townlet/unit/environment/test_affordance_engine.py::TestAffordabilityChecking::test_can_afford_all_agents_can_afford PASSED [ 34%]
tests/test_townlet/unit/environment/test_affordance_engine.py::TestAffordabilityChecking::test_can_afford_mixed_affordability PASSED [ 34%]
tests/test_townlet/unit/environment/test_affordance_engine.py::TestCostQueries::test_get_duration_ticks_instant PASSED [ 34%]
tests/test_townlet/unit/environment/test_affordance_engine.py::TestCostQueries::test_get_duration_ticks_multi_tick PASSED [ 34%]
tests/test_townlet/unit/environment/test_affordance_engine.py::TestCostQueries::test_get_duration_ticks_invalid_affordance PASSED [ 34%]
tests/test_townlet/unit/environment/test_affordance_engine.py::TestDictCostAffordances::test_apply_instant_interaction_handles_dict_costs PASSED [ 34%]
tests/test_townlet/unit/environment/test_affordance_engine.py::TestDictCostAffordances::test_apply_instant_interaction_refuses_an_agent_that_cannot_pay PASSED [ 34%]
tests/test_townlet/unit/environment/test_affordance_engine.py::TestDictCostAffordances::test_can_afford_with_dict_costs PASSED [ 34%]
tests/test_townlet/unit/environment/test_affordance_engine.py::TestDictCostAffordances::test_apply_vtc_multi_tick_effects_with_dict_costs_per_tick PASSED [ 34%]
tests/test_townlet/unit/environment/test_affordance_engine.py::test_affordance_engine_executes_effects_commands PASSED [ 34%]
tests/test_townlet/unit/environment/test_affordance_engine.py::test_vtc_multi_tick_effects_apply_completion_commands_only_for_completion_mask PASSED [ 35%]
tests/test_townlet/unit/environment/test_affordance_engine.py::test_affordance_effects_apply_modulation_multiplier PASSED [ 35%]
tests/test_townlet/unit/environment/test_affordance_engine.py::test_affordance_effects_apply_vtc_modulation_multiplier PASSED [ 35%]
tests/test_townlet/unit/environment/test_affordance_engine.py::test_get_meter_idx_validation_raises_on_unknown_meter PASSED [ 35%]
tests/test_townlet/unit/environment/test_affordances.py::TestOpeningHours::test_work_and_entertainment_hours PASSED [ 35%]
tests/test_townlet/unit/environment/test_affordances.py::TestMultiTickVsInstant::test_bed_multi_tick_matches_instant_total PASSED [ 35%]
tests/test_townlet/unit/environment/test_checkpoint_validation.py::TestCheckpointValidation::test_checkpoint_rejected_missing_position_dim PASSED [ 35%]
tests/test_townlet/unit/environment/test_checkpoint_validation.py::TestCheckpointValidation::test_checkpoint_position_dim_mismatch_rejected PASSED [ 35%]
tests/test_townlet/unit/environment/test_checkpoint_validation.py::TestCheckpointValidation::test_checkpoint_loads_with_correct_position_dim PASSED [ 35%]
tests/test_townlet/unit/environment/test_checkpoint_validation.py::TestActionLabelLoading::test_custom_action_labels_from_config PASSED [ 35%]
tests/test_townlet/unit/environment/test_checkpoint_validation.py::TestActionLabelLoading::test_default_action_labels_when_no_config PASSED [ 35%]
tests/test_townlet/unit/environment/test_checkpoint_validation.py::TestAffordancePositionSerialization::test_aspatial_affordance_positions_empty_list PASSED [ 35%]
tests/test_townlet/unit/environment/test_compiled_effects_usage.py::test_env_uses_compiled_effect_catalog PASSED [ 35%]
tests/test_townlet/unit/environment/test_compiled_effects_usage.py::test_env_fails_if_effects_required_but_not_compiled PASSED [ 35%]
tests/test_townlet/unit/environment/test_dac_engine.py::TestDACEngineInit::test_dac_engine_initializes PASSED [ 35%]
tests/test_townlet/unit/environment/test_dac_engine.py::TestDACEngineInit::test_get_bar_index_missing_bar_raises PASSED [ 35%]
tests/test_townlet/unit/environment/test_dac_engine.py::TestModifierCompilation::test_compile_bar_modifier PASSED [ 35%]
tests/test_townlet/unit/environment/test_dac_engine.py::TestModifierCompilation::test_evaluate_bar_modifier_crisis_range PASSED [ 35%]
tests/test_townlet/unit/environment/test_dac_engine.py::TestModifierCompilation::test_evaluate_bar_modifier_normal_range PASSED [ 35%]
tests/test_townlet/unit/environment/test_dac_engine.py::TestModifierCompilation::test_compile_vfs_variable_modifier PASSED [ 35%]
tests/test_townlet/unit/environment/test_dac_engine.py::TestModifierCompilation::test_vfs_modifier_missing_variable_raises_with_context PASSED [ 35%]
tests/test_townlet/unit/environment/test_dac_engine.py::TestExtrinsicStrategies::test_multiplicative_strategy PASSED [ 35%]
tests/test_townlet/unit/environment/test_dac_engine.py::TestExtrinsicStrategies::test_multiplicative_multiple_bars PASSED [ 35%]
tests/test_townlet/unit/environment/test_dac_engine.py::TestExtrinsicStrategies::test_constant_base_with_shaped_bonus PASSED [ 35%]
tests/test_townlet/unit/environment/test_dac_engine.py::TestExtrinsicStrategies::test_constant_base_multiple_bonuses PASSED [ 35%]
tests/test_townlet/unit/environment/test_dac_engine.py::TestExtrinsicStrategies::test_additive_unweighted_strategy PASSED [ 35%]
tests/test_townlet/unit/environment/test_dac_engine.py::TestExtrinsicStrategies::test_weighted_sum_strategy PASSED [ 35%]
tests/test_townlet/unit/environment/test_dac_engine.py::TestExtrinsicStrategies::test_polynomial_strategy PASSED [ 35%]
tests/test_townlet/unit/environment/test_dac_engine.py::TestExtrinsicStrategies::test_all_strategies_handle_dead_agents PASSED [ 35%]
tests/test_townlet/unit/environment/test_dac_engine.py::TestExtrinsicStrategies::test_threshold_based_strategy PASSED [ 35%]
tests/test_townlet/unit/environment/test_dac_engine.py::TestExtrinsicStrategies::test_aggregation_min_strategy PASSED [ 35%]
tests/test_townlet/unit/environment/test_dac_engine.py::TestExtrinsicStrategies::test_vfs_variable_strategy PASSED [ 35%]
tests/test_townlet/unit/environment/test_dac_engine.py::TestExtrinsicStrategies::test_hybrid_strategy PASSED [ 35%]
tests/test_townlet/unit/environment/test_dac_engine.py::TestShapingBonuses::test_approach_reward_bonus PASSED [ 35%]
tests/test_townlet/unit/environment/test_dac_engine.py::TestShapingBonuses::test_completion_bonus PASSED [ 35%]
tests/test_townlet/unit/environment/test_dac_engine.py::TestShapingBonuses::test_efficiency_bonus PASSED [ 35%]
tests/test_townlet/unit/environment/test_dac_engine.py::TestShapingBonuses::test_state_achievement_bonus PASSED [ 35%]
tests/test_townlet/unit/environment/test_dac_engine.py::TestShapingBonuses::test_streak_bonus PASSED [ 35%]
tests/test_townlet/unit/environment/test_dac_engine.py::TestShapingBonuses::test_diversity_bonus PASSED [ 35%]
tests/test_townlet/unit/environment/test_dac_engine.py::TestShapingBonuses::test_timing_bonus PASSED [ 35%]
tests/test_townlet/unit/environment/test_dac_engine.py::TestShapingBonuses::test_economic_efficiency PASSED [ 35%]
tests/test_townlet/unit/environment/test_dac_engine.py::TestShapingBonuses::test_balance_bonus PASSED [ 35%]
tests/test_townlet/unit/environment/test_dac_engine.py::TestShapingBonuses::test_crisis_avoidance PASSED [ 35%]
tests/test_townlet/unit/environment/test_dac_engine.py::TestShapingBonuses::test_vfs_variable_bonus PASSED [ 36%]
tests/test_townlet/unit/environment/test_dac_engine.py::TestShapingBonusEdgeCases::test_approach_reward_missing_affordance PASSED [ 36%]
tests/test_townlet/unit/environment/test_dac_engine.py::TestShapingBonusEdgeCases::test_completion_bonus_missing_kwarg PASSED [ 36%]
tests/test_townlet/unit/environment/test_dac_engine.py::TestShapingBonusEdgeCases::test_efficiency_bonus_missing_kwarg PASSED [ 36%]
tests/test_townlet/unit/environment/test_dac_engine.py::TestShapingBonusEdgeCases::test_state_achievement_missing_kwarg PASSED [ 36%]
tests/test_townlet/unit/environment/test_dac_engine.py::TestShapingBonusEdgeCases::test_streak_bonus_missing_kwarg PASSED [ 36%]
tests/test_townlet/unit/environment/test_dac_engine.py::TestShapingBonusEdgeCases::test_streak_bonus_affordance_not_found PASSED [ 36%]
tests/test_townlet/unit/environment/test_dac_engine.py::TestShapingBonusEdgeCases::test_diversity_bonus_missing_kwarg PASSED [ 36%]
tests/test_townlet/unit/environment/test_dac_engine.py::TestShapingBonusEdgeCases::test_timing_bonus_missing_kwargs PASSED [ 36%]
tests/test_townlet/unit/environment/test_dac_engine.py::TestShapingBonusEdgeCases::test_economic_efficiency_missing_kwarg PASSED [ 36%]
tests/test_townlet/unit/environment/test_dac_engine.py::TestShapingBonusEdgeCases::test_balance_bonus_missing_kwarg PASSED [ 36%]
tests/test_townlet/unit/environment/test_dac_engine.py::TestShapingBonusEdgeCases::test_crisis_avoidance_missing_kwarg PASSED [ 36%]
tests/test_townlet/unit/environment/test_dac_engine.py::TestShapingBonusEdgeCases::test_vfs_variable_missing_variable PASSED [ 36%]
tests/test_townlet/unit/environment/test_dac_engine.py::TestCalculateRewards::test_calculate_rewards_composition PASSED [ 36%]
tests/test_townlet/unit/environment/test_dac_engine.py::TestCalculateRewards::test_calculate_rewards_all_components PASSED [ 36%]
tests/test_townlet/unit/environment/test_dac_engine.py::TestCalculateRewards::test_components_includes_intrinsic_raw PASSED [ 36%]
tests/test_townlet/unit/environment/test_dac_engine.py::TestCalculateRewards::test_calculate_rewards_no_intrinsic PASSED [ 36%]
tests/test_townlet/unit/environment/test_dac_engine.py::TestCalculateRewards::test_calculate_rewards_kwargs_propagation PASSED [ 36%]
tests/test_townlet/unit/environment/test_dac_engine.py::TestDACEngineBugFixes::test_dead_agents_receive_zero_rewards PASSED [ 36%]
tests/test_townlet/unit/environment/test_dac_engine.py::TestDACEngineBugFixes::test_intrinsic_base_weight_applied PASSED [ 36%]
tests/test_townlet/unit/environment/test_dac_engine.py::TestDACEngineBugFixes::test_intrinsic_apply_modifiers_honored PASSED [ 36%]
tests/test_townlet/unit/environment/test_dac_engine.py::TestDACEngineBugFixes::test_extrinsic_apply_modifiers_honored PASSED [ 36%]
tests/test_townlet/unit/environment/test_dac_engine.py::TestDeviceMismatch::test_meters_device_mismatch_raises PASSED [ 36%]
tests/test_townlet/unit/environment/test_dac_engine.py::TestDeviceMismatch::test_device_mismatch_error_message_includes_context PASSED [ 36%]
tests/test_townlet/unit/environment/test_engine_dynamic_sizing.py::TestVectorizedEnvDynamicSizing::test_4meter_meters_tensor_size PASSED [ 36%]
tests/test_townlet/unit/environment/test_engine_dynamic_sizing.py::TestVectorizedEnvDynamicSizing::test_12meter_meters_tensor_size PASSED [ 36%]
tests/test_townlet/unit/environment/test_engine_dynamic_sizing.py::TestVectorizedEnvDynamicSizing::test_4meter_observation_dim_full_obs PASSED [ 36%]
tests/test_townlet/unit/environment/test_engine_dynamic_sizing.py::TestVectorizedEnvDynamicSizing::test_12meter_observation_dim_full_obs PASSED [ 36%]
tests/test_townlet/unit/environment/test_engine_tick_runtime.py::test_tick_counts_steps_and_resets PASSED [ 36%]
tests/test_townlet/unit/environment/test_engine_tick_runtime.py::test_tick_matches_value_seen_within_step PASSED [ 36%]
tests/test_townlet/unit/environment/test_engine_tick_runtime.py::test_tick_is_engine_writable_only PASSED [ 36%]
tests/test_townlet/unit/environment/test_gridnd_action_support.py::TestGridNDActions::test_interact_mask_uses_nd_index PASSED [ 36%]
tests/test_townlet/unit/environment/test_gridnd_action_support.py::TestGridNDActions::test_execute_actions_supports_high_dim_movements PASSED [ 36%]
tests/test_townlet/unit/environment/test_item_delay_tick.py::test_item_delay_uses_current_tick PASSED [ 36%]
tests/test_townlet/unit/environment/test_meters.py::TestBaseDepletion::test_base_depletion_rates PASSED [ 36%]
tests/test_townlet/unit/environment/test_meters.py::TestBaseDepletion::test_clamping_at_zero PASSED [ 36%]
tests/test_townlet/unit/environment/test_meters.py::TestBaseDepletion::test_step_uses_vtc_passive_depletion_not_meter_dynamics PASSED [ 36%]
tests/test_townlet/unit/environment/test_meters.py::TestCascadeEffects::test_low_satiation_affects_both_primaries PASSED [ 36%]
tests/test_townlet/unit/environment/test_meters.py::TestCascadeEffects::test_low_mood_affects_energy PASSED [ 36%]
tests/test_townlet/unit/environment/test_meters.py::TestCascadeEffects::test_high_satiation_no_penalty PASSED [ 36%]
tests/test_townlet/unit/environment/test_meters.py::TestCascadeEffects::test_step_applies_threshold_cascades_through_vtc_rules PASSED [ 36%]
tests/test_townlet/unit/environment/test_meters.py::TestTerminalConditions::test_health_zero_death PASSED [ 36%]
tests/test_townlet/unit/environment/test_meters.py::TestTerminalConditions::test_energy_zero_death PASSED [ 36%]
tests/test_townlet/unit/environment/test_meters.py::TestTerminalConditions::test_both_primaries_above_zero_alive PASSED [ 37%]
tests/test_townlet/unit/environment/test_meters.py::TestMeterClamping::test_no_negative_values_after_depletion PASSED [ 37%]
tests/test_townlet/unit/environment/test_meters.py::TestMeterClamping::test_no_overflow_above_one PASSED [ 37%]
tests/test_townlet/unit/environment/test_meters.py::TestMultiAgentMeters::test_multi_agent_selective_death PASSED [ 37%]
tests/test_townlet/unit/environment/test_meters.py::TestMultiAgentMeters::test_agents_have_independent_meters PASSED [ 37%]
tests/test_townlet/unit/environment/test_meters.py::TestCascadeIntegration::test_full_cascade_sequence PASSED [ 37%]
tests/test_townlet/unit/environment/test_movement_deltas.py::TestMovementDeltasFromActionConfig::test_movement_deltas_from_action_config_grid2d PASSED [ 37%]
tests/test_townlet/unit/environment/test_movement_deltas.py::TestMovementDeltasFromActionConfig::test_all_movement_deltas_match_action_config PASSED [ 37%]
tests/test_townlet/unit/environment/test_movement_deltas.py::TestMovementDeltasFromActionConfig::test_non_movement_actions_have_zero_deltas PASSED [ 37%]
tests/test_townlet/unit/environment/test_movement_mask_bug.py::test_aspatial_interact_should_not_pay_movement_cost PASSED [ 37%]
tests/test_townlet/unit/environment/test_movement_mask_bug.py::test_aspatial_wait_should_not_pay_movement_cost PASSED [ 37%]
tests/test_townlet/unit/environment/test_movement_mask_bug.py::test_1d_interact_should_not_pay_movement_cost PASSED [ 37%]
tests/test_townlet/unit/environment/test_movement_mask_bug.py::test_1d_wait_should_not_pay_movement_cost PASSED [ 37%]
tests/test_townlet/unit/environment/test_movement_mask_bug.py::test_aspatial_hygiene_satiation_only_pay_base_depletion PASSED [ 37%]
tests/test_townlet/unit/environment/test_movement_mask_bug.py::test_1d_movement_should_pay_movement_cost PASSED [ 37%]
tests/test_townlet/unit/environment/test_movement_mask_bug.py::test_3d_interact_should_not_pay_movement_cost PASSED [ 37%]
tests/test_townlet/unit/environment/test_movement_mask_bug.py::test_3d_wait_should_not_pay_movement_cost PASSED [ 37%]
tests/test_townlet/unit/environment/test_movement_mask_bug.py::test_3d_vertical_movement_should_pay_movement_cost PASSED [ 37%]
tests/test_townlet/unit/environment/test_profile_evaluation_liveness.py::test_global_expression_advances_under_mark_and_sweep_default PASSED [ 37%]
tests/test_townlet/unit/environment/test_profile_evaluation_liveness.py::test_static_survives_engine_write_unclobbered PASSED [ 37%]
tests/test_townlet/unit/environment/test_profile_evaluation_liveness.py::test_static_dependency_of_marked_expression_is_not_clobbered_by_write_back PASSED [ 37%]
tests/test_townlet/unit/environment/test_profile_evaluation_liveness.py::test_agent_expression_evaluates_per_agent PASSED [ 37%]
tests/test_townlet/unit/environment/test_profile_evaluation_liveness.py::test_agent_static_is_never_clobbered PASSED [ 37%]
tests/test_townlet/unit/environment/test_profile_evaluation_liveness.py::test_agent_static_dependency_of_marked_expression_is_not_clobbered_by_write_back PASSED [ 37%]
tests/test_townlet/unit/environment/test_profile_evaluation_liveness.py::test_agent_expression_wrong_shape_raises_naming_variable_and_shapes PASSED [ 37%]
tests/test_townlet/unit/environment/test_profile_evaluation_liveness.py::test_eager_mode_static_survives_engine_write_unclobbered PASSED [ 37%]
tests/test_townlet/unit/environment/test_reward_calculator.py::test_reward_calculator_routes_reward_phase_through_vtc_program PASSED [ 37%]
tests/test_townlet/unit/environment/test_temporal_pipeline.py::test_no_independent_time_of_day_increment_remains PASSED [ 37%]
tests/test_townlet/unit/environment/test_temporal_pipeline.py::test_time_of_day_equals_tick_mod_day_length_on_temporal_pack PASSED [ 37%]
tests/test_townlet/unit/environment/test_temporal_pipeline.py::test_time_of_day_is_zero_without_temporal_mechanics PASSED [ 37%]
tests/test_townlet/unit/environment/test_token_binding_scope.py::test_global_dotted_reference_does_not_become_item_state PASSED [ 37%]
tests/test_townlet/unit/environment/test_token_binding_scope.py::test_item_scope_requires_a_known_profile_instead_of_falling_into_registry PASSED [ 37%]
tests/test_townlet/unit/environment/test_token_binding_scope.py::test_item_scope_emits_owner_slot_and_declared_normalization PASSED [ 37%]
tests/test_townlet/unit/environment/test_token_binding_scope.py::test_variable_binding_requires_non_null_scope PASSED [ 37%]
tests/test_townlet/unit/environment/test_token_binding_scope.py::test_binding_refuses_unknown_scope PASSED [ 37%]
tests/test_townlet/unit/environment/test_token_binding_scope.py::test_non_variable_binding_requires_null_scope PASSED [ 37%]
tests/test_townlet/unit/environment/test_token_binding_scope.py::test_scope_is_semantic_identity_without_changing_layout PASSED [ 37%]
tests/test_townlet/unit/environment/test_token_binding_scope.py::test_scope_roundtrip_and_missing_scope_refusal PASSED [ 37%]
tests/test_townlet/unit/environment/test_token_partial_observability.py::test_gridnd_4d_partial_observability_is_supported PASSED [ 37%]
tests/test_townlet/unit/environment/test_token_publishers.py::TestHelpers::test_element_coordinate_block_is_not_reexported_by_publishers PASSED [ 37%]
tests/test_townlet/unit/environment/test_token_publishers.py::TestHelpers::test_parse_filler_ref PASSED [ 37%]
tests/test_townlet/unit/environment/test_token_publishers.py::TestHelpers::test_element_coordinate_block_scalar_is_rank_zero PASSED [ 37%]
tests/test_townlet/unit/environment/test_token_publishers.py::TestHelpers::test_element_coordinate_block_matrix PASSED [ 38%]
tests/test_townlet/unit/environment/test_token_publishers.py::TestHelpers::test_bind_dynamic_slots_overflow_names_type_capacity_source PASSED [ 38%]
tests/test_townlet/unit/environment/test_token_publishers.py::TestHelpers::test_bind_dynamic_slots_duplicate_refuses PASSED [ 38%]
tests/test_townlet/unit/environment/test_token_publishers.py::TestHelpers::test_bind_dynamic_slots_out_of_range_refuses PASSED [ 38%]
tests/test_townlet/unit/environment/test_token_publishers.py::TestCompiledValueNormalizer::test_minmax_and_binary_and_cyclical_batched PASSED [ 38%]
tests/test_townlet/unit/environment/test_token_publishers.py::TestCompiledValueNormalizer::test_clamps_out_of_range PASSED [ 38%]
tests/test_townlet/unit/environment/test_token_publishers.py::TestCompiledValueNormalizer::test_refused_kind_refuses_at_construction PASSED [ 38%]
tests/test_townlet/unit/environment/test_token_publishers.py::TestSelfTokenPublisher::test_position_and_velocity_wiring PASSED [ 38%]
tests/test_townlet/unit/environment/test_token_publishers.py::TestSelfTokenPublisher::test_missing_positions_refuses PASSED [ 38%]
tests/test_townlet/unit/environment/test_token_publishers.py::test_rank_zero_publishers_have_no_position_lane_or_context_requirement PASSED [ 38%]
tests/test_townlet/unit/environment/test_token_publishers.py::TestMeterTokenPublisher::test_declare_then_that_row_moves PASSED [ 38%]
tests/test_townlet/unit/environment/test_token_publishers.py::TestMeterTokenPublisher::test_zero_value_is_present_not_absent PASSED [ 38%]
tests/test_townlet/unit/environment/test_token_publishers.py::TestMeterTokenPublisher::test_identity_uses_binding_refs_and_fixed_payload_uses_slot_contexts PASSED [ 38%]
tests/test_townlet/unit/environment/test_token_publishers.py::TestMeterTokenPublisher::test_unbound_meter_refuses_at_construction PASSED [ 38%]
tests/test_townlet/unit/environment/test_token_publishers.py::TestMeterTokenPublisher::test_duplicate_meter_declaration_refuses_before_dictionary_collapse PASSED [ 38%]
tests/test_townlet/unit/environment/test_token_publishers.py::TestMeterTokenPublisher::test_meter_declaration_count_must_equal_compiled_capacity PASSED [ 38%]
tests/test_townlet/unit/environment/test_token_publishers.py::TestMeterTokenPublisher::test_declared_range_type_drives_both_value_lanes_and_identity PASSED [ 38%]
tests/test_townlet/unit/environment/test_token_publishers.py::TestMeterTokenPublisher::test_non_finite_live_meter_value_refuses_before_mutating_rows[nan-0-minmax] PASSED [ 38%]
tests/test_townlet/unit/environment/test_token_publishers.py::TestMeterTokenPublisher::test_non_finite_live_meter_value_refuses_before_mutating_rows[nan-1-log_scaled] PASSED [ 38%]
tests/test_townlet/unit/environment/test_token_publishers.py::TestMeterTokenPublisher::test_non_finite_live_meter_value_refuses_before_mutating_rows[nan-2-cyclical_sin_cos] PASSED [ 38%]
tests/test_townlet/unit/environment/test_token_publishers.py::TestMeterTokenPublisher::test_non_finite_live_meter_value_refuses_before_mutating_rows[nan-3-binary] PASSED [ 38%]
tests/test_townlet/unit/environment/test_token_publishers.py::TestMeterTokenPublisher::test_non_finite_live_meter_value_refuses_before_mutating_rows[positive_inf-0-minmax] PASSED [ 38%]
tests/test_townlet/unit/environment/test_token_publishers.py::TestMeterTokenPublisher::test_non_finite_live_meter_value_refuses_before_mutating_rows[positive_inf-1-log_scaled] PASSED [ 38%]
tests/test_townlet/unit/environment/test_token_publishers.py::TestMeterTokenPublisher::test_non_finite_live_meter_value_refuses_before_mutating_rows[positive_inf-2-cyclical_sin_cos] PASSED [ 38%]
tests/test_townlet/unit/environment/test_token_publishers.py::TestMeterTokenPublisher::test_non_finite_live_meter_value_refuses_before_mutating_rows[positive_inf-3-binary] PASSED [ 38%]
tests/test_townlet/unit/environment/test_token_publishers.py::TestMeterTokenPublisher::test_non_finite_live_meter_value_refuses_before_mutating_rows[negative_inf-0-minmax] PASSED [ 38%]
tests/test_townlet/unit/environment/test_token_publishers.py::TestMeterTokenPublisher::test_non_finite_live_meter_value_refuses_before_mutating_rows[negative_inf-1-log_scaled] PASSED [ 38%]
tests/test_townlet/unit/environment/test_token_publishers.py::TestMeterTokenPublisher::test_non_finite_live_meter_value_refuses_before_mutating_rows[negative_inf-2-cyclical_sin_cos] PASSED [ 38%]
tests/test_townlet/unit/environment/test_token_publishers.py::TestMeterTokenPublisher::test_non_finite_live_meter_value_refuses_before_mutating_rows[negative_inf-3-binary] PASSED [ 38%]
tests/test_townlet/unit/environment/test_token_publishers.py::TestMeterTokenPublisher::test_cyclical_factor_that_would_be_non_finite_refuses_at_declaration PASSED [ 38%]
tests/test_townlet/unit/environment/test_token_publishers.py::TestMeterTokenPublisher::test_encoder_builds_meter_publisher_from_compiled_level_declarations PASSED [ 38%]
tests/test_townlet/unit/environment/test_token_publishers.py::TestAffordanceTokenPublisher::test_full_observability_publishes_both_with_identity PASSED [ 38%]
tests/test_townlet/unit/environment/test_token_publishers.py::TestAffordanceTokenPublisher::test_egocentric_moves_with_the_agent PASSED [ 38%]
tests/test_townlet/unit/environment/test_token_publishers.py::TestAffordanceTokenPublisher::test_visibility_zeroes_presence_and_payload PASSED [ 38%]
tests/test_townlet/unit/environment/test_token_publishers.py::TestAffordanceTokenPublisher::test_visibility_is_per_agent PASSED [ 38%]
tests/test_townlet/unit/environment/test_token_publishers.py::TestAffordanceTokenPublisher::test_wrap_egocentric_shortest_path PASSED [ 38%]
tests/test_townlet/unit/environment/test_token_publishers.py::TestAffordanceTokenPublisher::test_wrong_shaped_position_matrix_refuses PASSED [ 38%]
tests/test_townlet/unit/environment/test_token_publishers.py::TestAffordanceTokenPublisher::test_an_undeployed_declaration_is_absent_for_every_observer PASSED [ 38%]
tests/test_townlet/unit/environment/test_token_publishers.py::TestAgentTokenPublisher::test_capacity_zero_is_a_noop_and_never_keys_on_batch_size PASSED [ 38%]
tests/test_townlet/unit/environment/test_token_publishers.py::TestAgentTokenPublisher::test_synthetic_shared_world_slots_fill PASSED [ 38%]
tests/test_townlet/unit/environment/test_token_publishers.py::TestAgentTokenPublisher::test_overflow_raises PASSED [ 38%]
tests/test_townlet/unit/environment/test_token_publishers.py::TestItemTokenPublisher::test_dynamic_presence_toggles_and_payload_fills PASSED [ 38%]
tests/test_townlet/unit/environment/test_token_publishers.py::TestItemTokenPublisher::test_carried_item_is_on_self_with_owner_coordinates PASSED [ 38%]
tests/test_townlet/unit/environment/test_token_publishers.py::TestItemTokenPublisher::test_overflow_at_capacity_plus_one PASSED [ 39%]
tests/test_townlet/unit/environment/test_token_publishers.py::TestEffectTokenPublisher::test_constructor_has_no_declarations_authority PASSED [ 39%]
tests/test_townlet/unit/environment/test_token_publishers.py::TestEffectTokenPublisher::test_exact_static_payload_comes_from_compiled_catalog_context PASSED [ 39%]
tests/test_townlet/unit/environment/test_token_publishers.py::TestEffectTokenPublisher::test_declared_identity_and_remaining_fraction PASSED [ 39%]
tests/test_townlet/unit/environment/test_token_publishers.py::TestEffectTokenPublisher::test_remaining_fraction_refuses_one_dimensional_broadcast_across_worlds PASSED [ 39%]
tests/test_townlet/unit/environment/test_token_publishers.py::TestEffectTokenPublisher::test_active_refuses_one_dimensional_broadcast_across_worlds PASSED [ 39%]
tests/test_townlet/unit/environment/test_token_publishers.py::TestEffectTokenPublisher::test_remaining_fraction_refuses_nonfinite_values[nan] PASSED [ 39%]
tests/test_townlet/unit/environment/test_token_publishers.py::TestEffectTokenPublisher::test_remaining_fraction_refuses_nonfinite_values[positive-infinity] PASSED [ 39%]
tests/test_townlet/unit/environment/test_token_publishers.py::TestEffectTokenPublisher::test_remaining_fraction_refuses_nonfinite_values[negative-infinity] PASSED [ 39%]
tests/test_townlet/unit/environment/test_token_publishers.py::TestEffectTokenPublisher::test_remaining_fraction_requires_a_floating_tensor PASSED [ 39%]
tests/test_townlet/unit/environment/test_token_publishers.py::TestEffectTokenPublisher::test_remaining_fraction_preserves_distinct_per_world_values PASSED [ 39%]
tests/test_townlet/unit/environment/test_token_publishers.py::TestEffectTokenPublisher::test_overflow_names_source PASSED [ 39%]
tests/test_townlet/unit/environment/test_token_publishers.py::TestEffectTokenPublisher::test_command_intensity_changes_dynamic_effect_observation PASSED [ 39%]
tests/test_townlet/unit/environment/test_token_publishers.py::TestRegistryVariableElementPublisher::test_scope_mismatch_refuses_instead_of_using_the_registry_scope PASSED [ 39%]
tests/test_townlet/unit/environment/test_token_publishers.py::TestRegistryVariableElementPublisher::test_constructor_identity_authority_is_schema_slot_indices PASSED [ 39%]
tests/test_townlet/unit/environment/test_token_publishers.py::TestRegistryVariableElementPublisher::test_subset_resolves_filler_identity_from_schema_binding PASSED [ 39%]
tests/test_townlet/unit/environment/test_token_publishers.py::TestRegistryVariableElementPublisher::test_slot_indices_are_strictly_validated[slot_indices0-integer] PASSED [ 39%]
tests/test_townlet/unit/environment/test_token_publishers.py::TestRegistryVariableElementPublisher::test_slot_indices_are_strictly_validated[slot_indices1-out of range] PASSED [ 39%]
tests/test_townlet/unit/environment/test_token_publishers.py::TestRegistryVariableElementPublisher::test_slot_indices_are_strictly_validated[slot_indices2-duplicate] PASSED [ 39%]
tests/test_townlet/unit/environment/test_token_publishers.py::TestRegistryVariableElementPublisher::test_slot_indices_are_strictly_validated[slot_indices3-compiled order] PASSED [ 39%]
tests/test_townlet/unit/environment/test_token_publishers.py::TestRegistryVariableElementPublisher::test_declare_then_that_row_moves_batched_from_the_arena PASSED [ 39%]
tests/test_townlet/unit/environment/test_token_publishers.py::TestRegistryVariableElementPublisher::test_presence_and_descriptor_and_coords PASSED [ 39%]
tests/test_townlet/unit/environment/test_token_publishers.py::TestRegistryVariableElementPublisher::test_fixed_coordinates_and_descriptor_come_from_positional_slot_context PASSED [ 39%]
tests/test_townlet/unit/environment/test_token_publishers.py::TestRegistryVariableElementPublisher::test_cyclical_fills_both_lanes_of_one_token PASSED [ 39%]
tests/test_townlet/unit/environment/test_token_publishers.py::TestRegistryVariableElementPublisher::test_agent_private_binding_refused_before_slot_binding PASSED [ 39%]
tests/test_townlet/unit/environment/test_token_publishers.py::TestRegistryVariableElementPublisher::test_agent_private_never_lands_in_any_agents_rows PASSED [ 39%]
tests/test_townlet/unit/environment/test_token_publishers.py::TestRegistryVariableElementPublisher::test_item_scope_ref_routed_away_loudly PASSED [ 39%]
tests/test_townlet/unit/environment/test_token_publishers.py::TestRegistryVariableElementPublisher::test_missing_slot_context_refuses PASSED [ 39%]
tests/test_townlet/unit/environment/test_token_publishers.py::TestItemArenaVariableElementPublisher::test_non_item_scope_refuses_before_reading_an_item_profile PASSED [ 39%]
tests/test_townlet/unit/environment/test_token_publishers.py::TestItemArenaVariableElementPublisher::test_live_owner_slot_publishes_normalized_state PASSED [ 39%]
tests/test_townlet/unit/environment/test_token_publishers.py::TestItemArenaVariableElementPublisher::test_no_live_items_means_all_absent PASSED [ 39%]
tests/test_townlet/unit/environment/test_token_publishers.py::TestItemArenaVariableElementPublisher::test_descriptor_comes_from_positional_slot_context PASSED [ 39%]
tests/test_townlet/unit/environment/test_token_publishers.py::TestItemArenaVariableElementPublisher::test_reads_gather_never_hold_views PASSED [ 39%]
tests/test_townlet/unit/environment/test_token_publishers.py::TestItemArenaVariableElementPublisher::test_unknown_profile_refuses PASSED [ 39%]
tests/test_townlet/unit/environment/test_token_publishers.py::TestItemArenaVariableElementPublisher::test_occupant_from_a_different_profile_reads_absent_not_the_declared_profiles_column PASSED [ 39%]
tests/test_townlet/unit/environment/test_token_publishers.py::TestTokenObservationEncoder::test_mixed_scope_publication_survives_token_artifact_roundtrip PASSED [ 39%]
tests/test_townlet/unit/environment/test_token_publishers.py::TestTokenObservationEncoder::test_layout_matches_spec_serialization PASSED [ 39%]
tests/test_townlet/unit/environment/test_token_publishers.py::TestTokenObservationEncoder::test_capacity_without_publisher_refuses PASSED [ 39%]
tests/test_townlet/unit/environment/test_token_publishers.py::TestTokenObservationEncoder::test_unknown_publisher_type_refuses PASSED [ 39%]
tests/test_townlet/unit/environment/test_token_publishers.py::TestTokenObservationEncoder::test_overlapping_variable_element_slot_claims_refuse PASSED [ 39%]
tests/test_townlet/unit/environment/test_token_publishers.py::TestTokenObservationEncoder::test_replay_aliasing_two_ticks_never_share_storage PASSED [ 39%]
tests/test_townlet/unit/environment/test_token_publishers.py::TestTokenObservationEncoder::test_end_to_end_agent_private_never_lands PASSED [ 39%]
tests/test_townlet/unit/environment/test_token_publishers.py::test_registry_publisher_refuses_hidden_constructed_bindings_before_gather_plan[readers0-PermissionError] PASSED [ 39%]
tests/test_townlet/unit/environment/test_token_publishers.py::test_registry_publisher_refuses_hidden_constructed_bindings_before_gather_plan[readers1-ValueError] PASSED [ 40%]
tests/test_townlet/unit/environment/test_token_publishers.py::test_registry_publisher_and_getter_share_snapshot_after_dto_policy_mutation PASSED [ 40%]
tests/test_townlet/unit/environment/test_token_publishers.py::test_item_publisher_refuses_hidden_qualified_binding[readers0-PermissionError] PASSED [ 40%]
tests/test_townlet/unit/environment/test_token_publishers.py::test_item_publisher_refuses_hidden_qualified_binding[readers1-ValueError] PASSED [ 40%]
tests/test_townlet/unit/environment/test_token_publishers.py::test_item_publisher_and_getter_share_snapshot_after_profile_policy_mutation PASSED [ 40%]
tests/test_townlet/unit/environment/test_token_publishers.py::test_token_binding_derivation_refuses_mutated_exposure_policy[False] PASSED [ 40%]
tests/test_townlet/unit/environment/test_token_publishers.py::test_token_binding_derivation_refuses_mutated_exposure_policy[True] PASSED [ 40%]
tests/test_townlet/unit/environment/test_token_publishers.py::test_item_slot_partition_does_not_reinterpret_mutated_exposure_lists PASSED [ 40%]
tests/test_townlet/unit/environment/test_vectorized_env.py::test_build_bar_index_map PASSED [ 40%]
tests/test_townlet/unit/environment/test_vectorized_env.py::TestResolveDeployableAffordances::test_supports_enabled_ids_and_names PASSED [ 40%]
tests/test_townlet/unit/environment/test_vectorized_env.py::TestVectorizedHamletEnvInitialization::test_init_requires_stratum_declaration PASSED [ 40%]
tests/test_townlet/unit/environment/test_vectorized_env.py::TestVectorizedHamletEnvInitialization::test_init_raises_if_config_pack_not_found PASSED [ 40%]
tests/test_townlet/unit/environment/test_vectorized_env.py::TestVectorizedHamletEnvInitialization::test_env_defaults_to_test_config_pack PASSED [ 40%]
tests/test_townlet/unit/environment/test_vectorized_env.py::TestVectorizedHamletEnvInitialization::test_init_creates_substrate_from_config PASSED [ 40%]
tests/test_townlet/unit/environment/test_vectorized_env.py::TestVectorizedHamletEnvInitialization::test_init_loads_affordances_from_config PASSED [ 40%]
tests/test_townlet/unit/environment/test_vectorized_env.py::TestVectorizedHamletEnvInitialization::test_init_initializes_state_tensors PASSED [ 40%]
tests/test_townlet/unit/environment/test_vectorized_env.py::TestVectorizedHamletEnvInitialization::test_init_sets_device_correctly PASSED [ 40%]
tests/test_townlet/unit/environment/test_vectorized_env.py::TestVectorizedHamletEnvReset::test_reset_returns_observations PASSED [ 40%]
tests/test_townlet/unit/environment/test_vectorized_env.py::TestVectorizedHamletEnvReset::test_reset_initializes_meters_from_config PASSED [ 40%]
tests/test_townlet/unit/environment/test_vectorized_env.py::TestVectorizedHamletEnvReset::test_reset_clears_dones_flag PASSED [ 40%]
tests/test_townlet/unit/environment/test_vectorized_env.py::TestVectorizedHamletEnvReset::test_reset_initializes_step_counts PASSED [ 40%]
tests/test_townlet/unit/environment/test_vectorized_env.py::TestVectorizedHamletEnvReset::test_reset_randomizes_agent_positions PASSED [ 40%]
tests/test_townlet/unit/environment/test_vectorized_env.py::TestVectorizedHamletEnvReset::test_reset_temporal_mechanics_initializes_time PASSED [ 40%]
tests/test_townlet/unit/environment/test_vectorized_env.py::TestBuildMovementDeltas::test_build_movement_deltas_creates_tensor PASSED [ 40%]
tests/test_townlet/unit/environment/test_vectorized_env.py::TestBuildMovementDeltas::test_build_movement_deltas_correct_values_grid2d PASSED [ 40%]
tests/test_townlet/unit/environment/test_vectorized_env.py::TestVectorizedHamletEnvStep::test_step_returns_correct_types PASSED [ 40%]
tests/test_townlet/unit/environment/test_vectorized_env.py::TestVectorizedHamletEnvStep::test_step_returns_correct_shapes PASSED [ 40%]
tests/test_townlet/unit/environment/test_vectorized_env.py::TestVectorizedHamletEnvStep::test_step_increments_step_counts PASSED [ 40%]
tests/test_townlet/unit/environment/test_vectorized_env.py::TestVectorizedHamletEnvStep::test_step_depletes_meters PASSED [ 40%]
tests/test_townlet/unit/environment/test_vectorized_env.py::TestVectorizedHamletEnvStep::test_step_executes_vtc_action_writes PASSED [ 40%]
tests/test_townlet/unit/environment/test_vectorized_env.py::TestVectorizedHamletEnvStep::test_vtc_action_effects_apply_all_curriculum_levels PASSED [ 40%]
tests/test_townlet/unit/environment/test_vectorized_env.py::TestVectorizedHamletEnvStep::test_step_increments_time_of_day PASSED [ 40%]
tests/test_townlet/unit/environment/test_vectorized_env.py::TestVectorizedHamletEnvStep::test_step_retirement_bonus PASSED [ 40%]
tests/test_townlet/unit/environment/test_vectorized_env.py::TestVectorizedHamletEnvStep::test_step_info_contains_metadata PASSED [ 40%]
tests/test_townlet/unit/environment/test_vectorized_env.py::TestVectorizedHamletEnvStep::test_step_info_contains_reward_components PASSED [ 40%]
tests/test_townlet/unit/environment/test_vectorized_env.py::TestVectorizedHamletEnvStep::test_step_threads_vfs_affordance_and_temporal_context PASSED [ 40%]
tests/test_townlet/unit/environment/test_vectorized_env.py::TestVFSWriteBackLoudness::test_commit_vtc_transition_state_raises_on_unknown_id PASSED [ 40%]
tests/test_townlet/unit/environment/test_vectorized_env.py::TestVFSWriteBackLoudness::test_global_profile_write_back_raises_on_unknown_id PASSED [ 40%]
tests/test_townlet/unit/environment/test_vectorized_env.py::TestVFSWriteBackLoudness::test_agent_profile_write_back_raises_on_unknown_id PASSED [ 40%]
tests/test_townlet/unit/environment/test_vectorized_env.py::TestVectorizedHamletEnvGoldenTick::test_env_owns_extracted_runtime_components PASSED [ 40%]
tests/test_townlet/unit/environment/test_vectorized_env.py::TestVectorizedHamletEnvGoldenTick::test_golden_tick_delegates_through_components PASSED [ 40%]
tests/test_townlet/unit/environment/test_vectorized_env.py::TestVectorizedHamletEnvGoldenTick::test_get_action_masks_flows_through_builder PASSED [ 40%]
tests/test_townlet/unit/environment/test_vectorized_env.py::TestExecuteActions::test_execute_actions_movement PASSED [ 41%]
tests/test_townlet/unit/environment/test_vectorized_env.py::TestExecuteActions::test_execute_actions_wait_preserves_position PASSED [ 41%]
tests/test_townlet/unit/environment/test_vectorized_env.py::TestExecuteActions::test_execute_actions_interact_preserves_position PASSED [ 41%]
tests/test_townlet/unit/environment/test_vectorized_env.py::TestExecuteActions::test_execute_actions_returns_interaction_dict PASSED [ 41%]
tests/test_townlet/unit/environment/test_vectorized_env.py::TestGetActionMasks::test_get_action_masks_returns_tensor PASSED [ 41%]
tests/test_townlet/unit/environment/test_vectorized_env.py::TestGetActionMasks::test_get_action_masks_correct_shape PASSED [ 41%]
tests/test_townlet/unit/environment/test_vectorized_env.py::TestGetActionMasks::test_get_action_masks_some_actions_available PASSED [ 41%]
tests/test_townlet/unit/environment/test_vectorized_env.py::TestGetActionMasks::test_get_action_masks_temporal_mechanics_masks_closed_affordances SKIPPED [ 41%]
tests/test_townlet/unit/environment/test_vectorized_env.py::TestGetActionMasks::test_get_action_masks_respect_training_enabled_actions PASSED [ 41%]
tests/test_townlet/unit/environment/test_vectorized_env.py::TestHandleInteractions::test_handle_interactions_legacy_when_temporal_disabled PASSED [ 41%]
tests/test_townlet/unit/environment/test_vectorized_env.py::TestHandleInteractions::test_handle_interactions_multi_tick_when_temporal_enabled PASSED [ 41%]
tests/test_townlet/unit/environment/test_vectorized_env.py::TestHandleInteractions::test_handle_interactions_advances_multi_tick_progress_via_vtc PASSED [ 41%]
tests/test_townlet/unit/environment/test_vectorized_env.py::TestHandleInteractions::test_handle_interactions_returns_empty_when_no_interact PASSED [ 41%]
tests/test_townlet/unit/environment/test_vectorized_env.py::TestCalculateShapedRewards::test_calculate_shaped_rewards_returns_tensor PASSED [ 41%]
tests/test_townlet/unit/environment/test_vectorized_env.py::TestCalculateShapedRewards::test_calculate_shaped_rewards_uses_meter_values PASSED [ 41%]
tests/test_townlet/unit/environment/test_vectorized_env.py::TestCalculateShapedRewards::test_calculate_shaped_rewards_returns_finite_values PASSED [ 41%]
tests/test_townlet/unit/environment/test_vectorized_env.py::TestCustomActionExecution::test_execute_actions_does_not_apply_legacy_runtime_costs_or_effects PASSED [ 41%]
tests/test_townlet/unit/environment/test_vectorized_env.py::TestCustomActionExecution::test_action_id_lookup_returns_int_or_none PASSED [ 41%]
tests/test_townlet/unit/environment/test_vectorized_env.py::TestGetAffordancePositions::test_get_affordance_positions_returns_dict PASSED [ 41%]
tests/test_townlet/unit/environment/test_vectorized_env.py::TestGetAffordancePositions::test_get_affordance_positions_has_correct_position_dim PASSED [ 41%]
tests/test_townlet/unit/environment/test_vectorized_env.py::TestGetAffordancePositions::test_get_affordance_positions_includes_all_affordances PASSED [ 41%]
tests/test_townlet/unit/environment/test_vectorized_env.py::TestGetAffordancePositions::test_get_affordance_positions_converts_to_lists PASSED [ 41%]
tests/test_townlet/unit/environment/test_vectorized_env.py::TestGetAffordancePositions::test_get_affordance_positions_uses_exact_deployed_subset PASSED [ 41%]
tests/test_townlet/unit/environment/test_vectorized_env.py::TestGetAffordancePositions::test_get_affordance_positions_preserves_continuous_coordinates PASSED [ 41%]
tests/test_townlet/unit/environment/test_vectorized_env.py::TestSetAffordancePositions::test_set_affordance_positions_updates_affordances PASSED [ 41%]
tests/test_townlet/unit/environment/test_vectorized_env.py::TestSetAffordancePositions::test_set_affordance_positions_validates_position_dim PASSED [ 41%]
tests/test_townlet/unit/environment/test_vectorized_env.py::TestSetAffordancePositions::test_validate_affordance_positions_requires_exact_layout_keys PASSED [ 41%]
tests/test_townlet/unit/environment/test_vectorized_env.py::TestSetAffordancePositions::test_validate_affordance_positions_requires_exact_affordance_identity PASSED [ 41%]
tests/test_townlet/unit/environment/test_vectorized_env.py::TestSetAffordancePositions::test_validate_affordance_positions_rejects_malformed_coordinates[position0-coordinate sequence] PASSED [ 41%]
tests/test_townlet/unit/environment/test_vectorized_env.py::TestSetAffordancePositions::test_validate_affordance_positions_rejects_malformed_coordinates[position1-numeric] PASSED [ 41%]
tests/test_townlet/unit/environment/test_vectorized_env.py::TestSetAffordancePositions::test_validate_affordance_positions_rejects_malformed_coordinates[position2-numeric] PASSED [ 41%]
tests/test_townlet/unit/environment/test_vectorized_env.py::TestSetAffordancePositions::test_validate_affordance_positions_rejects_malformed_coordinates[position3-integer-compatible] PASSED [ 41%]
tests/test_townlet/unit/environment/test_vectorized_env.py::TestSetAffordancePositions::test_validate_affordance_positions_rejects_malformed_coordinates[position4-bounds] PASSED [ 41%]
tests/test_townlet/unit/environment/test_vectorized_env.py::TestSetAffordancePositions::test_validate_affordance_positions_rejects_malformed_coordinates[position5-bounds] PASSED [ 41%]
tests/test_townlet/unit/environment/test_vectorized_env.py::TestSetAffordancePositions::test_bad_late_position_causes_zero_state_mutation PASSED [ 41%]
tests/test_townlet/unit/environment/test_vectorized_env.py::TestRandomizeAffordancePositions::test_randomize_affordance_positions_changes_positions PASSED [ 41%]
tests/test_townlet/unit/environment/test_vectorized_env.py::TestRandomizeAffordancePositions::test_randomize_affordance_positions_maintains_affordance_count PASSED [ 41%]
tests/test_townlet/unit/environment/test_vectorized_env.py::TestRandomizeAffordancePositions::test_randomize_affordance_positions_stays_in_bounds PASSED [ 41%]
tests/test_townlet/unit/environment/test_vectorized_env.py::TestRandomizeAffordancePositions::test_static_affordance_positions_respected_when_randomization_disabled PASSED [ 41%]
tests/test_townlet/unit/environment/test_vectorized_env_level_metadata.py::test_level_action_metadata_respected PASSED [ 41%]
tests/test_townlet/unit/environment/test_vectorized_env_level_metadata.py::test_affordance_gate_program_uses_selected_level_order PASSED [ 41%]
tests/test_townlet/unit/environment/test_vectorized_env_level_metadata.py::test_selected_non_primary_level_carries_its_own_meter_runtime_declarations PASSED [ 41%]
tests/test_townlet/unit/environment/test_vectorized_env_level_metadata.py::test_dac_bar_indices_come_from_selected_non_primary_level PASSED [ 41%]
tests/test_townlet/unit/environment/test_vectorized_env_level_metadata.py::test_environment_metadata_matches_selected_non_primary_level PASSED [ 42%]
tests/test_townlet/unit/environment/test_vectorized_env_level_metadata.py::test_token_set_population_builds_from_selected_non_primary_level PASSED [ 42%]
tests/test_townlet/unit/environment/test_vectorized_env_runtime.py::test_vectorized_env_avoids_runtime_yaml_reads[configs/default_curriculum/levels/L0_0_minimal] PASSED [ 42%]
tests/test_townlet/unit/environment/test_vectorized_env_runtime.py::test_vectorized_env_uses_compiled_vfs_variables_without_profile_synthesis PASSED [ 42%]
tests/test_townlet/unit/environment/test_vectorized_env_runtime.py::test_vectorized_env_uses_compiled_effects_schema PASSED [ 42%]
tests/test_townlet/unit/environment/test_vectorized_env_runtime.py::test_vectorized_env_passes_compiled_effects_schema_to_item_manager PASSED [ 42%]
tests/test_townlet/unit/environment/test_vectorized_env_runtime.py::test_vectorized_env_uses_compiled_runtime_action_space_without_substrate_rebuild PASSED [ 42%]
tests/test_townlet/unit/environment/test_vfs_integration.py::TestVariableMeterVFSIntegration::test_4meter_universe_metadata_matches_env PASSED [ 42%]
tests/test_townlet/unit/environment/test_vfs_integration.py::TestVariableMeterVFSIntegration::test_12meter_universe_metadata_matches_env PASSED [ 42%]
tests/test_townlet/unit/environment/test_vfs_integration.py::TestVariableMeterVFSIntegration::test_obs_dim_increases_when_meter_count_increases PASSED [ 42%]
tests/test_townlet/unit/environment/test_vfs_integration.py::test_meter_affordance_mismatch_fails_fast PASSED [ 42%]
tests/test_townlet/unit/environment/test_vfs_type_validation.py::TestNormalizeVfsType::test_normalizes_int_to_scalar PASSED [ 42%]
tests/test_townlet/unit/environment/test_vfs_type_validation.py::TestNormalizeVfsType::test_normalizes_float_to_scalar PASSED [ 42%]
tests/test_townlet/unit/environment/test_vfs_type_validation.py::TestNormalizeVfsType::test_preserves_scalar PASSED [ 42%]
tests/test_townlet/unit/environment/test_vfs_type_validation.py::TestNormalizeVfsType::test_preserves_bool PASSED [ 42%]
tests/test_townlet/unit/environment/test_vfs_type_validation.py::TestNormalizeVfsType::test_preserves_tensor_types PASSED [ 42%]
tests/test_townlet/unit/environment/test_vfs_type_validation.py::TestNormalizeVfsType::test_preserves_reference_types PASSED [ 42%]
tests/test_townlet/unit/environment/test_vfs_type_validation.py::TestNormalizeVfsType::test_rejects_invalid_type_with_clear_error PASSED [ 42%]
tests/test_townlet/unit/environment/test_vfs_type_validation.py::TestNormalizeVfsType::test_rejects_unknown_type PASSED [ 42%]
tests/test_townlet/unit/environment/test_vfs_type_validation.py::TestNormalizeVfsType::test_rejects_empty_string PASSED [ 42%]
tests/test_townlet/unit/environment/test_vfs_type_validation.py::TestNormalizeVfsType::test_valid_types_constant_complete PASSED [ 42%]
tests/test_townlet/unit/exploration/test_epsilon_greedy_selection.py::TestEpsilonGreedyActionSelection::test_all_false_action_masks_returns_greedy_action PASSED [ 42%]
tests/test_townlet/unit/exploration/test_epsilon_greedy_selection.py::TestEpsilonGreedyActionSelection::test_epsilon_zero_always_greedy PASSED [ 42%]
tests/test_townlet/unit/exploration/test_epsilon_greedy_selection.py::TestEpsilonGreedyActionSelection::test_epsilon_one_samples_only_valid_actions PASSED [ 42%]
tests/test_townlet/unit/exploration/test_epsilon_greedy_selection.py::TestEpsilonGreedyActionSelection::test_no_action_masks_samples_all_actions PASSED [ 42%]
tests/test_townlet/unit/exploration/test_epsilon_greedy_selection.py::TestEpsilonGreedyActionSelection::test_mixed_epsilon_values PASSED [ 42%]
tests/test_townlet/unit/exploration/test_epsilon_greedy_selection.py::TestEpsilonGreedyActionSelection::test_action_masking_respects_boundaries PASSED [ 42%]
tests/test_townlet/unit/exploration/test_exploration_strategies.py::TestEpsilonGreedyActionSelection::test_random_actions_without_masks PASSED [ 42%]
tests/test_townlet/unit/exploration/test_exploration_strategies.py::TestEpsilonGreedyActionSelection::test_random_actions_with_masks PASSED [ 42%]
tests/test_townlet/unit/exploration/test_exploration_strategies.py::TestEpsilonGreedyActionSelection::test_greedy_without_masks PASSED [ 42%]
tests/test_townlet/unit/exploration/test_exploration_strategies.py::TestEpsilonDecay::test_epsilon_decays_towards_minimum PASSED [ 42%]
tests/test_townlet/unit/exploration/test_exploration_strategies.py::TestEpsilonDecay::test_epsilon_respects_minimum PASSED [ 42%]
tests/test_townlet/unit/exploration/test_exploration_strategies.py::TestEpsilonDecay::test_epsilon_decay_formula PASSED [ 42%]
tests/test_townlet/unit/exploration/test_exploration_strategies.py::TestEpsilonGreedyIntrinsicRewards::test_intrinsic_rewards_always_zero PASSED [ 42%]
tests/test_townlet/unit/exploration/test_exploration_strategies.py::TestEpsilonGreedyIntrinsicRewards::test_intrinsic_rewards_correct_device PASSED [ 42%]
tests/test_townlet/unit/exploration/test_exploration_strategies.py::TestEpsilonGreedyUpdate::test_update_is_noop PASSED [ 42%]
tests/test_townlet/unit/exploration/test_exploration_strategies.py::TestEpsilonGreedyCheckpointing::test_checkpoint_state_contains_all_params PASSED [ 42%]
tests/test_townlet/unit/exploration/test_exploration_strategies.py::TestEpsilonGreedyCheckpointing::test_load_state_restores_params PASSED [ 42%]
tests/test_townlet/unit/exploration/test_exploration_strategies.py::TestEpsilonGreedyCheckpointing::test_checkpoint_roundtrip PASSED [ 42%]
tests/test_townlet/unit/exploration/test_exploration_strategies.py::TestRNDNetworkInitialization::test_fixed_network_is_frozen PASSED [ 42%]
tests/test_townlet/unit/exploration/test_exploration_strategies.py::TestRNDNetworkInitialization::test_predictor_network_is_trainable PASSED [ 42%]
tests/test_townlet/unit/exploration/test_exploration_strategies.py::TestRNDNetworkInitialization::test_networks_have_different_weights PASSED [ 42%]
tests/test_townlet/unit/exploration/test_exploration_strategies.py::TestRNDIntrinsicRewardComputation::test_intrinsic_rewards_are_nonnegative PASSED [ 42%]
tests/test_townlet/unit/exploration/test_exploration_strategies.py::TestRNDIntrinsicRewardComputation::test_identical_observations_have_same_reward PASSED [ 43%]
tests/test_townlet/unit/exploration/test_exploration_strategies.py::TestRNDIntrinsicRewardComputation::test_novel_states_have_higher_rewards_initially PASSED [ 43%]
tests/test_townlet/unit/exploration/test_exploration_strategies.py::TestRNDIntrinsicRewardComputation::test_batch_intrinsic_rewards PASSED [ 43%]
tests/test_townlet/unit/exploration/test_exploration_strategies.py::TestRNDBufferAccumulation::test_buffer_starts_empty PASSED [ 43%]
tests/test_townlet/unit/exploration/test_exploration_strategies.py::TestRNDBufferAccumulation::test_update_adds_to_buffer PASSED [ 43%]
tests/test_townlet/unit/exploration/test_exploration_strategies.py::TestRNDBufferAccumulation::test_update_without_observations_key PASSED [ 43%]
tests/test_townlet/unit/exploration/test_exploration_strategies.py::TestRNDBufferAccumulation::test_buffer_accumulates_across_updates PASSED [ 43%]
tests/test_townlet/unit/exploration/test_exploration_strategies.py::TestRNDPredictorTraining::test_update_predictor_requires_minimum_buffer_size PASSED [ 43%]
tests/test_townlet/unit/exploration/test_exploration_strategies.py::TestRNDPredictorTraining::test_update_predictor_clears_buffer PASSED [ 43%]
tests/test_townlet/unit/exploration/test_exploration_strategies.py::TestRNDPredictorTraining::test_update_predictor_keeps_excess_observations PASSED [ 43%]
tests/test_townlet/unit/exploration/test_exploration_strategies.py::TestRNDPredictorTraining::test_predictor_network_updates PASSED [ 43%]
tests/test_townlet/unit/exploration/test_exploration_strategies.py::TestRNDPredictorTraining::test_update_triggers_training_automatically PASSED [ 43%]
tests/test_townlet/unit/exploration/test_exploration_strategies.py::TestRNDLearningBehavior::test_familiar_states_get_lower_rewards PASSED [ 43%]
tests/test_townlet/unit/exploration/test_exploration_strategies.py::TestRNDLearningBehavior::test_fixed_network_never_changes PASSED [ 43%]
tests/test_townlet/unit/exploration/test_exploration_strategies.py::TestAdaptiveIntrinsicAnnealingLogic::test_should_not_anneal_with_insufficient_data PASSED [ 43%]
tests/test_townlet/unit/exploration/test_exploration_strategies.py::TestAdaptiveIntrinsicAnnealingLogic::test_should_not_anneal_with_high_variance PASSED [ 43%]
tests/test_townlet/unit/exploration/test_exploration_strategies.py::TestAdaptiveIntrinsicAnnealingLogic::test_should_not_anneal_consistent_failure PASSED [ 43%]
tests/test_townlet/unit/exploration/test_exploration_strategies.py::TestAdaptiveIntrinsicAnnealingLogic::test_should_anneal_consistent_success PASSED [ 43%]
tests/test_townlet/unit/exploration/test_exploration_strategies.py::TestAdaptiveIntrinsicAnnealingLogic::test_anneal_weight_exponential_decay PASSED [ 43%]
tests/test_townlet/unit/exploration/test_exploration_strategies.py::TestAdaptiveIntrinsicAnnealingLogic::test_anneal_weight_respects_minimum PASSED [ 43%]
tests/test_townlet/unit/exploration/test_exploration_strategies.py::TestAdaptiveIntrinsicAnnealingLogic::test_update_on_episode_end_maintains_window PASSED [ 43%]
tests/test_townlet/unit/exploration/test_exploration_strategies.py::TestAdaptiveIntrinsicActionSelection::test_select_actions_delegates_to_rnd PASSED [ 43%]
tests/test_townlet/unit/exploration/test_exploration_strategies.py::TestAdaptiveIntrinsicRNDUpdate::test_update_delegates_to_rnd PASSED [ 43%]
tests/test_townlet/unit/exploration/test_exploration_strategies.py::TestAdaptiveIntrinsicEpsilonDecay::test_decay_epsilon_delegates_to_rnd PASSED [ 43%]
tests/test_townlet/unit/exploration/test_exploration_strategies.py::TestAdaptiveIntrinsicStatePersistence::test_checkpoint_state_includes_all_config PASSED [ 43%]
tests/test_townlet/unit/exploration/test_exploration_strategies.py::TestAdaptiveIntrinsicStatePersistence::test_load_state_restores_all_config PASSED [ 43%]
tests/test_townlet/unit/exploration/test_exploration_strategies.py::TestAdaptiveIntrinsicStatePersistence::test_checkpoint_restore_roundtrip PASSED [ 43%]
tests/test_townlet/unit/exploration/test_exploration_strategies.py::TestAdaptiveIntrinsicWeightGetter::test_get_intrinsic_weight_returns_current_value PASSED [ 43%]
tests/test_townlet/unit/exploration/test_exploration_strategies.py::TestRNDCheckpointCompleteness::test_rnd_saves_predictor_optimizer PASSED [ 43%]
tests/test_townlet/unit/exploration/test_exploration_strategies.py::TestRNDCheckpointCompleteness::test_rnd_saves_epsilon PASSED [ 43%]
tests/test_townlet/unit/exploration/test_exploration_strategies.py::TestRNDCheckpointCompleteness::test_rnd_saves_network_architecture_params PASSED [ 43%]
tests/test_townlet/unit/exploration/test_exploration_strategies.py::TestRNDCheckpointCompleteness::test_rnd_saves_network_weights PASSED [ 43%]
tests/test_townlet/unit/exploration/test_exploration_strategies.py::TestRNDCheckpointCompleteness::test_rnd_restores_epsilon PASSED [ 43%]
tests/test_townlet/unit/exploration/test_exploration_strategies.py::TestRNDCheckpointCompleteness::test_rnd_restores_network_weights PASSED [ 43%]
tests/test_townlet/unit/exploration/test_exploration_strategies.py::TestRNDCheckpointCompleteness::test_rnd_restores_optimizer_state PASSED [ 43%]
tests/test_townlet/unit/exploration/test_exploration_strategies.py::TestAdaptiveIntrinsicCheckpointCompleteness::test_adaptive_saves_intrinsic_weight PASSED [ 43%]
tests/test_townlet/unit/exploration/test_exploration_strategies.py::TestAdaptiveIntrinsicCheckpointCompleteness::test_adaptive_saves_annealing_params PASSED [ 43%]
tests/test_townlet/unit/exploration/test_exploration_strategies.py::TestAdaptiveIntrinsicCheckpointCompleteness::test_adaptive_saves_survival_history PASSED [ 43%]
tests/test_townlet/unit/exploration/test_exploration_strategies.py::TestAdaptiveIntrinsicCheckpointCompleteness::test_adaptive_saves_rnd_state PASSED [ 43%]
tests/test_townlet/unit/exploration/test_exploration_strategies.py::TestAdaptiveIntrinsicCheckpointCompleteness::test_adaptive_restores_intrinsic_weight PASSED [ 43%]
tests/test_townlet/unit/exploration/test_exploration_strategies.py::TestAdaptiveIntrinsicCheckpointCompleteness::test_adaptive_restores_survival_history PASSED [ 43%]
tests/test_townlet/unit/exploration/test_exploration_strategies.py::TestAdaptiveIntrinsicCheckpointCompleteness::test_adaptive_restores_rnd_state PASSED [ 43%]
tests/test_townlet/unit/exploration/test_exploration_strategies.py::TestCheckpointRoundTrip::test_rnd_roundtrip_preserves_behavior PASSED [ 44%]
tests/test_townlet/unit/exploration/test_exploration_strategies.py::TestCheckpointRoundTrip::test_adaptive_roundtrip_preserves_behavior PASSED [ 44%]
tests/test_townlet/unit/exploration/test_exploration_strategies.py::TestCheckpointStrictValidation::test_rnd_rejects_missing_optimizer PASSED [ 44%]
tests/test_townlet/unit/exploration/test_exploration_strategies.py::TestCheckpointStrictValidation::test_adaptive_rejects_missing_survival_history PASSED [ 44%]
tests/test_townlet/unit/exploration/test_rnd_normalization.py::TestRNDNormalization::test_raw_mse_is_too_small_compared_to_extrinsic PASSED [ 44%]
tests/test_townlet/unit/exploration/test_rnd_normalization.py::TestRNDNormalization::test_normalized_rewards_have_unit_variance_after_warmup PASSED [ 44%]
tests/test_townlet/unit/exploration/test_rnd_normalization.py::TestRNDNormalization::test_normalization_is_persistent_across_checkpoints PASSED [ 44%]
tests/test_townlet/unit/exploration/test_rnd_normalization.py::TestAdaptiveIntrinsicDoubleWeighting::test_adaptive_applies_weight_only_once PASSED [ 44%]
tests/test_townlet/unit/exploration/test_rnd_stats_update_timing.py::TestRNDStatsUpdateTiming::test_stats_update_during_training_rollout PASSED [ 44%]
tests/test_townlet/unit/exploration/test_rnd_stats_update_timing.py::TestRNDStatsUpdateTiming::test_stats_dont_update_during_eval PASSED [ 44%]
tests/test_townlet/unit/expression/test_functions.py::test_numeric_functions_produce_float PASSED [ 44%]
tests/test_townlet/unit/expression/test_functions.py::test_normalize_and_arg_functions PASSED [ 44%]
tests/test_townlet/unit/expression/test_functions.py::test_count_where_and_threshold PASSED [ 44%]
tests/test_townlet/unit/expression/test_functions.py::test_typechecker_unknown_function_raises PASSED [ 44%]
tests/test_townlet/unit/expression/test_functions.py::test_typechecker_validates_signatures PASSED [ 44%]
tests/test_townlet/unit/expression/test_functions.py::test_registry_has_do_now_functions PASSED [ 44%]
tests/test_townlet/unit/expression/test_functions.py::test_registry_has_vtc_recommended_operator_catalogue PASSED [ 44%]
tests/test_townlet/unit/expression/test_functions.py::test_mask_tensor_operator_catalogue_evaluates_with_parser PASSED [ 44%]
tests/test_townlet/unit/expression/test_functions.py::test_spatial_operator_catalogue_evaluates_batched_positions PASSED [ 44%]
tests/test_townlet/unit/expression/test_functions.py::test_temporal_operator_catalogue_evaluates_windows_and_phases PASSED [ 44%]
tests/test_townlet/unit/expression/test_functions.py::test_typechecker_accepts_vtc_recommended_operator_signatures PASSED [ 44%]
tests/test_townlet/unit/items/test_action_handlers.py::test_get_action_picks_up_item PASSED [ 44%]
tests/test_townlet/unit/items/test_action_handlers.py::test_get_action_fails_when_inventory_full PASSED [ 44%]
tests/test_townlet/unit/items/test_action_handlers.py::test_get_action_fails_when_no_item_at_position PASSED [ 44%]
tests/test_townlet/unit/items/test_action_handlers.py::test_use_slot_action_succeeds_when_slot_occupied PASSED [ 44%]
tests/test_townlet/unit/items/test_action_handlers.py::test_use_slot_action_fails_when_slot_empty PASSED [ 44%]
tests/test_townlet/unit/items/test_action_handlers.py::test_drop_slot_action_removes_from_inventory PASSED [ 44%]
tests/test_townlet/unit/items/test_action_handlers.py::test_drop_slot_action_fails_when_slot_empty PASSED [ 44%]
tests/test_townlet/unit/items/test_custom_item_verbs.py::test_custom_item_verbs_masking_and_dispatch PASSED [ 44%]
tests/test_townlet/unit/items/test_effects_integration.py::test_item_interactions_are_compiled PASSED [ 44%]
tests/test_townlet/unit/items/test_inventory.py::test_item_instance_has_no_single_holder_compatibility_property PASSED [ 44%]
tests/test_townlet/unit/items/test_inventory.py::test_inventory_initialization PASSED [ 44%]
tests/test_townlet/unit/items/test_inventory.py::test_add_item_to_inventory PASSED [ 44%]
tests/test_townlet/unit/items/test_inventory.py::test_add_item_overflow_deny PASSED [ 44%]
tests/test_townlet/unit/items/test_inventory.py::test_remove_item_from_slot PASSED [ 44%]
tests/test_townlet/unit/items/test_inventory.py::test_remove_from_empty_slot_returns_none PASSED [ 44%]
tests/test_townlet/unit/items/test_inventory.py::test_get_item_from_slot PASSED [ 44%]
tests/test_townlet/unit/items/test_inventory.py::test_is_full PASSED     [ 44%]
tests/test_townlet/unit/items/test_inventory.py::test_count_items PASSED [ 44%]
tests/test_townlet/unit/items/test_item_lifecycle.py::test_item_preserves_identity_when_lifted_and_placed PASSED [ 44%]
tests/test_townlet/unit/items/test_item_lifecycle.py::test_held_items_continue_ticking PASSED [ 44%]
tests/test_townlet/unit/items/test_item_manager.py::test_item_instance_initialization PASSED [ 44%]
tests/test_townlet/unit/items/test_item_manager.py::test_item_instance_tracks_age PASSED [ 44%]
tests/test_townlet/unit/items/test_item_manager.py::test_item_manager_initialization PASSED [ 45%]
tests/test_townlet/unit/items/test_item_manager.py::test_spawn_item_creates_instance PASSED [ 45%]
tests/test_townlet/unit/items/test_item_manager.py::test_spawn_item_respects_max_items PASSED [ 45%]
tests/test_townlet/unit/items/test_item_manager.py::test_lifecycle_despawn_on_expiration PASSED [ 45%]
tests/test_townlet/unit/items/test_item_manager.py::test_permanent_items_never_expire PASSED [ 45%]
tests/test_townlet/unit/items/test_item_manager.py::test_cooldown_prevents_immediate_respawn PASSED [ 45%]
tests/test_townlet/unit/items/test_item_manager.py::test_vfs_slot_reuse_after_despawn PASSED [ 45%]
tests/test_townlet/unit/items/test_item_manager_debug_logging.py::test_item_manager_debug_logging PASSED [ 45%]
tests/test_townlet/unit/items/test_item_manager_debug_logging.py::test_item_manager_debug_disabled_by_default PASSED [ 45%]
tests/test_townlet/unit/items/test_item_sharing.py::test_exclusive_item_single_holder PASSED [ 45%]
tests/test_townlet/unit/items/test_item_sharing.py::test_shared_item_multiple_holders PASSED [ 45%]
tests/test_townlet/unit/items/test_item_vfs_initialization.py::test_spawn_item_initializes_vfs_state PASSED [ 45%]
tests/test_townlet/unit/items/test_item_vfs_initialization.py::test_despawn_item_does_not_clear_vfs_state PASSED [ 45%]
tests/test_townlet/unit/items/test_item_vfs_profile_assignment.py::test_item_manager_assigns_vfs_profile_on_spawn PASSED [ 45%]
tests/test_townlet/unit/items/test_item_vfs_profile_assignment.py::test_item_manager_preserves_vfs_profile_across_operations PASSED [ 45%]
tests/test_townlet/unit/items/test_items_dto.py::test_item_type_minimal PASSED [ 45%]
tests/test_townlet/unit/items/test_items_dto.py::test_item_type_with_lifecycle PASSED [ 45%]
tests/test_townlet/unit/items/test_items_dto.py::test_item_interactions_use_effects_syntax PASSED [ 45%]
tests/test_townlet/unit/items/test_items_dto.py::test_item_type_rejects_custom_commands PASSED [ 45%]
tests/test_townlet/unit/items/test_items_dto.py::test_items_catalog_minimal PASSED [ 45%]
tests/test_townlet/unit/items/test_items_dto.py::test_items_catalog_rejects_duplicate_ids PASSED [ 45%]
tests/test_townlet/unit/items/test_items_dto.py::test_items_appearance_minimal PASSED [ 45%]
tests/test_townlet/unit/items/test_items_dto.py::test_items_appearance_accepts_when PASSED [ 45%]
tests/test_townlet/unit/items/test_items_dto.py::test_items_appearance_empty_allowed PASSED [ 45%]
tests/test_townlet/unit/items/test_items_dto.py::test_items_catalog_from_yaml PASSED [ 45%]
tests/test_townlet/unit/items/test_items_dto.py::test_items_appearance_from_yaml PASSED [ 45%]
tests/test_townlet/unit/items/test_items_dto.py::test_items_catalog_requires_version_and_limits PASSED [ 45%]
tests/test_townlet/unit/items/test_items_dto.py::test_items_catalog_rejects_unknown_fields PASSED [ 45%]
tests/test_townlet/unit/items/test_items_dto.py::test_item_custom_commands_schema_and_naming PASSED [ 45%]
tests/test_townlet/unit/items/test_items_dto.py::test_item_interactions_reject_distribution_alias PASSED [ 45%]
tests/test_townlet/unit/items/test_items_dto.py::test_item_custom_commands_reject_distribution_alias PASSED [ 45%]
tests/test_townlet/unit/items/test_items_dto_extended.py::TestItemTypeConfigValidation::test_valid_minimal_item PASSED [ 45%]
tests/test_townlet/unit/items/test_items_dto_extended.py::TestItemTypeConfigValidation::test_invalid_ids_rejected[Apple] PASSED [ 45%]
tests/test_townlet/unit/items/test_items_dto_extended.py::TestItemTypeConfigValidation::test_invalid_ids_rejected[apple-1] PASSED [ 45%]
tests/test_townlet/unit/items/test_items_dto_extended.py::TestItemTypeConfigValidation::test_invalid_ids_rejected[apple$] PASSED [ 45%]
tests/test_townlet/unit/items/test_items_dto_extended.py::TestItemTypeConfigValidation::test_invalid_ids_rejected[] PASSED [ 45%]
tests/test_townlet/unit/items/test_items_dto_extended.py::TestItemTypeConfigValidation::test_missing_vfs_profile PASSED [ 45%]
tests/test_townlet/unit/items/test_items_dto_extended.py::TestItemTypeConfigValidation::test_interactions_require_known_commands PASSED [ 45%]
tests/test_townlet/unit/items/test_items_dto_extended.py::TestItemTypeConfigValidation::test_initial_state_allows_various_types PASSED [ 45%]
tests/test_townlet/unit/items/test_items_dto_extended.py::TestSpawnScheduleConfigValidation::test_valid_periodic PASSED [ 45%]
tests/test_townlet/unit/items/test_items_dto_extended.py::TestSpawnScheduleConfigValidation::test_valid_time_window PASSED [ 45%]
tests/test_townlet/unit/items/test_items_dto_extended.py::TestSpawnScheduleConfigValidation::test_valid_poisson PASSED [ 45%]
tests/test_townlet/unit/items/test_items_dto_extended.py::TestSpawnScheduleConfigValidation::test_valid_normal PASSED [ 45%]
tests/test_townlet/unit/items/test_items_dto_extended.py::TestSpawnScheduleConfigValidation::test_invalid_negative_period PASSED [ 46%]
tests/test_townlet/unit/items/test_items_dto_extended.py::TestSpawnScheduleConfigValidation::test_invalid_negative_rate PASSED [ 46%]
tests/test_townlet/unit/items/test_items_dto_extended.py::TestSpawnPlacementConfigValidation::test_valid_random PASSED [ 46%]
tests/test_townlet/unit/items/test_items_dto_extended.py::TestSpawnPlacementConfigValidation::test_valid_fixed_positions PASSED [ 46%]
tests/test_townlet/unit/items/test_items_dto_extended.py::TestSpawnPlacementConfigValidation::test_valid_grid_spacing PASSED [ 46%]
tests/test_townlet/unit/items/test_items_dto_extended.py::TestSpawnPlacementConfigValidation::test_invalid_grid_spacing_zero PASSED [ 46%]
tests/test_townlet/unit/items/test_items_dto_extended.py::TestSpawnPlacementConfigValidation::test_invalid_extra_field PASSED [ 46%]
tests/test_townlet/unit/items/test_items_dto_extended.py::TestItemAppearanceRuleConfigValidation::test_valid_with_schedule_and_placement PASSED [ 46%]
tests/test_townlet/unit/items/test_items_dto_extended.py::TestItemAppearanceRuleConfigValidation::test_spawn_count_must_be_non_negative PASSED [ 46%]
tests/test_townlet/unit/items/test_items_dto_extended.py::TestItemAppearanceRuleConfigValidation::test_legacy_spawn_fields_are_rejected[spawn_interval-1] PASSED [ 46%]
tests/test_townlet/unit/items/test_items_dto_extended.py::TestItemAppearanceRuleConfigValidation::test_legacy_spawn_fields_are_rejected[spawn_position-random] PASSED [ 46%]
tests/test_townlet/unit/items/test_items_dto_extended.py::TestItemAppearanceRuleConfigValidation::test_max_total_ge_1 PASSED [ 46%]
tests/test_townlet/unit/items/test_items_dto_extended.py::TestItemsCatalogConfigValidation::test_valid_catalog_multiple_items PASSED [ 46%]
tests/test_townlet/unit/items/test_items_dto_extended.py::TestItemsCatalogConfigValidation::test_valid_empty_catalog PASSED [ 46%]
tests/test_townlet/unit/items/test_items_dto_extended.py::TestItemsCatalogConfigValidation::test_duplicate_ids_rejected PASSED [ 46%]
tests/test_townlet/unit/items/test_items_dto_extended.py::TestItemsAppearanceConfigValidation::test_empty_appearance_allowed PASSED [ 46%]
tests/test_townlet/unit/items/test_items_dto_extended.py::TestItemsAppearanceConfigValidation::test_valid_appearance_rule PASSED [ 46%]
tests/test_townlet/unit/items/test_periodic_respawn.py::test_respawn_timer_initialized_on_despawn PASSED [ 46%]
tests/test_townlet/unit/items/test_periodic_respawn.py::test_respawn_timer_not_set_without_periodic_schedule PASSED [ 46%]
tests/test_townlet/unit/items/test_periodic_respawn.py::test_process_respawns_spawns_item_when_timer_expires PASSED [ 46%]
tests/test_townlet/unit/items/test_periodic_respawn.py::test_process_respawns_respects_max_items_capacity PASSED [ 46%]
tests/test_townlet/unit/items/test_spawn_conditions.py::test_spawn_initial_items_gated_by_bar_condition PASSED [ 46%]
tests/test_townlet/unit/items/test_spawn_conditions.py::test_process_respawns_respects_condition PASSED [ 46%]
tests/test_townlet/unit/items/test_spawn_conditions.py::test_vfs_condition_gates_spawn PASSED [ 46%]
tests/test_townlet/unit/items/test_spawn_conditions.py::test_temporal_condition_and_boolean_logic PASSED [ 46%]
tests/test_townlet/unit/items/test_spawn_conditions.py::test_comparison_variants_and_vector_reduction PASSED [ 46%]
tests/test_townlet/unit/items/test_spawn_conditions.py::test_unknown_symbol_rejected_at_compile_time PASSED [ 46%]
tests/test_townlet/unit/items/test_spawn_conditions.py::test_missing_ast_raises_runtime_error PASSED [ 46%]
tests/test_townlet/unit/items/test_spawn_conditions.py::test_equality_and_inequality_operators PASSED [ 46%]
tests/test_townlet/unit/items/test_spawn_conditions.py::test_or_and_not_boolean_operators PASSED [ 46%]
tests/test_townlet/unit/items/test_spawn_conditions.py::test_less_than_operators PASSED [ 46%]
tests/test_townlet/unit/items/test_spawn_conditions.py::test_unconditional_spawn_has_no_overhead PASSED [ 46%]
tests/test_townlet/unit/items/test_spawn_rules_advanced.py::test_fixed_placement_spawns_at_given_positions PASSED [ 46%]
tests/test_townlet/unit/items/test_spawn_rules_advanced.py::test_grid_placement_respects_spacing_and_count PASSED [ 46%]
tests/test_townlet/unit/items/test_spawn_rules_advanced.py::test_scripted_initial_spawns_only_matching_tick PASSED [ 46%]
tests/test_townlet/unit/items/test_spawn_rules_advanced.py::test_time_window_gates_initial_spawn PASSED [ 46%]
tests/test_townlet/unit/items/test_spawn_rules_advanced.py::test_poisson_respawn_probabilistic_gate PASSED [ 46%]
tests/test_townlet/unit/items/test_spawn_rules_advanced.py::test_normal_respawn_samples_future_tick PASSED [ 46%]
tests/test_townlet/unit/items/test_spawn_rules_advanced.py::test_max_total_caps_spawns PASSED [ 46%]
tests/test_townlet/unit/items/test_spawn_rules_advanced.py::test_time_window_respawn_stops_after_end PASSED [ 46%]
tests/test_townlet/unit/items/test_spawn_rules_advanced.py::test_scripted_respawn_consumes_events_by_tick PASSED [ 46%]
tests/test_townlet/unit/items/test_spawn_rules_advanced.py::test_fixed_placement_skips_occupied_and_oob PASSED [ 46%]
tests/test_townlet/unit/items/test_spawn_with_initial_state.py::test_spawn_item_with_initial_state PASSED [ 47%]
tests/test_townlet/unit/items/test_spawn_with_initial_state.py::test_spawn_item_without_initial_state_uses_defaults PASSED [ 47%]
tests/test_townlet/unit/items/test_static_access_operations.py::test_denied_spawn_overrides_leave_complete_operation_unchanged[overrides0] PASSED [ 47%]
tests/test_townlet/unit/items/test_static_access_operations.py::test_denied_spawn_overrides_leave_complete_operation_unchanged[overrides1] PASSED [ 47%]
tests/test_townlet/unit/items/test_static_access_operations.py::test_denied_spawn_overrides_leave_complete_operation_unchanged[overrides2] PASSED [ 47%]
tests/test_townlet/unit/items/test_static_access_operations.py::test_immutable_defaults_initialize_without_becoming_authored_writes PASSED [ 47%]
tests/test_townlet/unit/items/test_static_access_operations.py::test_dynamic_path_authorization_denies_no_op_item_write PASSED [ 47%]
tests/test_townlet/unit/items/test_static_access_operations.py::test_compound_spawn_denial_precedes_sibling_mutation PASSED [ 47%]
tests/test_townlet/unit/oracle/test_compare.py::test_identical_traces_agree PASSED [ 47%]
tests/test_townlet/unit/oracle/test_compare.py::test_reward_perturbation_locates_first_divergence PASSED [ 47%]
tests/test_townlet/unit/oracle/test_compare.py::test_action_divergence_locates_the_actions_stream PASSED [ 47%]
tests/test_townlet/unit/oracle/test_compare.py::test_reset_obs_divergence_reports_step_zero PASSED [ 47%]
tests/test_townlet/unit/oracle/test_compare.py::test_every_diverging_stream_is_reported PASSED [ 47%]
tests/test_townlet/unit/oracle/test_compare.py::test_hash_mismatch_short_circuits_traces PASSED [ 47%]
tests/test_townlet/unit/oracle/test_compare.py::test_differing_hash_key_sets_are_a_mismatch PASSED [ 47%]
tests/test_townlet/unit/oracle/test_compare.py::test_params_mismatch_is_a_harness_bug PASSED [ 47%]
tests/test_townlet/unit/oracle/test_compare.py::test_verdict_is_json_serializable PASSED [ 47%]
tests/test_townlet/unit/oracle/test_compare.py::test_negative_zero_vs_zero_diverges_and_localizes PASSED [ 47%]
tests/test_townlet/unit/oracle/test_compare.py::test_identical_nan_agrees PASSED [ 47%]
tests/test_townlet/unit/oracle/test_compare.py::test_shape_mismatch_diverges_instead_of_false_agreeing PASSED [ 47%]
tests/test_townlet/unit/oracle/test_compare.py::test_dtype_mismatch_diverges PASSED [ 47%]
tests/test_townlet/unit/oracle/test_compare.py::test_shape_preflight_runs_before_byte_comparison PASSED [ 47%]
tests/test_townlet/unit/oracle/test_compare.py::test_broadcast_incompatible_shapes_diverge_not_raise PASSED [ 47%]
tests/test_townlet/unit/oracle/test_compare.py::test_absent_hash_key_distinguished_from_none_value PASSED [ 47%]
tests/test_townlet/unit/oracle/test_compare.py::test_nan_vs_number_diverges_with_json_safe_verdict PASSED [ 47%]
tests/test_townlet/unit/oracle/test_compare.py::test_declared_hash_move_with_identical_streams_passes_as_registered PASSED [ 47%]
tests/test_townlet/unit/oracle/test_compare.py::test_an_undeclared_hash_moving_alongside_a_declared_one_still_fails PASSED [ 47%]
tests/test_townlet/unit/oracle/test_compare.py::test_a_declared_hash_that_does_not_move_is_a_stale_entry PASSED [ 47%]
tests/test_townlet/unit/oracle/test_compare.py::test_a_declaration_never_suppresses_a_stream_divergence PASSED [ 47%]
tests/test_townlet/unit/oracle/test_compare.py::test_no_declaration_leaves_the_original_hash_behaviour_untouched PASSED [ 47%]
tests/test_townlet/unit/oracle/test_compare.py::test_a_declaration_with_nothing_to_declare_does_not_launder_an_agree PASSED [ 47%]
tests/test_townlet/unit/oracle/test_compare.py::test_undeclared_divergence_reports_every_stream_not_just_the_first PASSED [ 47%]
tests/test_townlet/unit/oracle/test_compare.py::test_registered_obs_divergence_with_clean_dynamics_passes PASSED [ 47%]
tests/test_townlet/unit/oracle/test_compare.py::test_registered_obs_shape_change_is_exempt_from_preflight PASSED [ 47%]
tests/test_townlet/unit/oracle/test_compare.py::test_registered_obs_but_rewards_also_diverge_fails PASSED [ 47%]
tests/test_townlet/unit/oracle/test_compare.py::test_undeclared_shape_change_still_hard_fails PASSED [ 47%]
tests/test_townlet/unit/oracle/test_compare.py::test_declared_stream_that_never_diverges_is_a_stale_entry PASSED [ 47%]
tests/test_townlet/unit/oracle/test_compare.py::test_hash_and_stream_declarations_compose_under_one_ref PASSED [ 47%]
tests/test_townlet/unit/oracle/test_compare.py::test_hash_and_stream_declarations_compose_with_distinct_refs PASSED [ 47%]
tests/test_townlet/unit/oracle/test_compare.py::test_actions_stream_divergence_is_adjudicated PASSED [ 47%]
tests/test_townlet/unit/oracle/test_compare.py::test_two_hash_entries_compose_with_overlap PASSED [ 47%]
tests/test_townlet/unit/oracle/test_compare.py::test_one_stale_entry_among_two_fails_naming_it PASSED [ 47%]
tests/test_townlet/unit/oracle/test_compare.py::test_undeclared_mover_still_red_under_composition PASSED [ 47%]
tests/test_townlet/unit/oracle/test_declaration_input_drift.py::test_cut_a_recorded_input_delta_is_preserved[configs/default_curriculum-delta0] PASSED [ 48%]
tests/test_townlet/unit/oracle/test_declaration_input_drift.py::test_cut_a_recorded_input_delta_is_preserved[configs/test/items_smoke-delta1] PASSED [ 48%]
tests/test_townlet/unit/oracle/test_declaration_input_drift.py::test_cut_b_historical_input_inventory_is_preserved PASSED [ 48%]
tests/test_townlet/unit/oracle/test_declaration_input_drift.py::test_static_access_input_binding_matches_complete_pinned_bytes PASSED [ 48%]
tests/test_townlet/unit/oracle/test_driver.py::test_driver_writes_a_loadable_trace PASSED [ 48%]
tests/test_townlet/unit/oracle/test_driver.py::test_driver_format_version_matches_trace_io PASSED [ 48%]
tests/test_townlet/unit/oracle/test_driver.py::test_driver_is_deterministic_for_same_seed PASSED [ 48%]
tests/test_townlet/unit/oracle/test_driver.py::test_driver_source_is_self_contained PASSED [ 48%]
tests/test_townlet/unit/oracle/test_driver.py::test_scripted_actions_are_stepped_verbatim PASSED [ 48%]
tests/test_townlet/unit/oracle/test_driver.py::test_scripted_actions_wrong_shape_refuses PASSED [ 48%]
tests/test_townlet/unit/oracle/test_driver.py::test_scripted_actions_out_of_range_refuses PASSED [ 48%]
tests/test_townlet/unit/oracle/test_driver.py::test_scripted_actions_wrong_key_refuses PASSED [ 48%]
tests/test_townlet/unit/oracle/test_driver.py::test_scripted_actions_non_integer_dtype_refuses PASSED [ 48%]
tests/test_townlet/unit/oracle/test_epistemic_comparison.py::test_no_changes_with_no_allowances_qualifies PASSED [ 48%]
tests/test_townlet/unit/oracle/test_epistemic_comparison.py::test_exact_attribution_qualifies PASSED [ 48%]
tests/test_townlet/unit/oracle/test_epistemic_comparison.py::test_missing_attribution_cannot_qualify PASSED [ 48%]
tests/test_townlet/unit/oracle/test_epistemic_comparison.py::test_stale_attribution_cannot_qualify PASSED [ 48%]
tests/test_townlet/unit/oracle/test_epistemic_comparison.py::test_attribution_must_match_values_and_presence[before-wrong] PASSED [ 48%]
tests/test_townlet/unit/oracle/test_epistemic_comparison.py::test_attribution_must_match_values_and_presence[after-wrong] PASSED [ 48%]
tests/test_townlet/unit/oracle/test_epistemic_comparison.py::test_attribution_must_match_values_and_presence[before_present-False] PASSED [ 48%]
tests/test_townlet/unit/oracle/test_epistemic_comparison.py::test_attribution_requires_provenance[cause] PASSED [ 48%]
tests/test_townlet/unit/oracle/test_epistemic_comparison.py::test_attribution_requires_provenance[causing_commit] PASSED [ 48%]
tests/test_townlet/unit/oracle/test_epistemic_comparison.py::test_attribution_requires_provenance[register_ref] PASSED [ 48%]
tests/test_townlet/unit/oracle/test_epistemic_comparison.py::test_duplicate_attribution_refuses PASSED [ 48%]
tests/test_townlet/unit/oracle/test_epistemic_comparison.py::test_hash_allowances_cannot_excuse_changed_outputs[trace] PASSED [ 48%]
tests/test_townlet/unit/oracle/test_epistemic_comparison.py::test_hash_allowances_cannot_excuse_changed_outputs[reset] PASSED [ 48%]
tests/test_townlet/unit/oracle/test_epistemic_comparison.py::test_every_stream_requires_byte_exact_values[obs] PASSED [ 48%]
tests/test_townlet/unit/oracle/test_epistemic_comparison.py::test_every_stream_requires_byte_exact_values[actions] PASSED [ 48%]
tests/test_townlet/unit/oracle/test_epistemic_comparison.py::test_every_stream_requires_byte_exact_values[rewards] PASSED [ 48%]
tests/test_townlet/unit/oracle/test_epistemic_comparison.py::test_every_stream_requires_byte_exact_values[dones] PASSED [ 48%]
tests/test_townlet/unit/oracle/test_epistemic_comparison.py::test_stream_checks_signed_zero_shape_and_dtype PASSED [ 48%]
tests/test_townlet/unit/oracle/test_epistemic_comparison.py::test_missing_duplicate_or_substituted_case_refuses[actual0] PASSED [ 48%]
tests/test_townlet/unit/oracle/test_epistemic_comparison.py::test_missing_duplicate_or_substituted_case_refuses[actual1] PASSED [ 48%]
tests/test_townlet/unit/oracle/test_epistemic_comparison.py::test_missing_duplicate_or_substituted_case_refuses[actual2] PASSED [ 48%]
tests/test_townlet/unit/oracle/test_epistemic_comparison.py::test_reordered_complete_inventory_is_valid PASSED [ 48%]
tests/test_townlet/unit/oracle/test_epistemic_comparison.py::test_baseline_source_must_be_exact_existing_ancestor PASSED [ 48%]
tests/test_townlet/unit/oracle/test_epistemic_comparison.py::test_retained_trace_file_and_stream_digests_are_checked PASSED [ 48%]
tests/test_townlet/unit/oracle/test_epistemic_comparison.py::test_cli_requires_baseline_and_attributions[arguments0] PASSED [ 48%]
tests/test_townlet/unit/oracle/test_epistemic_comparison.py::test_cli_requires_baseline_and_attributions[arguments1] PASSED [ 48%]
tests/test_townlet/unit/oracle/test_epistemic_comparison.py::test_cli_requires_baseline_and_attributions[arguments2] PASSED [ 48%]
tests/test_townlet/unit/oracle/test_epistemic_comparison.py::test_cli_parses_complete_compare PASSED [ 48%]
tests/test_townlet/unit/oracle/test_epistemic_comparison.py::test_complete_bank_resolves_relative_trace_base PASSED [ 48%]
tests/test_townlet/unit/oracle/test_epistemic_comparison.py::test_bank_case_completeness_cannot_be_rewritten[missing-hashes-cases] PASSED [ 48%]
tests/test_townlet/unit/oracle/test_epistemic_comparison.py::test_bank_case_completeness_cannot_be_rewritten[missing-products-cases] PASSED [ 49%]
tests/test_townlet/unit/oracle/test_epistemic_comparison.py::test_bank_case_completeness_cannot_be_rewritten[missing-resets-cases] PASSED [ 49%]
tests/test_townlet/unit/oracle/test_epistemic_comparison.py::test_bank_case_completeness_cannot_be_rewritten[missing-traces-cells] PASSED [ 49%]
tests/test_townlet/unit/oracle/test_epistemic_comparison.py::test_bank_case_completeness_cannot_be_rewritten[duplicate-hashes-cases] PASSED [ 49%]
tests/test_townlet/unit/oracle/test_epistemic_comparison.py::test_bank_case_completeness_cannot_be_rewritten[duplicate-products-cases] PASSED [ 49%]
tests/test_townlet/unit/oracle/test_epistemic_comparison.py::test_bank_case_completeness_cannot_be_rewritten[duplicate-resets-cases] PASSED [ 49%]
tests/test_townlet/unit/oracle/test_epistemic_comparison.py::test_bank_case_completeness_cannot_be_rewritten[duplicate-traces-cells] PASSED [ 49%]
tests/test_townlet/unit/oracle/test_epistemic_comparison.py::test_modified_report_refuses_even_with_valid_json PASSED [ 49%]
tests/test_townlet/unit/oracle/test_epistemic_comparison.py::test_wrong_report_source_refuses PASSED [ 49%]
tests/test_townlet/unit/oracle/test_epistemic_comparison.py::test_config_byte_bank_must_match_source_commit PASSED [ 49%]
tests/test_townlet/unit/oracle/test_epistemic_comparison.py::test_bank_config_inventory_must_include_all_source_yaml PASSED [ 49%]
tests/test_townlet/unit/oracle/test_epistemic_comparison.py::test_replay_recipe_parameters_cannot_be_substituted[recipes-traces] PASSED [ 49%]
tests/test_townlet/unit/oracle/test_epistemic_comparison.py::test_replay_recipe_parameters_cannot_be_substituted[traces-cells] PASSED [ 49%]
tests/test_townlet/unit/oracle/test_epistemic_comparison.py::test_dirty_execution_tree_cannot_capture PASSED [ 49%]
tests/test_townlet/unit/oracle/test_epistemic_comparison.py::test_rewritten_hash_count_cannot_hide_missing_reading PASSED [ 49%]
tests/test_townlet/unit/oracle/test_epistemic_comparison.py::test_missing_product_level_refuses PASSED [ 49%]
tests/test_townlet/unit/oracle/test_harness.py::test_exit_zero_only_for_agree_and_skipped PASSED [ 49%]
tests/test_townlet/unit/oracle/test_harness.py::test_exit_code_passes_a_matched_registered_divergence PASSED [ 49%]
tests/test_townlet/unit/oracle/test_harness.py::test_exit_code_fails_the_matched_kind_without_refs PASSED [ 49%]
tests/test_townlet/unit/oracle/test_harness.py::test_exit_code_fails_clean_kinds_that_carry_refs PASSED [ 49%]
tests/test_townlet/unit/oracle/test_harness.py::test_exit_code_fails_registered_divergence_absent PASSED [ 49%]
tests/test_townlet/unit/oracle/test_harness.py::test_report_carries_verdicts_meta_and_register_pointer PASSED [ 49%]
tests/test_townlet/unit/oracle/test_harness.py::test_cuda_cell_without_flag_is_skipped_without_subprocess PASSED [ 49%]
tests/test_townlet/unit/oracle/test_harness.py::test_ensure_worktree_fresh_create PASSED [ 49%]
tests/test_townlet/unit/oracle/test_harness.py::test_ensure_worktree_clean_reuse_passes PASSED [ 49%]
tests/test_townlet/unit/oracle/test_harness.py::test_ensure_worktree_dirty_worktree_aborts PASSED [ 49%]
tests/test_townlet/unit/oracle/test_harness.py::test_ensure_worktree_wrong_head_aborts PASSED [ 49%]
tests/test_townlet/unit/oracle/test_harness.py::test_run_cell_safely_converts_exception_to_harness_error PASSED [ 49%]
tests/test_townlet/unit/oracle/test_harness.py::test_run_cell_safely_passes_through_normal_verdicts PASSED [ 49%]
tests/test_townlet/unit/oracle/test_harness.py::test_run_side_flags_missing_out_after_zero_exit PASSED [ 49%]
tests/test_townlet/unit/oracle/test_harness.py::test_run_side_reports_a_nonzero_exit_as_crashed PASSED [ 49%]
tests/test_townlet/unit/oracle/test_harness.py::test_run_side_succeeds_when_out_exists PASSED [ 49%]
tests/test_townlet/unit/oracle/test_harness.py::test_injection_guard_fires_when_sides_report_same_code_root PASSED [ 49%]
tests/test_townlet/unit/oracle/test_harness.py::test_injection_guard_silent_when_code_roots_differ PASSED [ 49%]
tests/test_townlet/unit/oracle/test_harness.py::test_injection_guard_not_applied_to_self_comparison PASSED [ 49%]
tests/test_townlet/unit/oracle/test_harness.py::test_registered_old_crash_with_running_new_side_passes_as_registered PASSED [ 49%]
tests/test_townlet/unit/oracle/test_harness.py::test_matched_ref_is_the_declared_one_not_a_constant PASSED [ 49%]
tests/test_townlet/unit/oracle/test_harness.py::test_old_crash_without_the_registered_signature_still_fails PASSED [ 49%]
tests/test_townlet/unit/oracle/test_harness.py::test_signature_in_noise_before_an_unrelated_crash_does_not_match PASSED [ 49%]
tests/test_townlet/unit/oracle/test_harness.py::test_signature_in_a_frame_path_does_not_match PASSED [ 49%]
tests/test_townlet/unit/oracle/test_harness.py::test_crash_without_a_traceback_does_not_match PASSED [ 49%]
tests/test_townlet/unit/oracle/test_harness.py::test_a_non_crash_failure_does_not_match_even_with_the_signature_embedded PASSED [ 49%]
tests/test_townlet/unit/oracle/test_harness.py::test_a_crash_that_still_wrote_a_trace_does_not_match PASSED [ 50%]
tests/test_townlet/unit/oracle/test_harness.py::test_matched_path_rejects_a_new_trace_from_the_wrong_code_root PASSED [ 50%]
tests/test_townlet/unit/oracle/test_harness.py::test_registered_old_crash_with_crashing_new_side_fails_as_not_yet_built PASSED [ 50%]
tests/test_townlet/unit/oracle/test_harness.py::test_expectation_with_agreeing_sides_fails_as_absent PASSED [ 50%]
tests/test_townlet/unit/oracle/test_harness.py::test_expectation_with_diverging_sides_fails_as_absent_with_evidence PASSED [ 50%]
tests/test_townlet/unit/oracle/test_harness.py::test_expectation_with_old_running_and_new_crashing_fails_as_new_side_error PASSED [ 50%]
tests/test_townlet/unit/oracle/test_harness.py::test_matched_path_rejects_a_new_trace_with_wrong_params PASSED [ 50%]
tests/test_townlet/unit/oracle/test_harness.py::test_matched_path_rejects_a_new_trace_with_inconsistent_shapes PASSED [ 50%]
tests/test_townlet/unit/oracle/test_harness.py::test_plain_cell_old_error_still_short_circuits_the_new_side PASSED [ 50%]
tests/test_townlet/unit/oracle/test_harness.py::test_expectation_cell_cuda_skip_carries_no_refs PASSED [ 50%]
tests/test_townlet/unit/oracle/test_harness.py::test_exit_code_fails_an_all_skipped_run PASSED [ 50%]
tests/test_townlet/unit/oracle/test_harness.py::test_validate_lone_trace_rejects_each_array_shape_independently PASSED [ 50%]
tests/test_townlet/unit/oracle/test_harness.py::test_final_exception_text_extraction PASSED [ 50%]
tests/test_townlet/unit/oracle/test_harness.py::test_report_serializes_register_refs PASSED [ 50%]
tests/test_townlet/unit/oracle/test_harness.py::test_collect_run_meta_gathers_commit_provenance PASSED [ 50%]
tests/test_townlet/unit/oracle/test_harness.py::test_collect_run_meta_raises_loudly_on_git_failure PASSED [ 50%]
tests/test_townlet/unit/oracle/test_harness.py::test_main_collects_meta_before_running_any_cell PASSED [ 50%]
tests/test_townlet/unit/oracle/test_harness.py::test_scripted_self_comparison_agrees_and_replays_actions PASSED [ 50%]
tests/test_townlet/unit/oracle/test_harness.py::test_scripted_mode_refuses_expected_crash_cells PASSED [ 50%]
tests/test_townlet/unit/oracle/test_matrix.py::test_matrix_declares_twenty_cells PASSED [ 50%]
tests/test_townlet/unit/oracle/test_matrix.py::test_cpu_block_precedes_cuda_block PASSED [ 50%]
tests/test_townlet/unit/oracle/test_matrix.py::test_cell_id_is_unique_and_readable PASSED [ 50%]
tests/test_townlet/unit/oracle/test_matrix.py::test_registered_divergence_accepts_a_narrow_declaration PASSED [ 50%]
tests/test_townlet/unit/oracle/test_matrix.py::test_registered_divergence_rejects_malformed_refs[] PASSED [ 50%]
tests/test_townlet/unit/oracle/test_matrix.py::test_registered_divergence_rejects_malformed_refs[DIV-3] PASSED [ 50%]
tests/test_townlet/unit/oracle/test_matrix.py::test_registered_divergence_rejects_malformed_refs[div-003] PASSED [ 50%]
tests/test_townlet/unit/oracle/test_matrix.py::test_registered_divergence_rejects_malformed_refs[DIV-0034] PASSED [ 50%]
tests/test_townlet/unit/oracle/test_matrix.py::test_registered_divergence_rejects_malformed_refs[hamlet-56ec575ae2] PASSED [ 50%]
tests/test_townlet/unit/oracle/test_matrix.py::test_registered_divergence_rejects_malformed_refs[DIV-003 ] PASSED [ 50%]
tests/test_townlet/unit/oracle/test_matrix.py::test_registered_divergence_rejects_short_signatures[] PASSED [ 50%]
tests/test_townlet/unit/oracle/test_matrix.py::test_registered_divergence_rejects_short_signatures[   ] PASSED [ 50%]
tests/test_townlet/unit/oracle/test_matrix.py::test_registered_divergence_rejects_short_signatures[Error] PASSED [ 50%]
tests/test_townlet/unit/oracle/test_matrix.py::test_registered_divergence_rejects_short_signatures[RuntimeError] PASSED [ 50%]
tests/test_townlet/unit/oracle/test_matrix.py::test_registered_divergence_rejects_short_signatures[RuntimeError:] PASSED [ 50%]
tests/test_townlet/unit/oracle/test_matrix.py::test_registered_divergence_rejects_short_signatures[AttributeError :] PASSED [ 50%]
tests/test_townlet/unit/oracle/test_matrix.py::test_registered_divergence_rejects_short_signatures[NotImplementedError:] PASSED [ 50%]
tests/test_townlet/unit/oracle/test_matrix.py::test_registered_divergence_rejects_short_signatures[E: x] PASSED [ 50%]
tests/test_townlet/unit/oracle/test_matrix.py::test_registered_divergence_rejects_short_signatures[              ] PASSED [ 50%]
tests/test_townlet/unit/oracle/test_matrix.py::test_registered_divergence_rejects_traceback_boilerplate[Traceback (most] PASSED [ 50%]
tests/test_townlet/unit/oracle/test_matrix.py::test_registered_divergence_rejects_traceback_boilerplate[most recent call last] PASSED [ 50%]
tests/test_townlet/unit/oracle/test_matrix.py::test_registered_divergence_rejects_traceback_boilerplate[Traceback (most recent call last):] PASSED [ 50%]
tests/test_townlet/unit/oracle/test_matrix.py::test_registered_divergence_rejects_traceback_boilerplate[XX Traceback (most recent call last): YY] PASSED [ 50%]
tests/test_townlet/unit/oracle/test_matrix.py::test_registered_divergence_rejects_unicode_digit_refs PASSED [ 50%]
tests/test_townlet/unit/oracle/test_matrix.py::test_standing_and_differential_cells_bind_div009_narrowly PASSED [ 51%]
tests/test_townlet/unit/oracle/test_matrix.py::test_standing_and_differential_cells_bind_div010_and_div008_narrowly PASSED [ 51%]
tests/test_townlet/unit/oracle/test_matrix.py::test_every_cell_binds_div008_hash_and_stream_narrowly PASSED [ 51%]
tests/test_townlet/unit/oracle/test_matrix.py::test_all_cells_bind_the_drift_and_unit2_and_token_entries PASSED [ 51%]
tests/test_townlet/unit/oracle/test_matrix.py::test_profile_variable_cells_declare_their_pack_drift PASSED [ 51%]
tests/test_townlet/unit/oracle/test_matrix.py::test_profile_variable_cells_bind_div009_narrowly PASSED [ 51%]
tests/test_townlet/unit/oracle/test_matrix.py::test_profile_variable_cells_bind_div010_narrowly PASSED [ 51%]
tests/test_townlet/unit/oracle/test_matrix.py::test_differential_cells_run_their_declared_levels PASSED [ 51%]
tests/test_townlet/unit/oracle/test_matrix.py::test_profile_variable_cells_declare_world_or_item_state PASSED [ 51%]
tests/test_townlet/unit/oracle/test_matrix.py::test_differential_packs_vary_only_the_declared_axis PASSED [ 51%]
tests/test_townlet/unit/oracle/test_matrix.py::test_declared_register_refs_exist_in_the_register PASSED [ 51%]
tests/test_townlet/unit/oracle/test_matrix.py::test_declared_register_refs_bind_entries_with_the_matching_harness_shape PASSED [ 51%]
tests/test_townlet/unit/oracle/test_matrix.py::test_hash_divergence_bindings_bind_entries_with_the_hash_only_shape PASSED [ 51%]
tests/test_townlet/unit/oracle/test_matrix.py::test_a_cell_never_declares_both_divergence_shapes PASSED [ 51%]
tests/test_townlet/unit/oracle/test_matrix.py::test_hash_divergence_declarations_are_enumerated_not_wildcards PASSED [ 51%]
tests/test_townlet/unit/oracle/test_matrix.py::test_profile_cells_bind_hash_divergences_tuple PASSED [ 51%]
tests/test_townlet/unit/oracle/test_matrix.py::test_stream_divergence_validates_ref_and_streams PASSED [ 51%]
tests/test_townlet/unit/oracle/test_matrix.py::test_cell_defaults_declare_nothing_new PASSED [ 51%]
tests/test_townlet/unit/oracle/test_matrix.py::test_stream_divergence_bindings_bind_entries_with_the_stream_scoped_shape PASSED [ 51%]
tests/test_townlet/unit/oracle/test_matrix.py::test_cut_b_scope_binding_adds_attribution_without_widening_historical_outputs PASSED [ 51%]
tests/test_townlet/unit/oracle/test_matrix.py::test_static_access_binding_adds_only_qualified_variable_identity_and_vfs PASSED [ 51%]
tests/test_townlet/unit/oracle/test_pack_freeze.py::test_every_matrix_pack_has_a_frozen_fixture PASSED [ 51%]
tests/test_townlet/unit/oracle/test_pack_freeze.py::test_every_drifting_pack_is_declared_by_every_cell_that_reads_it[configs/default_curriculum] PASSED [ 51%]
tests/test_townlet/unit/oracle/test_pack_freeze.py::test_every_drifting_pack_is_declared_by_every_cell_that_reads_it[configs/differential/boundary_wrap] PASSED [ 51%]
tests/test_townlet/unit/oracle/test_pack_freeze.py::test_every_drifting_pack_is_declared_by_every_cell_that_reads_it[configs/differential/div003_cubic_partial] PASSED [ 51%]
tests/test_townlet/unit/oracle/test_pack_freeze.py::test_every_drifting_pack_is_declared_by_every_cell_that_reads_it[configs/differential/div003_rect] PASSED [ 51%]
tests/test_townlet/unit/oracle/test_pack_freeze.py::test_every_drifting_pack_is_declared_by_every_cell_that_reads_it[configs/test/effects_smoke] PASSED [ 51%]
tests/test_townlet/unit/oracle/test_pack_freeze.py::test_every_drifting_pack_is_declared_by_every_cell_that_reads_it[configs/test/items_smoke] PASSED [ 51%]
tests/test_townlet/unit/oracle/test_pack_freeze.py::test_fixtures_live_outside_configs PASSED [ 51%]
tests/test_townlet/unit/oracle/test_pack_freeze.py::test_undeclared_drift_fails_the_cell PASSED [ 51%]
tests/test_townlet/unit/oracle/test_pack_freeze.py::test_declared_drift_lets_the_cell_proceed PASSED [ 51%]
tests/test_townlet/unit/oracle/test_pack_freeze.py::test_absent_live_pack_is_not_reported_as_drift PASSED [ 51%]
tests/test_townlet/unit/oracle/test_pack_freeze.py::test_live_pack_without_a_fixture_is_reported PASSED [ 51%]
tests/test_townlet/unit/oracle/test_pack_freeze.py::test_drift_is_measured_between_the_roots_the_two_sides_actually_read PASSED [ 51%]
tests/test_townlet/unit/oracle/test_pack_freeze.py::test_self_comparison_resolves_the_live_root_on_both_sides PASSED [ 51%]
tests/test_townlet/unit/oracle/test_pack_freeze.py::test_build_caches_are_not_drift PASSED [ 51%]
tests/test_townlet/unit/oracle/test_trace_io.py::test_save_load_round_trip PASSED [ 51%]
tests/test_townlet/unit/oracle/test_trace_io.py::test_load_rejects_unknown_format_version PASSED [ 51%]
tests/test_townlet/unit/oracle/test_trace_io.py::test_oracle_tag_constant PASSED [ 51%]
tests/test_townlet/unit/oracle/test_trace_io.py::test_v4_round_trips_actions_and_action_source PASSED [ 51%]
tests/test_townlet/unit/oracle/test_trace_io.py::test_v3_trace_refuses_loudly PASSED [ 51%]
tests/test_townlet/unit/oracle/test_trace_io.py::test_stream_steps_order_actions_dones_rewards_obs PASSED [ 51%]
tests/test_townlet/unit/population/test_action_selection.py::TestGreedyActionSelection::test_greedy_selection_respects_masks PASSED [ 51%]
tests/test_townlet/unit/population/test_action_selection.py::TestGreedyActionSelection::test_greedy_selects_highest_q_value PASSED [ 52%]
tests/test_townlet/unit/population/test_action_selection.py::TestGreedyActionSelection::test_masked_actions_get_negative_infinity PASSED [ 52%]
tests/test_townlet/unit/population/test_action_selection.py::TestEpsilonGreedyActionSelection::test_epsilon_zero_is_greedy PASSED [ 52%]
tests/test_townlet/unit/population/test_action_selection.py::TestEpsilonGreedyActionSelection::test_epsilon_one_is_random PASSED [ 52%]
tests/test_townlet/unit/population/test_action_selection.py::TestEpsilonGreedyActionSelection::test_epsilon_greedy_respects_masks PASSED [ 52%]
tests/test_townlet/unit/population/test_action_selection.py::TestEpsilonGreedyActionSelection::test_epsilon_greedy_mixes_exploration_exploitation PASSED [ 52%]
tests/test_townlet/unit/population/test_action_selection.py::TestRecurrentNetworkActionSelection::test_recurrent_greedy_selection PASSED [ 52%]
tests/test_townlet/unit/population/test_action_selection.py::TestRecurrentNetworkActionSelection::test_recurrent_epsilon_greedy_selection PASSED [ 52%]
tests/test_townlet/unit/population/test_action_selection.py::TestRecurrentNetworkActionSelection::test_recurrent_respects_masks_at_boundary PASSED [ 52%]
tests/test_townlet/unit/population/test_action_selection.py::TestActionSelectionEdgeCases::test_single_agent_at_corner PASSED [ 52%]
tests/test_townlet/unit/population/test_action_selection.py::TestActionSelectionEdgeCases::test_all_movement_actions_valid_at_center PASSED [ 52%]
tests/test_townlet/unit/population/test_double_dqn_algorithm.py::TestDoubleDQNFeedforward::test_vanilla_dqn_uses_max_q_from_target_network PASSED [ 52%]
tests/test_townlet/unit/population/test_double_dqn_algorithm.py::TestDoubleDQNFeedforward::test_double_dqn_uses_online_network_for_action_selection PASSED [ 52%]
tests/test_townlet/unit/population/test_double_dqn_algorithm.py::TestDoubleDQNFeedforward::test_double_dqn_differs_from_vanilla_dqn PASSED [ 52%]
tests/test_townlet/unit/population/test_double_dqn_algorithm.py::TestDoubleDQNRecurrent::test_recurrent_double_dqn_uses_online_network_for_action_selection PASSED [ 52%]
tests/test_townlet/unit/population/test_double_dqn_algorithm.py::TestDoubleDQNRecurrent::test_recurrent_vanilla_vs_double_dqn_differ PASSED [ 52%]
tests/test_townlet/unit/population/test_recurrent_training.py::TestRecurrentNetworkInitialization::test_recurrent_network_creates_sequential_buffer PASSED [ 52%]
tests/test_townlet/unit/population/test_recurrent_training.py::TestRecurrentNetworkInitialization::test_recurrent_network_initializes_hidden_states PASSED [ 52%]
tests/test_townlet/unit/population/test_recurrent_training.py::TestLSTMHiddenStateManagement::test_reset_hidden_state_zeros_specific_agent PASSED [ 52%]
tests/test_townlet/unit/population/test_recurrent_training.py::TestEpisodeBuffering::test_store_episode_and_reset_adds_to_buffer PASSED [ 52%]
tests/test_townlet/unit/population/test_recurrent_training.py::TestEpisodeBuffering::test_store_episode_skips_empty_episodes PASSED [ 52%]
tests/test_townlet/unit/population/test_recurrent_training.py::TestEpisodeBuffering::test_flush_episode_stores_and_finalizes PASSED [ 52%]
tests/test_townlet/unit/population/test_recurrent_training.py::TestRecurrentTraining::test_recurrent_training_path_via_step_population PASSED [ 52%]
tests/test_townlet/unit/population/test_recurrent_training.py::TestAdaptiveIntrinsicExplorationIntegration::test_adaptive_exploration_updates_on_episode_end PASSED [ 52%]
tests/test_townlet/unit/population/test_recurrent_training.py::TestSnapshotAndMetrics::test_build_telemetry_snapshot_generates_runtime_data PASSED [ 52%]
tests/test_townlet/unit/population/test_recurrent_training.py::TestSnapshotAndMetrics::test_update_curriculum_tracker_when_tracker_exists PASSED [ 52%]
tests/test_townlet/unit/population/test_recurrent_training.py::TestSnapshotAndMetrics::test_recurrent_network_uses_the_compiled_token_schema PASSED [ 52%]
tests/test_townlet/unit/population/test_recurrent_training.py::TestSnapshotAndMetrics::test_get_training_metrics_returns_dict PASSED [ 52%]
tests/test_townlet/unit/population/test_runtime_registry.py::TestAgentRuntimeRegistryInitialization::test_requires_agent_ids PASSED [ 52%]
tests/test_townlet/unit/population/test_runtime_registry.py::TestAgentRuntimeRegistryInitialization::test_initial_tensors_live_on_device PASSED [ 52%]
tests/test_townlet/unit/population/test_runtime_registry.py::TestAgentRuntimeRegistryMutations::test_record_survival_time_accepts_tensor_input PASSED [ 52%]
tests/test_townlet/unit/population/test_runtime_registry.py::TestAgentRuntimeRegistryMutations::test_setters_accept_python_scalars PASSED [ 52%]
tests/test_townlet/unit/population/test_runtime_registry.py::TestAgentRuntimeRegistryMutations::test_setters_accept_list_values PASSED [ 52%]
tests/test_townlet/unit/population/test_runtime_registry.py::TestAgentRuntimeRegistryMutations::test_invalid_value_type_raises PASSED [ 52%]
tests/test_townlet/unit/population/test_runtime_registry.py::TestAgentRuntimeRegistrySnapshots::test_snapshot_returns_json_safe_payload PASSED [ 52%]
tests/test_townlet/unit/population/test_vectorized_population.py::TestDoubleDQNConfiguration::test_population_accepts_use_double_dqn_parameter PASSED [ 52%]
tests/test_townlet/unit/population/test_vectorized_population.py::TestDoubleDQNConfiguration::test_population_defaults_to_vanilla_dqn_when_false PASSED [ 52%]
tests/test_townlet/unit/population/test_vectorized_population.py::TestDoubleDQNConfiguration::test_population_stores_use_double_dqn_attribute PASSED [ 52%]
tests/test_townlet/unit/population/test_vectorized_population.py::TestBrainConfigIntegration::test_population_accepts_brain_config_parameter PASSED [ 52%]
tests/test_townlet/unit/population/test_vectorized_population.py::TestBrainConfigIntegration::test_population_builds_network_from_brain_config PASSED [ 52%]
tests/test_townlet/unit/population/test_vectorized_population.py::TestBrainConfigIntegration::test_population_builds_optimizer_from_brain_config PASSED [ 52%]
tests/test_townlet/unit/population/test_vectorized_population.py::TestBrainConfigIntegration::test_brain_config_sets_q_learning_parameters PASSED [ 52%]
tests/test_townlet/unit/population/test_vectorized_population.py::TestBrainConfigIntegration::test_configured_loss_function_is_used PASSED [ 52%]
tests/test_townlet/unit/population/test_vectorized_population.py::TestSchedulerIntegration::test_population_unpacks_scheduler_from_optimizer_factory PASSED [ 53%]
tests/test_townlet/unit/population/test_vectorized_population.py::TestSchedulerIntegration::test_population_has_no_scheduler_for_constant_schedule PASSED [ 53%]
tests/test_townlet/unit/population/test_vectorized_population.py::TestSchedulerIntegration::test_exponential_scheduler_support PASSED [ 53%]
tests/test_townlet/unit/population/test_vectorized_population.py::TestSchedulerIntegration::test_scheduler_state_persists_across_checkpoint_save_load PASSED [ 53%]
tests/test_townlet/unit/population/test_vectorized_population.py::TestPopulationCheckpointSchema::test_immediately_previous_population_version_refuses_without_mutation PASSED [ 53%]
tests/test_townlet/unit/population/test_vectorized_population.py::TestPopulationCheckpointSchema::test_population_version_requires_an_exact_integer_before_mutation[4.0] PASSED [ 53%]
tests/test_townlet/unit/population/test_vectorized_population.py::TestPopulationCheckpointSchema::test_population_version_requires_an_exact_integer_before_mutation[True] PASSED [ 53%]
tests/test_townlet/unit/population/test_vectorized_population.py::TestPopulationCheckpointSchema::test_optimizer_and_scheduler_invalid_configuration_refuses_whole_state_before_mutation[optimizer-negative-lr] PASSED [ 53%]
tests/test_townlet/unit/population/test_vectorized_population.py::TestPopulationCheckpointSchema::test_optimizer_and_scheduler_invalid_configuration_refuses_whole_state_before_mutation[optimizer-invalid-betas] PASSED [ 53%]
tests/test_townlet/unit/population/test_vectorized_population.py::TestPopulationCheckpointSchema::test_optimizer_and_scheduler_invalid_configuration_refuses_whole_state_before_mutation[scheduler-gamma] PASSED [ 53%]
tests/test_townlet/unit/population/test_vectorized_population.py::TestPopulationCheckpointSchema::test_optimizer_and_scheduler_invalid_configuration_refuses_whole_state_before_mutation[scheduler-step-size] PASSED [ 53%]
tests/test_townlet/unit/population/test_vectorized_population.py::TestPopulationCheckpointSchema::test_population_materializes_replay_restore_exactly_once PASSED [ 53%]
tests/test_townlet/unit/population/test_vectorized_population.py::TestPopulationCheckpointSchema::test_nested_replay_and_runtime_width_refuse_before_any_population_mutation[replay-kind] PASSED [ 53%]
tests/test_townlet/unit/population/test_vectorized_population.py::TestPopulationCheckpointSchema::test_nested_replay_and_runtime_width_refuse_before_any_population_mutation[replay-version] PASSED [ 53%]
tests/test_townlet/unit/population/test_vectorized_population.py::TestPopulationCheckpointSchema::test_nested_replay_and_runtime_width_refuse_before_any_population_mutation[replay-width] PASSED [ 53%]
tests/test_townlet/unit/population/test_vectorized_population.py::TestPopulationCheckpointSchema::test_nested_replay_and_runtime_width_refuse_before_any_population_mutation[current-env-width] PASSED [ 53%]
tests/test_townlet/unit/population/test_vectorized_population.py::TestPopulationCheckpointSchema::test_per_wrong_kind_refuses_before_any_population_mutation PASSED [ 53%]
tests/test_townlet/unit/population/test_vectorized_population.py::TestPopulationCheckpointSchema::test_producer_emits_exact_current_key_sets PASSED [ 53%]
tests/test_townlet/unit/population/test_vectorized_population.py::TestPopulationCheckpointSchema::test_validator_is_public_non_mutating_and_refuses_network_shape_mismatch PASSED [ 53%]
tests/test_townlet/unit/population/test_vectorized_population.py::TestPopulationCheckpointSchema::test_loader_refuses_network_dtype_mismatch_before_any_population_mutation PASSED [ 53%]
tests/test_townlet/unit/population/test_vectorized_population.py::TestPopulationCheckpointSchema::test_loader_refuses_invalid_optimizer_before_network_mutation PASSED [ 53%]
tests/test_townlet/unit/population/test_vectorized_population.py::TestPopulationCheckpointSchema::test_validator_refuses_boolean_optimizer_parameter_id PASSED [ 53%]
tests/test_townlet/unit/population/test_vectorized_population.py::TestPopulationCheckpointSchema::test_loader_refuses_exploration_configuration_mismatch_before_mutation PASSED [ 53%]
tests/test_townlet/unit/population/test_vectorized_population.py::TestPopulationCheckpointSchema::test_loader_refuses_invalid_counter_before_any_population_mutation[total_steps] PASSED [ 53%]
tests/test_townlet/unit/population/test_vectorized_population.py::TestPopulationCheckpointSchema::test_loader_refuses_invalid_counter_before_any_population_mutation[training_step_counter] PASSED [ 53%]
tests/test_townlet/unit/population/test_vectorized_population.py::TestPopulationCheckpointSchema::test_loader_refuses_every_missing_top_level_key[exploration_state] PASSED [ 53%]
tests/test_townlet/unit/population/test_vectorized_population.py::TestPopulationCheckpointSchema::test_loader_refuses_every_missing_top_level_key[optimizer] PASSED [ 53%]
tests/test_townlet/unit/population/test_vectorized_population.py::TestPopulationCheckpointSchema::test_loader_refuses_every_missing_top_level_key[q_network] PASSED [ 53%]
tests/test_townlet/unit/population/test_vectorized_population.py::TestPopulationCheckpointSchema::test_loader_refuses_every_missing_top_level_key[replay_buffer] PASSED [ 53%]
tests/test_townlet/unit/population/test_vectorized_population.py::TestPopulationCheckpointSchema::test_loader_refuses_every_missing_top_level_key[scheduler] PASSED [ 53%]
tests/test_townlet/unit/population/test_vectorized_population.py::TestPopulationCheckpointSchema::test_loader_refuses_every_missing_top_level_key[target_network] PASSED [ 53%]
tests/test_townlet/unit/population/test_vectorized_population.py::TestPopulationCheckpointSchema::test_loader_refuses_every_missing_top_level_key[total_steps] PASSED [ 53%]
tests/test_townlet/unit/population/test_vectorized_population.py::TestPopulationCheckpointSchema::test_loader_refuses_every_missing_top_level_key[training_step_counter] PASSED [ 53%]
tests/test_townlet/unit/population/test_vectorized_population.py::TestPopulationCheckpointSchema::test_loader_refuses_every_missing_top_level_key[universe_metadata] PASSED [ 53%]
tests/test_townlet/unit/population/test_vectorized_population.py::TestPopulationCheckpointSchema::test_loader_refuses_every_missing_top_level_key[version] PASSED [ 53%]
tests/test_townlet/unit/population/test_vectorized_population.py::TestPopulationCheckpointSchema::test_loader_refuses_unknown_top_level_key PASSED [ 53%]
tests/test_townlet/unit/population/test_vectorized_population.py::TestPopulationCheckpointSchema::test_loader_refuses_every_missing_universe_metadata_key[action_dim] PASSED [ 53%]
tests/test_townlet/unit/population/test_vectorized_population.py::TestPopulationCheckpointSchema::test_loader_refuses_every_missing_universe_metadata_key[meter_count] PASSED [ 53%]
tests/test_townlet/unit/population/test_vectorized_population.py::TestPopulationCheckpointSchema::test_loader_refuses_every_missing_universe_metadata_key[meter_names] PASSED [ 53%]
tests/test_townlet/unit/population/test_vectorized_population.py::TestPopulationCheckpointSchema::test_loader_refuses_every_missing_universe_metadata_key[obs_dim] PASSED [ 53%]
tests/test_townlet/unit/population/test_vectorized_population.py::TestPopulationCheckpointSchema::test_loader_refuses_every_missing_universe_metadata_key[observation_schema_hash] PASSED [ 53%]
tests/test_townlet/unit/population/test_vectorized_population.py::TestPopulationCheckpointSchema::test_loader_refuses_every_missing_universe_metadata_key[version] PASSED [ 53%]
tests/test_townlet/unit/population/test_vectorized_population.py::TestPopulationCheckpointSchema::test_loader_refuses_unknown_universe_metadata_key PASSED [ 54%]
tests/test_townlet/unit/population/test_vectorized_population.py::TestPopulationCheckpointSchema::test_loader_validates_every_universe_metadata_value[meter-names] PASSED [ 54%]
tests/test_townlet/unit/population/test_vectorized_population.py::TestPopulationCheckpointSchema::test_loader_validates_every_universe_metadata_value[bar-version] PASSED [ 54%]
tests/test_townlet/unit/population/test_vectorized_population.py::TestPopulationCheckpointSchema::test_loader_refuses_null_mandatory_state[target_network] PASSED [ 54%]
tests/test_townlet/unit/population/test_vectorized_population.py::TestPopulationCheckpointSchema::test_loader_refuses_null_mandatory_state[replay_buffer] PASSED [ 54%]
tests/test_townlet/unit/population/test_vectorized_population.py::TestPopulationCheckpointSchema::test_loader_refuses_null_mandatory_state[exploration_state] PASSED [ 54%]
tests/test_townlet/unit/population/test_vectorized_population.py::TestPopulationCheckpointSchema::test_loader_refuses_scheduler_state_when_current_scheduler_is_absent PASSED [ 54%]
tests/test_townlet/unit/population/test_vectorized_population.py::TestPopulationCheckpointSchema::test_loader_refuses_null_scheduler_when_current_scheduler_exists PASSED [ 54%]
tests/test_townlet/unit/population/test_vectorized_population.py::TestPopulationCheckpointSchema::test_loader_restores_counters_and_exploration_exactly PASSED [ 54%]
tests/test_townlet/unit/population/test_vectorized_population.py::test_brain_config_none_raises_valueerror PASSED [ 54%]
tests/test_townlet/unit/population/test_vectorized_population.py::test_token_spec_none_raises_valueerror PASSED [ 54%]
tests/test_townlet/unit/population/test_vectorized_population.py::test_token_spec_missing_attribute_raises_valueerror PASSED [ 54%]
tests/test_townlet/unit/population/test_vectorized_population.py::test_device_mismatch_in_step_all_raises_runtime_error PASSED [ 54%]
tests/test_townlet/unit/population/test_vectorized_population.py::TestPopulationExplorationTelemetry::test_exact_values_for_all_supported_strategies PASSED [ 54%]
tests/test_townlet/unit/population/test_vectorized_population.py::TestPopulationExplorationTelemetry::test_unsupported_strategy_refuses_instead_of_falling_back PASSED [ 54%]
tests/test_townlet/unit/population/test_vectorized_population.py::TestRewardComponentWiring::test_components_extracted_from_info_dict PASSED [ 54%]
tests/test_townlet/unit/population/test_vectorized_population.py::TestRewardComponentWiring::test_reward_tensor_created_with_components PASSED [ 54%]
tests/test_townlet/unit/population/test_vectorized_population.py::TestRewardComponentWiring::test_tensorboard_logging_called_when_components_present PASSED [ 54%]
tests/test_townlet/unit/population/test_vectorized_population.py::TestRewardComponentWiring::test_episode_container_has_component_keys PASSED [ 54%]
tests/test_townlet/unit/recording/test_criteria.py::TestPeriodicCriterion::test_periodic_records_at_interval PASSED [ 54%]
tests/test_townlet/unit/recording/test_criteria.py::TestPeriodicCriterion::test_periodic_disabled PASSED [ 54%]
tests/test_townlet/unit/recording/test_criteria.py::TestStageTransitionCriterion::test_stage_transition_records_when_likely PASSED [ 54%]
tests/test_townlet/unit/recording/test_criteria.py::TestStageTransitionCriterion::test_stage_transition_no_record_when_not_likely PASSED [ 54%]
tests/test_townlet/unit/recording/test_criteria.py::TestStageTransitionCriterion::test_stage_transition_records_before_transition PASSED [ 54%]
tests/test_townlet/unit/recording/test_criteria.py::TestStageTransitionCriterion::test_stage_transition_records_after_transition PASSED [ 54%]
tests/test_townlet/unit/recording/test_criteria.py::TestPerformanceCriterion::test_performance_records_top_percentile PASSED [ 54%]
tests/test_townlet/unit/recording/test_criteria.py::TestPerformanceCriterion::test_performance_records_bottom_percentile PASSED [ 54%]
tests/test_townlet/unit/recording/test_criteria.py::TestPerformanceCriterion::test_performance_no_record_middle_percentile PASSED [ 54%]
tests/test_townlet/unit/recording/test_criteria.py::TestPerformanceCriterion::test_performance_needs_minimum_history PASSED [ 54%]
tests/test_townlet/unit/recording/test_criteria.py::TestStageBoundariesCriterion::test_stage_boundaries_records_first_n PASSED [ 54%]
tests/test_townlet/unit/recording/test_criteria.py::TestStageBoundariesCriterion::test_stage_boundaries_records_last_n PASSED [ 54%]
tests/test_townlet/unit/recording/test_criteria.py::TestStageBoundariesCriterion::test_stage_boundaries_resets_per_stage PASSED [ 54%]
tests/test_townlet/unit/recording/test_criteria.py::TestMultipleCriteria::test_multiple_criteria_or_logic PASSED [ 54%]
tests/test_townlet/unit/recording/test_criteria.py::TestMultipleCriteria::test_all_criteria_disabled PASSED [ 54%]
tests/test_townlet/unit/recording/test_data_structures.py::TestRecordedStep::test_basic_step_serialization_roundtrip PASSED [ 54%]
tests/test_townlet/unit/recording/test_data_structures.py::TestRecordedStep::test_step_with_q_values_serialization PASSED [ 54%]
tests/test_townlet/unit/recording/test_data_structures.py::TestRecordedStep::test_step_with_temporal_mechanics_serialization PASSED [ 54%]
tests/test_townlet/unit/recording/test_data_structures.py::TestRecordedStep::test_terminal_step_serialization PASSED [ 54%]
tests/test_townlet/unit/recording/test_data_structures.py::TestEpisodeMetadata::test_basic_metadata_serialization_roundtrip PASSED [ 54%]
tests/test_townlet/unit/recording/test_data_structures.py::TestEpisodeMetadata::test_metadata_with_no_affordance_visits PASSED [ 54%]
tests/test_townlet/unit/recording/test_data_structures.py::TestEpisodeEndMarker::test_episode_end_marker_creation PASSED [ 54%]
tests/test_townlet/unit/recording/test_database.py::TestDatabaseRecording::test_create_recordings_table PASSED [ 54%]
tests/test_townlet/unit/recording/test_database.py::TestDatabaseRecording::test_insert_recording PASSED [ 54%]
tests/test_townlet/unit/recording/test_database.py::TestDatabaseRecording::test_get_recording PASSED [ 55%]
tests/test_townlet/unit/recording/test_database.py::TestDatabaseRecording::test_get_recording_not_found PASSED [ 55%]
tests/test_townlet/unit/recording/test_database.py::TestDatabaseRecording::test_list_recordings_all PASSED [ 55%]
tests/test_townlet/unit/recording/test_database.py::TestDatabaseRecording::test_list_recordings_filter_by_stage PASSED [ 55%]
tests/test_townlet/unit/recording/test_database.py::TestDatabaseRecording::test_list_recordings_filter_by_reason PASSED [ 55%]
tests/test_townlet/unit/recording/test_database.py::TestDatabaseRecording::test_list_recordings_filter_by_reward_range PASSED [ 55%]
tests/test_townlet/unit/recording/test_database.py::TestDatabaseRecording::test_list_recordings_limit PASSED [ 55%]
tests/test_townlet/unit/recording/test_database.py::TestAffordanceTransitions::test_insert_affordance_visits PASSED [ 55%]
tests/test_townlet/unit/recording/test_database.py::TestAffordanceTransitions::test_insert_affordance_visits_empty PASSED [ 55%]
tests/test_townlet/unit/recording/test_database.py::TestAffordanceTransitions::test_insert_affordance_visits_self_loop PASSED [ 55%]
tests/test_townlet/unit/recording/test_database.py::TestDatabaseContextManager::test_context_manager_closes_on_exit PASSED [ 55%]
tests/test_townlet/unit/recording/test_database.py::TestDatabaseContextManager::test_context_manager_closes_on_exception PASSED [ 55%]
tests/test_townlet/unit/recording/test_database.py::TestDatabaseContextManager::test_del_method_closes_database PASSED [ 55%]
tests/test_townlet/unit/recording/test_recorder.py::test_record_step_uses_recording_output_dir_fixture PASSED [ 55%]
tests/test_townlet/unit/recording/test_recorder.py::TestEpisodeRecorderEdgeCases::test_record_step_with_list_q_values PASSED [ 55%]
tests/test_townlet/unit/recording/test_recorder.py::TestEpisodeRecorderEdgeCases::test_record_step_with_list_action_masks PASSED [ 55%]
tests/test_townlet/unit/recording/test_recorder.py::TestEpisodeRecorderEdgeCases::test_finish_episode_queue_full_error PASSED [ 55%]
tests/test_townlet/unit/recording/test_recorder.py::TestEpisodeRecorderEdgeCases::test_shutdown_method PASSED [ 55%]
tests/test_townlet/unit/recording/test_recorder.py::TestRecordingWriterProcessing::test_writer_loop_processes_recorded_step PASSED [ 55%]
tests/test_townlet/unit/recording/test_recorder.py::TestRecordingWriterProcessing::test_writer_loop_processes_episode_end_marker PASSED [ 55%]
tests/test_townlet/unit/recording/test_recorder.py::TestRecordingWriterProcessing::test_process_episode_end_should_record_true PASSED [ 55%]
tests/test_townlet/unit/recording/test_recorder.py::TestRecordingWriterProcessing::test_process_episode_end_should_record_false PASSED [ 55%]
tests/test_townlet/unit/recording/test_recorder.py::TestRecordingWriterProcessing::test_should_record_episode_periodic_enabled PASSED [ 55%]
tests/test_townlet/unit/recording/test_recorder.py::TestRecordingWriterProcessing::test_should_record_episode_periodic_disabled PASSED [ 55%]
tests/test_townlet/unit/recording/test_recorder.py::TestRecordingWriterProcessing::test_should_record_episode_no_criteria PASSED [ 55%]
tests/test_townlet/unit/recording/test_recorder.py::TestRecordingWriterProcessing::test_write_episode_with_lz4_compression PASSED [ 55%]
tests/test_townlet/unit/recording/test_recorder.py::TestRecordingWriterProcessing::test_write_episode_no_compression PASSED [ 55%]
tests/test_townlet/unit/recording/test_recorder.py::TestRecordingWriterProcessing::test_write_episode_with_database_insertion PASSED [ 55%]
tests/test_townlet/unit/recording/test_recorder.py::TestRecordingWriterProcessing::test_stop_method PASSED [ 55%]
tests/test_townlet/unit/recording/test_video_export.py::TestExportEpisodeVideo::test_export_success_with_explicit_grid_size PASSED [ 55%]
tests/test_townlet/unit/recording/test_video_export.py::TestExportEpisodeVideo::test_export_failure_episode_load_failed PASSED [ 55%]
tests/test_townlet/unit/recording/test_video_export.py::TestExportEpisodeVideo::test_export_failure_metadata_missing PASSED [ 55%]
tests/test_townlet/unit/recording/test_video_export.py::TestExportEpisodeVideo::test_export_grid_size_auto_detection PASSED [ 55%]
tests/test_townlet/unit/recording/test_video_export.py::TestExportEpisodeVideo::test_export_failure_step_data_missing PASSED [ 55%]
tests/test_townlet/unit/recording/test_video_export.py::TestExportEpisodeVideo::test_export_failure_encoding_failed PASSED [ 55%]
tests/test_townlet/unit/recording/test_video_export.py::TestExportEpisodeVideo::test_export_custom_style_and_dpi PASSED [ 55%]
tests/test_townlet/unit/recording/test_video_export.py::TestEncodeVideoFFmpeg::test_encode_success PASSED [ 55%]
tests/test_townlet/unit/recording/test_video_export.py::TestEncodeVideoFFmpeg::test_encode_ffmpeg_not_found PASSED [ 55%]
tests/test_townlet/unit/recording/test_video_export.py::TestEncodeVideoFFmpeg::test_encode_ffmpeg_version_check_failed PASSED [ 55%]
tests/test_townlet/unit/recording/test_video_export.py::TestEncodeVideoFFmpeg::test_encode_ffmpeg_encoding_failed PASSED [ 55%]
tests/test_townlet/unit/recording/test_video_export.py::TestEncodeVideoFFmpeg::test_encode_speed_adjustment PASSED [ 55%]
tests/test_townlet/unit/recording/test_video_export.py::TestEncodeVideoFFmpeg::test_encode_custom_fps PASSED [ 55%]
tests/test_townlet/unit/recording/test_video_export.py::TestBatchExportVideos::test_batch_export_success PASSED [ 55%]
tests/test_townlet/unit/recording/test_video_export.py::TestBatchExportVideos::test_batch_export_partial_failures PASSED [ 56%]
tests/test_townlet/unit/recording/test_video_export.py::TestBatchExportVideos::test_batch_export_with_filters PASSED [ 56%]
tests/test_townlet/unit/recording/test_video_export.py::TestBatchExportVideos::test_batch_export_custom_rendering_params PASSED [ 56%]
tests/test_townlet/unit/recording/test_video_export.py::TestBatchExportVideos::test_batch_export_output_filename_format PASSED [ 56%]
tests/test_townlet/unit/recording/test_video_export.py::TestBatchExportVideos::test_batch_export_no_recordings_found PASSED [ 56%]
tests/test_townlet/unit/scripts/test_l2_baseline.py::TestRewriteSeed::test_rewrite_changes_exactly_the_seed_line PASSED [ 56%]
tests/test_townlet/unit/scripts/test_l2_baseline.py::TestRewriteSeed::test_zero_or_multiple_seed_lines_refuse PASSED [ 56%]
tests/test_townlet/unit/scripts/test_l2_baseline.py::TestIQM::test_iqm_drops_tails PASSED [ 56%]
tests/test_townlet/unit/scripts/test_l2_baseline.py::TestIQM::test_iqm_small_n_falls_back_to_mean PASSED [ 56%]
tests/test_townlet/unit/scripts/test_l2_baseline.py::TestIQM::test_iqm_empty_refuses PASSED [ 56%]
tests/test_townlet/unit/scripts/test_l2_token_regression.py::TestFrozenContract::test_exact_per_seed_budgets_and_raw_threshold PASSED [ 56%]
tests/test_townlet/unit/scripts/test_l2_token_regression.py::TestFrozenContract::test_template_must_match_declared_cell[mean-token_feedforward-token_set] PASSED [ 56%]
tests/test_townlet/unit/scripts/test_l2_token_regression.py::TestFrozenContract::test_template_must_match_declared_cell[mean-token_recurrent-recurrent] PASSED [ 56%]
tests/test_townlet/unit/scripts/test_l2_token_regression.py::TestFrozenContract::test_template_must_match_declared_cell[attention-token_feedforward-token_set] PASSED [ 56%]
tests/test_townlet/unit/scripts/test_l2_token_regression.py::TestFrozenContract::test_template_must_match_declared_cell[attention-token_recurrent-recurrent] PASSED [ 56%]
tests/test_townlet/unit/scripts/test_l2_token_regression.py::TestFrozenContract::test_template_mismatch_refuses PASSED [ 56%]
tests/test_townlet/unit/scripts/test_l2_token_regression.py::TestSummary::test_four_cells_representative_seed_and_raw_score PASSED [ 56%]
tests/test_townlet/unit/scripts/test_l2_token_regression.py::TestSummary::test_sub_vector_shortfall_is_compliant_and_recorded PASSED [ 56%]
tests/test_townlet/unit/scripts/test_l2_token_regression.py::TestSummary::test_oversized_shortfall_fails_cell PASSED [ 56%]
tests/test_townlet/unit/scripts/test_l2_token_regression.py::TestSummary::test_raw_score_below_threshold_fails_cell PASSED [ 56%]
tests/test_townlet/unit/scripts/test_l2_token_regression.py::TestSummary::test_missing_cell_artifact_refuses PASSED [ 56%]
tests/test_townlet/unit/scripts/test_l2_token_regression.py::TestSummary::test_cross_cell_cohort_identity_drift_refuses PASSED [ 56%]
tests/test_townlet/unit/scripts/test_l2_token_regression.py::TestDirtySourceGuard::test_dirty_acceptance_input_refuses_and_scans_all_protocol_paths PASSED [ 56%]
tests/test_townlet/unit/scripts/test_l2_token_regression.py::TestDirtySourceGuard::test_clean_identity_binds_engine_harness_and_templates PASSED [ 56%]
tests/test_townlet/unit/scripts/test_l2_token_regression.py::TestRuntimeIdentity::test_runtime_metadata_captures_model_and_compiled_token_identity PASSED [ 56%]
tests/test_townlet/unit/scripts/test_l2_token_regression.py::TestInvocationTiming::test_normalized_command_and_resumed_timing_preserve_original_start PASSED [ 56%]
tests/test_townlet/unit/scripts/test_l2_token_regression.py::TestInvocationTiming::test_eval_refuses_partial_large_shortfall_or_overshoot[0] PASSED [ 56%]
tests/test_townlet/unit/scripts/test_l2_token_regression.py::TestInvocationTiming::test_eval_refuses_partial_large_shortfall_or_overshoot[2278632] PASSED [ 56%]
tests/test_townlet/unit/scripts/test_l2_token_regression.py::TestInvocationTiming::test_eval_refuses_partial_large_shortfall_or_overshoot[2278641] PASSED [ 56%]
tests/test_townlet/unit/scripts/test_l2_token_regression.py::TestInvocationTiming::test_eval_accepts_conservative_sub_vector_shortfall PASSED [ 56%]
tests/test_townlet/unit/scripts/test_l2_token_regression.py::TestResume::test_resume_accepts_only_matching_unfinished_run PASSED [ 56%]
tests/test_townlet/unit/scripts/test_l2_token_regression.py::TestResume::test_resume_refuses_identity_cell_budget_or_template_mismatch[mutation0-harness_blob] PASSED [ 56%]
tests/test_townlet/unit/scripts/test_l2_token_regression.py::TestResume::test_resume_refuses_identity_cell_budget_or_template_mismatch[mutation1-architecture] PASSED [ 56%]
tests/test_townlet/unit/scripts/test_l2_token_regression.py::TestResume::test_resume_refuses_identity_cell_budget_or_template_mismatch[mutation2-requested_live_agent_steps] PASSED [ 56%]
tests/test_townlet/unit/scripts/test_l2_token_regression.py::TestResume::test_resume_refuses_identity_cell_budget_or_template_mismatch[mutation3-brain_template_sha256] PASSED [ 56%]
tests/test_townlet/unit/scripts/test_l2_token_regression.py::TestResume::test_resume_refuses_evaluated_or_checkpointless_run PASSED [ 56%]
tests/test_townlet/unit/scripts/test_l2_token_regression.py::TestTrainingCurves::test_harness_owns_its_curves_without_the_baseline_script PASSED [ 56%]
tests/test_townlet/unit/scripts/test_l2_token_regression.py::TestTrainingCurves::test_curves_and_transitions_come_from_database_and_verified_checkpoints PASSED [ 56%]
tests/test_townlet/unit/scripts/test_l2_token_regression.py::TestTrainingCurves::test_transitions_refuse_counter_regression_or_final_mismatch PASSED [ 56%]
tests/test_townlet/unit/scripts/test_l2_token_regression.py::TestTrainingCurves::test_transitions_refuse_checkpoint_without_digest PASSED [ 56%]
tests/test_townlet/unit/scripts/test_l2_token_regression.py::TestSummaryTransitionArtifact::test_summary_refuses_missing_or_inconsistent_transition_artifact PASSED [ 56%]
tests/test_townlet/unit/substrate/test_base.py::TestActionSpaceSizeProperty::test_grid2d_action_space_size PASSED [ 56%]
tests/test_townlet/unit/substrate/test_base.py::TestActionSpaceSizeProperty::test_grid3d_action_space_size PASSED [ 57%]
tests/test_townlet/unit/substrate/test_base.py::TestActionSpaceSizeProperty::test_continuous1d_action_space_size PASSED [ 57%]
tests/test_townlet/unit/substrate/test_base.py::TestActionSpaceSizeProperty::test_continuous2d_action_space_size PASSED [ 57%]
tests/test_townlet/unit/substrate/test_base.py::TestActionSpaceSizeProperty::test_continuous3d_action_space_size PASSED [ 57%]
tests/test_townlet/unit/substrate/test_base.py::TestActionSpaceSizeProperty::test_aspatial_action_space_size PASSED [ 57%]
tests/test_townlet/unit/substrate/test_base.py::TestActionSpaceSizeProperty::test_action_space_formula_consistency PASSED [ 57%]
tests/test_townlet/unit/substrate/test_config.py::test_grid2d_config_valid PASSED [ 57%]
tests/test_townlet/unit/substrate/test_config.py::test_grid2d_config_invalid_dimensions PASSED [ 57%]
tests/test_townlet/unit/substrate/test_config.py::test_aspatial_config_valid PASSED [ 57%]
tests/test_townlet/unit/substrate/test_config.py::test_substrate_config_grid2d PASSED [ 57%]
tests/test_townlet/unit/substrate/test_config.py::test_substrate_config_missing_grid PASSED [ 57%]
tests/test_townlet/unit/substrate/test_config.py::test_factory_build_grid2d PASSED [ 57%]
tests/test_townlet/unit/substrate/test_config.py::test_factory_build_aspatial PASSED [ 57%]
tests/test_townlet/unit/substrate/test_config.py::test_gridnd_config_includes_topology_field PASSED [ 57%]
tests/test_townlet/unit/substrate/test_config.py::test_gridnd_config_topology_can_be_overridden PASSED [ 57%]
tests/test_townlet/unit/substrate/test_config.py::test_gridnd_config_validates_yaml_with_topology PASSED [ 57%]
tests/test_townlet/unit/substrate/test_config.py::test_substrate_config_schema_valid[config_path0-8-8-64] PASSED [ 57%]
tests/test_townlet/unit/substrate/test_config.py::test_substrate_config_schema_valid[config_path1-8-8-64] PASSED [ 57%]
tests/test_townlet/unit/substrate/test_config.py::test_substrate_config_behavioral_equivalence[config_path0] PASSED [ 57%]
tests/test_townlet/unit/substrate/test_config.py::test_substrate_config_behavioral_equivalence[config_path1] PASSED [ 57%]
tests/test_townlet/unit/substrate/test_config.py::test_substrate_config_no_defaults PASSED [ 57%]
tests/test_townlet/unit/substrate/test_config.py::test_substrate_config_file_exists PASSED [ 57%]
tests/test_townlet/unit/substrate/test_config.py::test_substrate_config_invalid_boundary PASSED [ 57%]
tests/test_townlet/unit/substrate/test_config.py::test_substrate_config_invalid_distance_metric PASSED [ 57%]
tests/test_townlet/unit/substrate/test_config.py::test_substrate_config_non_square_grid PASSED [ 57%]
tests/test_townlet/unit/substrate/test_config.py::test_observation_mode_is_no_longer_a_stratum_key PASSED [ 57%]
tests/test_townlet/unit/substrate/test_config_nd.py::test_gridnd_config_valid_4d PASSED [ 57%]
tests/test_townlet/unit/substrate/test_config_nd.py::test_gridnd_config_valid_asymmetric PASSED [ 57%]
tests/test_townlet/unit/substrate/test_config_nd.py::test_gridnd_config_valid_high_dimensional PASSED [ 57%]
tests/test_townlet/unit/substrate/test_config_nd.py::test_gridnd_config_invalid_too_few_dimensions SKIPPED [ 57%]
tests/test_townlet/unit/substrate/test_config_nd.py::test_gridnd_config_invalid_zero_dimension PASSED [ 57%]
tests/test_townlet/unit/substrate/test_config_nd.py::test_gridnd_config_invalid_negative_dimension PASSED [ 57%]
tests/test_townlet/unit/substrate/test_config_nd.py::test_gridnd_config_invalid_too_many_dimensions SKIPPED [ 57%]
tests/test_townlet/unit/substrate/test_config_nd.py::test_continuous_config_valid_1d PASSED [ 57%]
tests/test_townlet/unit/substrate/test_config_nd.py::test_continuous_config_valid_2d PASSED [ 57%]
tests/test_townlet/unit/substrate/test_config_nd.py::test_continuous_config_valid_3d PASSED [ 57%]
tests/test_townlet/unit/substrate/test_config_nd.py::test_continuous_config_valid_4d PASSED [ 57%]
tests/test_townlet/unit/substrate/test_config_nd.py::test_continuous_config_valid_high_dimensional PASSED [ 57%]
tests/test_townlet/unit/substrate/test_config_nd.py::test_continuous_config_valid_asymmetric_bounds PASSED [ 57%]
tests/test_townlet/unit/substrate/test_config_nd.py::test_continuous_config_invalid_bounds_mismatch PASSED [ 57%]
tests/test_townlet/unit/substrate/test_config_nd.py::test_continuous_config_invalid_bound_order PASSED [ 57%]
tests/test_townlet/unit/substrate/test_config_nd.py::test_continuous_config_invalid_too_small_range SKIPPED [ 57%]
tests/test_townlet/unit/substrate/test_config_nd.py::test_continuous_config_invalid_too_many_dimensions PASSED [ 57%]
tests/test_townlet/unit/substrate/test_config_nd.py::test_continuous_config_chebyshev_metric PASSED [ 58%]
tests/test_townlet/unit/substrate/test_config_nd.py::test_substrate_config_gridnd PASSED [ 58%]
tests/test_townlet/unit/substrate/test_config_nd.py::test_substrate_config_gridnd_missing_config PASSED [ 58%]
tests/test_townlet/unit/substrate/test_config_nd.py::test_substrate_config_continuousnd PASSED [ 58%]
tests/test_townlet/unit/substrate/test_config_nd.py::test_substrate_config_continuousnd_missing_config PASSED [ 58%]
tests/test_townlet/unit/substrate/test_config_nd.py::test_substrate_config_continuous_wrong_dimensions SKIPPED [ 58%]
tests/test_townlet/unit/substrate/test_config_nd.py::test_substrate_config_continuousnd_wrong_dimensions SKIPPED [ 58%]
tests/test_townlet/unit/substrate/test_config_nd.py::test_substrate_config_gridnd_wrong_config_type PASSED [ 58%]
tests/test_townlet/unit/substrate/test_config_nd.py::test_substrate_config_multiple_configs_provided PASSED [ 58%]
tests/test_townlet/unit/substrate/test_config_nd.py::test_gridnd_yaml_round_trip PASSED [ 58%]
tests/test_townlet/unit/substrate/test_config_nd.py::test_continuousnd_yaml_round_trip PASSED [ 58%]
tests/test_townlet/unit/substrate/test_continuous.py::TestContinuousInitialization::test_continuous1d_initialization_valid PASSED [ 58%]
tests/test_townlet/unit/substrate/test_continuous.py::TestContinuousInitialization::test_continuous2d_initialization_valid PASSED [ 58%]
tests/test_townlet/unit/substrate/test_continuous.py::TestContinuousInitialization::test_continuous3d_initialization_valid PASSED [ 58%]
tests/test_townlet/unit/substrate/test_continuous.py::TestContinuousInitialization::test_initialization_invalid_dimensions PASSED [ 58%]
tests/test_townlet/unit/substrate/test_continuous.py::TestContinuousInitialization::test_initialization_bounds_mismatch PASSED [ 58%]
tests/test_townlet/unit/substrate/test_continuous.py::TestContinuousInitialization::test_initialization_invalid_bounds PASSED [ 58%]
tests/test_townlet/unit/substrate/test_continuous.py::TestContinuousInitialization::test_initialization_invalid_boundary_mode PASSED [ 58%]
tests/test_townlet/unit/substrate/test_continuous.py::TestContinuousInitialization::test_initialization_negative_movement_delta PASSED [ 58%]
tests/test_townlet/unit/substrate/test_continuous.py::TestContinuousInitialization::test_initialization_small_space_for_interaction PASSED [ 58%]
tests/test_townlet/unit/substrate/test_continuous.py::TestContinuousInitialization::test_initialization_warns_small_interaction_radius PASSED [ 58%]
tests/test_townlet/unit/substrate/test_continuous.py::TestContinuousPositionInitialization::test_initialize_positions_1d_shape PASSED [ 58%]
tests/test_townlet/unit/substrate/test_continuous.py::TestContinuousPositionInitialization::test_initialize_positions_2d_shape PASSED [ 58%]
tests/test_townlet/unit/substrate/test_continuous.py::TestContinuousPositionInitialization::test_initialize_positions_in_bounds PASSED [ 58%]
tests/test_townlet/unit/substrate/test_continuous.py::TestContinuousMovement::test_movement_basic PASSED [ 58%]
tests/test_townlet/unit/substrate/test_continuous.py::TestContinuousMovement::test_movement_clamp_boundary PASSED [ 58%]
tests/test_townlet/unit/substrate/test_continuous.py::TestContinuousMovement::test_movement_wrap_boundary PASSED [ 58%]
tests/test_townlet/unit/substrate/test_continuous.py::TestContinuousMovement::test_movement_bounce_boundary PASSED [ 58%]
tests/test_townlet/unit/substrate/test_continuous.py::TestContinuousMovement::test_movement_sticky_boundary PASSED [ 58%]
tests/test_townlet/unit/substrate/test_continuous.py::TestContinuousMovement::test_movement_batch PASSED [ 58%]
tests/test_townlet/unit/substrate/test_continuous.py::TestContinuousDistance::test_distance_euclidean PASSED [ 58%]
tests/test_townlet/unit/substrate/test_continuous.py::TestContinuousDistance::test_distance_manhattan PASSED [ 58%]
tests/test_townlet/unit/substrate/test_continuous.py::TestContinuousInteraction::test_is_on_position_within_radius PASSED [ 58%]
tests/test_townlet/unit/substrate/test_continuous.py::TestContinuousInteraction::test_is_on_position_outside_radius PASSED [ 58%]
tests/test_townlet/unit/substrate/test_continuous.py::TestContinuousInteraction::test_is_on_position_batch PASSED [ 58%]
tests/test_townlet/unit/substrate/test_continuous.py::TestContinuousUtilities::test_get_all_positions_raises_error PASSED [ 58%]
tests/test_townlet/unit/substrate/test_continuous.py::TestContinuousUtilities::test_get_valid_neighbors_raises_error PASSED [ 58%]
tests/test_townlet/unit/substrate/test_continuous.py::TestContinuousUtilities::test_supports_enumerable_positions PASSED [ 58%]
tests/test_townlet/unit/substrate/test_continuous.py::TestContinuousConfiguration::test_config_1d PASSED [ 58%]
tests/test_townlet/unit/substrate/test_continuous.py::TestContinuousConfiguration::test_config_2d PASSED [ 58%]
tests/test_townlet/unit/substrate/test_continuous.py::TestContinuousConfiguration::test_config_3d PASSED [ 58%]
tests/test_townlet/unit/substrate/test_continuous.py::TestDtypeIsolation::test_continuous_doesnt_contaminate_grid PASSED [ 58%]
tests/test_townlet/unit/substrate/test_continuous.py::TestDtypeIsolation::test_grid_doesnt_contaminate_continuous PASSED [ 58%]
tests/test_townlet/unit/substrate/test_continuous.py::TestDtypeIsolation::test_mixed_substrate_environment_dtype_isolation PASSED [ 59%]
tests/test_townlet/unit/substrate/test_continuous.py::TestBounceExactPositions::test_bounce_from_lower_bound_x PASSED [ 59%]
tests/test_townlet/unit/substrate/test_continuous.py::TestBounceExactPositions::test_bounce_from_upper_bound_x PASSED [ 59%]
tests/test_townlet/unit/substrate/test_continuous.py::TestBounceExactPositions::test_bounce_from_lower_bound_y PASSED [ 59%]
tests/test_townlet/unit/substrate/test_continuous.py::TestBounceExactPositions::test_bounce_from_upper_bound_y PASSED [ 59%]
tests/test_townlet/unit/substrate/test_continuous.py::TestBounceExactPositions::test_bounce_corner_both_bounds PASSED [ 59%]
tests/test_townlet/unit/substrate/test_continuous.py::TestBounceExactPositions::test_bounce_multiple_reflections_1d PASSED [ 59%]
tests/test_townlet/unit/substrate/test_continuous.py::TestBounceExactPositions::test_bounce_3d_all_dimensions PASSED [ 59%]
tests/test_townlet/unit/substrate/test_continuous_comprehensive.py::TestContinuousActionGeneration::test_get_default_actions_counts_and_order[Continuous1DSubstrate-kwargs0-3-expected_names_prefix0-INTERACT] PASSED [ 59%]
tests/test_townlet/unit/substrate/test_continuous_comprehensive.py::TestContinuousActionGeneration::test_get_default_actions_counts_and_order[Continuous2DSubstrate-kwargs1-17-expected_names_prefix1-INTERACT] PASSED [ 59%]
tests/test_townlet/unit/substrate/test_continuous_comprehensive.py::TestContinuousActionGeneration::test_get_default_actions_counts_and_order[Continuous3DSubstrate-kwargs2-7-expected_names_prefix2-INTERACT] PASSED [ 59%]
tests/test_townlet/unit/substrate/test_continuous_comprehensive.py::TestContinuousActionGeneration::test_get_default_actions_deltas_1d PASSED [ 59%]
tests/test_townlet/unit/substrate/test_continuous_comprehensive.py::TestContinuousActionGeneration::test_get_default_actions_deltas_3d PASSED [ 59%]
tests/test_townlet/unit/substrate/test_continuous_comprehensive.py::TestContinuousActionGeneration::test_get_default_actions_interact_and_wait PASSED [ 59%]
tests/test_townlet/unit/substrate/test_continuous_comprehensive.py::TestContinuousBounceEdgeCases::test_bounce_boundary_multiple_reflections_positive PASSED [ 59%]
tests/test_townlet/unit/substrate/test_continuous_comprehensive.py::TestContinuousBounceEdgeCases::test_bounce_boundary_exceed_half_reflection PASSED [ 59%]
tests/test_townlet/unit/substrate/test_continuous_comprehensive.py::TestContinuousChebyshevDistance::test_distance_chebyshev_2d PASSED [ 59%]
tests/test_townlet/unit/substrate/test_continuous_comprehensive.py::TestContinuousChebyshevDistance::test_distance_chebyshev_3d PASSED [ 59%]
tests/test_townlet/unit/substrate/test_continuous_comprehensive.py::TestContinuousGetValidNeighbors::test_get_valid_neighbors_raises_not_implemented_1d PASSED [ 59%]
tests/test_townlet/unit/substrate/test_continuous_comprehensive.py::TestContinuousGetValidNeighbors::test_get_valid_neighbors_raises_not_implemented_2d PASSED [ 59%]
tests/test_townlet/unit/substrate/test_continuous_comprehensive.py::TestContinuousGetValidNeighbors::test_get_valid_neighbors_raises_not_implemented_3d PASSED [ 59%]
tests/test_townlet/unit/substrate/test_continuous_comprehensive.py::TestContinuousNormalizePositions::test_normalize_positions_1d PASSED [ 59%]
tests/test_townlet/unit/substrate/test_continuous_comprehensive.py::TestContinuousNormalizePositions::test_normalize_positions_2d PASSED [ 59%]
tests/test_townlet/unit/substrate/test_continuous_comprehensive.py::TestContinuousNormalizePositions::test_normalize_positions_negative_bounds PASSED [ 59%]
tests/test_townlet/unit/substrate/test_continuous_comprehensive.py::TestContinuousCoordinateSemantics::test_coordinate_semantics_1d PASSED [ 59%]
tests/test_townlet/unit/substrate/test_continuous_comprehensive.py::TestContinuousCoordinateSemantics::test_coordinate_semantics_2d PASSED [ 59%]
tests/test_townlet/unit/substrate/test_continuous_comprehensive.py::TestContinuousCoordinateSemantics::test_coordinate_semantics_3d PASSED [ 59%]
tests/test_townlet/unit/substrate/test_continuousnd.py::test_continuousnd_requires_minimum_4_dimensions PASSED [ 59%]
tests/test_townlet/unit/substrate/test_continuousnd.py::test_continuousnd_validates_positive_bounds PASSED [ 59%]
tests/test_townlet/unit/substrate/test_continuousnd.py::test_continuousnd_asymmetric_bounds PASSED [ 59%]
tests/test_townlet/unit/substrate/test_continuousnd.py::test_continuousnd_warns_at_10_dimensions PASSED [ 59%]
tests/test_townlet/unit/substrate/test_continuousnd.py::test_continuousnd_exceeds_100_dimensions PASSED [ 59%]
tests/test_townlet/unit/substrate/test_continuousnd.py::test_continuousnd_movement_with_clamp_boundary PASSED [ 59%]
tests/test_townlet/unit/substrate/test_continuousnd.py::test_continuousnd_movement_with_wrap_boundary PASSED [ 59%]
tests/test_townlet/unit/substrate/test_continuousnd.py::test_continuousnd_distance_manhattan PASSED [ 59%]
tests/test_townlet/unit/substrate/test_continuousnd.py::test_continuousnd_distance_euclidean PASSED [ 59%]
tests/test_townlet/unit/substrate/test_continuousnd.py::test_continuousnd_distance_chebyshev PASSED [ 59%]
tests/test_townlet/unit/substrate/test_continuousnd.py::test_continuousnd_is_on_position_within_radius PASSED [ 59%]
tests/test_townlet/unit/substrate/test_continuousnd.py::test_continuousnd_initialize_positions PASSED [ 59%]
tests/test_townlet/unit/substrate/test_continuousnd.py::test_continuousnd_get_valid_neighbors_raises PASSED [ 59%]
tests/test_townlet/unit/substrate/test_continuousnd.py::test_continuousnd_get_all_positions_raises PASSED [ 59%]
tests/test_townlet/unit/substrate/test_continuousnd.py::test_continuousnd_supports_enumerable_positions PASSED [ 59%]
tests/test_townlet/unit/substrate/test_continuousnd_comprehensive.py::TestContinuousNDActionGeneration::test_get_default_actions_4d_count PASSED [ 60%]
tests/test_townlet/unit/substrate/test_continuousnd_comprehensive.py::TestContinuousNDActionGeneration::test_get_default_actions_7d_count PASSED [ 60%]
tests/test_townlet/unit/substrate/test_continuousnd_comprehensive.py::TestContinuousNDActionGeneration::test_get_default_actions_10d_count PASSED [ 60%]
tests/test_townlet/unit/substrate/test_continuousnd_comprehensive.py::TestContinuousNDActionGeneration::test_get_default_actions_dimension_names_4d PASSED [ 60%]
tests/test_townlet/unit/substrate/test_continuousnd_comprehensive.py::TestContinuousNDActionGeneration::test_get_default_actions_deltas_4d PASSED [ 60%]
tests/test_townlet/unit/substrate/test_continuousnd_comprehensive.py::TestContinuousNDActionGeneration::test_get_default_actions_description_includes_movement_delta PASSED [ 60%]
tests/test_townlet/unit/substrate/test_continuousnd_comprehensive.py::TestContinuousNDActionGeneration::test_get_default_actions_7d_all_dimensions_covered PASSED [ 60%]
tests/test_townlet/unit/substrate/test_continuousnd_comprehensive.py::TestContinuousNDBounceEdgeCases::test_bounce_boundary_multiple_reflections_4d PASSED [ 60%]
tests/test_townlet/unit/substrate/test_continuousnd_comprehensive.py::TestContinuousNDBounceEdgeCases::test_bounce_boundary_negative_direction_4d PASSED [ 60%]
tests/test_townlet/unit/substrate/test_continuousnd_comprehensive.py::TestContinuousNDNormalizePositions::test_normalize_positions_4d PASSED [ 60%]
tests/test_townlet/unit/substrate/test_continuousnd_comprehensive.py::TestContinuousNDNormalizePositions::test_normalize_positions_asymmetric_bounds PASSED [ 60%]
tests/test_townlet/unit/substrate/test_continuousnd_comprehensive.py::TestContinuousNDNormalizePositions::test_normalize_positions_negative_bounds PASSED [ 60%]
tests/test_townlet/unit/substrate/test_continuousnd_comprehensive.py::TestContinuousNDValidationErrorPaths::test_constructor_validates_boundary_mode PASSED [ 60%]
tests/test_townlet/unit/substrate/test_continuousnd_edge_cases.py::test_continuousnd_bounce_boundary_single_reflection PASSED [ 60%]
tests/test_townlet/unit/substrate/test_continuousnd_edge_cases.py::test_continuousnd_bounce_boundary_negative PASSED [ 60%]
tests/test_townlet/unit/substrate/test_continuousnd_edge_cases.py::test_continuousnd_sticky_boundary PASSED [ 60%]
tests/test_townlet/unit/substrate/test_continuousnd_edge_cases.py::test_continuousnd_large_movement_delta PASSED [ 60%]
tests/test_townlet/unit/substrate/test_continuousnd_edge_cases.py::test_continuousnd_negative_bounds PASSED [ 60%]
tests/test_townlet/unit/substrate/test_continuousnd_edge_cases.py::test_continuousnd_interaction_radius_larger_than_space PASSED [ 60%]
tests/test_townlet/unit/substrate/test_continuousnd_edge_cases.py::test_continuousnd_warns_if_interaction_radius_less_than_delta PASSED [ 60%]
tests/test_townlet/unit/substrate/test_continuousnd_edge_cases.py::test_continuousnd_validates_movement_delta_positive PASSED [ 60%]
tests/test_townlet/unit/substrate/test_continuousnd_edge_cases.py::test_continuousnd_validates_interaction_radius_positive PASSED [ 60%]
tests/test_townlet/unit/substrate/test_continuousnd_edge_cases.py::test_continuousnd_invalid_boundary_mode PASSED [ 60%]
tests/test_townlet/unit/substrate/test_continuousnd_edge_cases.py::test_continuousnd_invalid_distance_metric PASSED [ 60%]
tests/test_townlet/unit/substrate/test_continuousnd_edge_cases.py::test_continuousnd_mixed_positive_negative_bounds PASSED [ 60%]
tests/test_townlet/unit/substrate/test_continuousnd_edge_cases.py::test_continuousnd_distance_broadcasting PASSED [ 60%]
tests/test_townlet/unit/substrate/test_continuousnd_edge_cases.py::test_continuousnd_zero_range_dimension PASSED [ 60%]
tests/test_townlet/unit/substrate/test_continuousnd_edge_cases.py::test_continuousnd_inverted_bounds PASSED [ 60%]
tests/test_townlet/unit/substrate/test_continuousnd_scaling.py::test_continuousnd_7d_movement PASSED [ 60%]
tests/test_townlet/unit/substrate/test_continuousnd_scaling.py::test_continuousnd_7d_distance_euclidean PASSED [ 60%]
tests/test_townlet/unit/substrate/test_continuousnd_scaling.py::test_continuousnd_10d_initialization_with_warning PASSED [ 60%]
tests/test_townlet/unit/substrate/test_continuousnd_scaling.py::test_continuousnd_10d_movement PASSED [ 60%]
tests/test_townlet/unit/substrate/test_continuousnd_scaling.py::test_continuousnd_10d_distance_manhattan PASSED [ 60%]
tests/test_townlet/unit/substrate/test_continuousnd_scaling.py::test_continuousnd_batch_movement_7d PASSED [ 60%]
tests/test_townlet/unit/substrate/test_continuousnd_scaling.py::test_continuousnd_exceeds_max_dimensions PASSED [ 60%]
tests/test_townlet/unit/substrate/test_distances.py::test_interaction_uses_substrate_distance PASSED [ 60%]
tests/test_townlet/unit/substrate/test_factory.py::test_factory_propagates_grid2d_topology PASSED [ 60%]
tests/test_townlet/unit/substrate/test_factory.py::test_factory_propagates_grid3d_topology PASSED [ 60%]
tests/test_townlet/unit/substrate/test_factory.py::test_factory_propagates_gridnd_topology PASSED [ 60%]
tests/test_townlet/unit/substrate/test_factory.py::test_factory_sets_gridnd_topology_when_config_uses_default PASSED [ 60%]
tests/test_townlet/unit/substrate/test_factory.py::test_factory_continuous_substrates_have_no_topology PASSED [ 60%]
tests/test_townlet/unit/substrate/test_factory.py::test_factory_aspatial_substrate_has_no_topology PASSED [ 60%]
tests/test_townlet/unit/substrate/test_grid2d.py::test_substrate_initialize_positions_correctness PASSED [ 60%]
tests/test_townlet/unit/substrate/test_grid2d.py::test_substrate_movement_matches_legacy PASSED [ 61%]
tests/test_townlet/unit/substrate/test_grid2d.py::test_grid2d_stores_topology_when_provided PASSED [ 61%]
tests/test_townlet/unit/substrate/test_grid2d.py::test_grid2d_topology_defaults_to_square PASSED [ 61%]
tests/test_townlet/unit/substrate/test_grid2d.py::test_grid2d_topology_attribute_exists PASSED [ 61%]
tests/test_townlet/unit/substrate/test_grid2d_boundary_edge_cases.py::TestGrid2DBoundaryEdgeCases::test_bounce_boundary_multiple_reflections_x_axis PASSED [ 61%]
tests/test_townlet/unit/substrate/test_grid2d_boundary_edge_cases.py::TestGrid2DBoundaryEdgeCases::test_bounce_boundary_multiple_reflections_y_axis PASSED [ 61%]
tests/test_townlet/unit/substrate/test_grid2d_boundary_edge_cases.py::TestGrid2DBoundaryEdgeCases::test_bounce_boundary_negative_positions PASSED [ 61%]
tests/test_townlet/unit/substrate/test_grid2d_boundary_edge_cases.py::TestGrid2DBoundaryEdgeCases::test_sticky_boundary_corner_behavior PASSED [ 61%]
tests/test_townlet/unit/substrate/test_grid2d_boundary_edge_cases.py::TestGrid2DBoundaryEdgeCases::test_sticky_boundary_partial_movement PASSED [ 61%]
tests/test_townlet/unit/substrate/test_grid2d_boundary_edge_cases.py::TestGrid2DDistanceMetricEdgeCases::test_distance_broadcasting_single_target PASSED [ 61%]
tests/test_townlet/unit/substrate/test_grid2d_boundary_edge_cases.py::TestGrid2DDistanceMetricEdgeCases::test_chebyshev_distance_computes_max PASSED [ 61%]
tests/test_townlet/unit/substrate/test_grid2d_boundary_edge_cases.py::TestGrid2DGetValidNeighbors::test_get_valid_neighbors_wrap_boundary_returns_all PASSED [ 61%]
tests/test_townlet/unit/substrate/test_grid2d_boundary_edge_cases.py::TestGrid2DGetValidNeighbors::test_get_valid_neighbors_clamp_boundary_filters PASSED [ 61%]
tests/test_townlet/unit/substrate/test_grid3d.py::TestGrid3DInitialization::test_initialization_valid PASSED [ 61%]
tests/test_townlet/unit/substrate/test_grid3d.py::TestGrid3DInitialization::test_initialization_invalid_dimensions PASSED [ 61%]
tests/test_townlet/unit/substrate/test_grid3d.py::TestGrid3DInitialization::test_initialization_invalid_boundary PASSED [ 61%]
tests/test_townlet/unit/substrate/test_grid3d.py::TestGrid3DPositionInitialization::test_initialize_positions_shape PASSED [ 61%]
tests/test_townlet/unit/substrate/test_grid3d.py::TestGrid3DPositionInitialization::test_initialize_positions_in_bounds PASSED [ 61%]
tests/test_townlet/unit/substrate/test_grid3d.py::TestGrid3DMovement::test_movement_x_axis PASSED [ 61%]
tests/test_townlet/unit/substrate/test_grid3d.py::TestGrid3DMovement::test_movement_z_axis PASSED [ 61%]
tests/test_townlet/unit/substrate/test_grid3d.py::TestGrid3DMovement::test_movement_clamp_boundary PASSED [ 61%]
tests/test_townlet/unit/substrate/test_grid3d.py::TestGrid3DMovement::test_movement_wrap_boundary PASSED [ 61%]
tests/test_townlet/unit/substrate/test_grid3d.py::TestGrid3DMovement::test_movement_batch PASSED [ 61%]
tests/test_townlet/unit/substrate/test_grid3d.py::TestGrid3DDistance::test_distance_manhattan PASSED [ 61%]
tests/test_townlet/unit/substrate/test_grid3d.py::TestGrid3DDistance::test_distance_euclidean PASSED [ 61%]
tests/test_townlet/unit/substrate/test_grid3d.py::TestGrid3DDistance::test_distance_chebyshev PASSED [ 61%]
tests/test_townlet/unit/substrate/test_grid3d.py::TestGrid3DPositionChecks::test_is_on_position_exact_match PASSED [ 61%]
tests/test_townlet/unit/substrate/test_grid3d.py::TestGrid3DPositionChecks::test_is_on_position_no_match PASSED [ 61%]
tests/test_townlet/unit/substrate/test_grid3d.py::TestGrid3DNeighbors::test_get_valid_neighbors_interior PASSED [ 61%]
tests/test_townlet/unit/substrate/test_grid3d.py::TestGrid3DNeighbors::test_get_valid_neighbors_corner_clamp PASSED [ 61%]
tests/test_townlet/unit/substrate/test_grid3d.py::TestGrid3DNeighbors::test_get_all_positions PASSED [ 61%]
tests/test_townlet/unit/substrate/test_grid3d.py::TestGrid3DConfiguration::test_config_cubic_topology PASSED [ 61%]
tests/test_townlet/unit/substrate/test_grid3d.py::test_grid3d_stores_topology_when_provided PASSED [ 61%]
tests/test_townlet/unit/substrate/test_grid3d.py::test_grid3d_topology_defaults_to_cubic PASSED [ 61%]
tests/test_townlet/unit/substrate/test_grid3d.py::test_grid3d_topology_attribute_exists PASSED [ 61%]
tests/test_townlet/unit/substrate/test_grid3d_boundary_edge_cases.py::TestGrid3DBoundaryEdgeCases::test_bounce_boundary_z_axis_positive PASSED [ 61%]
tests/test_townlet/unit/substrate/test_grid3d_boundary_edge_cases.py::TestGrid3DBoundaryEdgeCases::test_bounce_boundary_z_axis_negative PASSED [ 61%]
tests/test_townlet/unit/substrate/test_grid3d_boundary_edge_cases.py::TestGrid3DBoundaryEdgeCases::test_sticky_boundary_3d_corner PASSED [ 61%]
tests/test_townlet/unit/substrate/test_grid3d_boundary_edge_cases.py::TestGrid3DBoundaryEdgeCases::test_wrap_boundary_3d_all_axes PASSED [ 61%]
tests/test_townlet/unit/substrate/test_grid3d_boundary_edge_cases.py::TestGrid3DMovementEdgeCases::test_movement_forward_backward_z_axis PASSED [ 61%]
tests/test_townlet/unit/substrate/test_grid3d_boundary_edge_cases.py::TestGrid3DMovementEdgeCases::test_movement_clamp_all_boundaries_3d PASSED [ 61%]
tests/test_townlet/unit/substrate/test_grid3d_boundary_edge_cases.py::TestGrid3DDistanceMetrics::test_distance_manhattan_3d PASSED [ 61%]
tests/test_townlet/unit/substrate/test_grid3d_boundary_edge_cases.py::TestGrid3DDistanceMetrics::test_distance_euclidean_3d PASSED [ 61%]
tests/test_townlet/unit/substrate/test_grid3d_boundary_edge_cases.py::TestGrid3DDistanceMetrics::test_distance_chebyshev_3d PASSED [ 62%]
tests/test_townlet/unit/substrate/test_grid3d_boundary_edge_cases.py::TestGrid3DGetValidNeighbors::test_get_valid_neighbors_interior_6_connected PASSED [ 62%]
tests/test_townlet/unit/substrate/test_grid3d_boundary_edge_cases.py::TestGrid3DGetValidNeighbors::test_get_valid_neighbors_corner_3d_clamp PASSED [ 62%]
tests/test_townlet/unit/substrate/test_gridnd.py::test_gridnd_requires_minimum_4_dimensions PASSED [ 62%]
tests/test_townlet/unit/substrate/test_gridnd.py::test_gridnd_validates_positive_dimensions PASSED [ 62%]
tests/test_townlet/unit/substrate/test_gridnd.py::test_gridnd_asymmetric_dimensions PASSED [ 62%]
tests/test_townlet/unit/substrate/test_gridnd.py::test_gridnd_warns_at_10_dimensions PASSED [ 62%]
tests/test_townlet/unit/substrate/test_gridnd.py::test_gridnd_movement_with_clamp_boundary PASSED [ 62%]
tests/test_townlet/unit/substrate/test_gridnd.py::test_gridnd_movement_with_wrap_boundary PASSED [ 62%]
tests/test_townlet/unit/substrate/test_gridnd.py::test_gridnd_distance_manhattan PASSED [ 62%]
tests/test_townlet/unit/substrate/test_gridnd.py::test_gridnd_distance_euclidean PASSED [ 62%]
tests/test_townlet/unit/substrate/test_gridnd.py::test_gridnd_neighbors_4d_interior PASSED [ 62%]
tests/test_townlet/unit/substrate/test_gridnd.py::test_gridnd_neighbors_4d_corner PASSED [ 62%]
tests/test_townlet/unit/substrate/test_gridnd.py::test_gridnd_is_on_position PASSED [ 62%]
tests/test_townlet/unit/substrate/test_gridnd.py::test_gridnd_stores_topology_when_provided PASSED [ 62%]
tests/test_townlet/unit/substrate/test_gridnd.py::test_gridnd_topology_defaults_to_hypercube PASSED [ 62%]
tests/test_townlet/unit/substrate/test_gridnd.py::test_gridnd_topology_attribute_exists PASSED [ 62%]
tests/test_townlet/unit/substrate/test_gridnd.py::test_gridnd_topology_is_hypercube_for_all_dimensions PASSED [ 62%]
tests/test_townlet/unit/substrate/test_gridnd_comprehensive.py::TestGridNDActionGeneration::test_get_default_actions_4d_count PASSED [ 62%]
tests/test_townlet/unit/substrate/test_gridnd_comprehensive.py::TestGridNDActionGeneration::test_get_default_actions_7d_count PASSED [ 62%]
tests/test_townlet/unit/substrate/test_gridnd_comprehensive.py::TestGridNDActionGeneration::test_get_default_actions_movement_naming PASSED [ 62%]
tests/test_townlet/unit/substrate/test_gridnd_comprehensive.py::TestGridNDActionGeneration::test_get_default_actions_deltas_correct PASSED [ 62%]
tests/test_townlet/unit/substrate/test_gridnd_comprehensive.py::TestGridNDActionGeneration::test_get_default_actions_interact_and_wait PASSED [ 62%]
tests/test_townlet/unit/substrate/test_gridnd_comprehensive.py::TestGridNDActionGeneration::test_get_default_actions_costs_assigned PASSED [ 62%]
tests/test_townlet/unit/substrate/test_gridnd_comprehensive.py::TestGridNDBoundaryEdgeCases::test_bounce_boundary_negative_positions PASSED [ 62%]
tests/test_townlet/unit/substrate/test_gridnd_comprehensive.py::TestGridNDBoundaryEdgeCases::test_bounce_boundary_exceed_upper PASSED [ 62%]
tests/test_townlet/unit/substrate/test_gridnd_comprehensive.py::TestGridNDBoundaryEdgeCases::test_bounce_boundary_safety_clamp PASSED [ 62%]
tests/test_townlet/unit/substrate/test_gridnd_comprehensive.py::TestGridNDBoundaryEdgeCases::test_sticky_boundary_all_dimensions PASSED [ 62%]
tests/test_townlet/unit/substrate/test_gridnd_comprehensive.py::TestGridNDInitializePositions::test_initialize_positions_shape PASSED [ 62%]
tests/test_townlet/unit/substrate/test_gridnd_comprehensive.py::TestGridNDInitializePositions::test_initialize_positions_in_bounds PASSED [ 62%]
tests/test_townlet/unit/substrate/test_gridnd_comprehensive.py::TestGridNDGetAllPositions::test_get_all_positions_small_grid PASSED [ 62%]
tests/test_townlet/unit/substrate/test_gridnd_comprehensive.py::TestGridNDGetAllPositions::test_get_all_positions_warns_large_count PASSED [ 62%]
tests/test_townlet/unit/substrate/test_gridnd_comprehensive.py::TestGridNDGetAllPositions::test_get_all_positions_raises_memory_error PASSED [ 62%]
tests/test_townlet/unit/substrate/test_gridnd_comprehensive.py::TestGridNDDistanceEdgeCases::test_distance_chebyshev_4d PASSED [ 62%]
tests/test_townlet/unit/substrate/test_gridnd_comprehensive.py::TestGridNDDistanceEdgeCases::test_distance_broadcasting_single_target PASSED [ 62%]
tests/test_townlet/unit/substrate/test_gridnd_comprehensive.py::TestGridNDValidationEdgeCases::test_exceeds_100_dimensions_raises_error PASSED [ 62%]
tests/test_townlet/unit/substrate/test_gridnd_comprehensive.py::TestGridNDValidationEdgeCases::test_invalid_boundary_mode_raises_error PASSED [ 62%]
tests/test_townlet/unit/substrate/test_gridnd_comprehensive.py::TestGridNDValidationEdgeCases::test_invalid_distance_metric_raises_error PASSED [ 62%]
tests/test_townlet/unit/substrate/test_gridnd_comprehensive.py::TestGridNDNormalizePositions::test_normalize_positions_always_relative PASSED [ 62%]
tests/test_townlet/unit/substrate/test_gridnd_edge_cases.py::test_gridnd_get_all_positions_small_grid PASSED [ 62%]
tests/test_townlet/unit/substrate/test_gridnd_edge_cases.py::test_gridnd_get_all_positions_moderate_grid PASSED [ 62%]
tests/test_townlet/unit/substrate/test_gridnd_edge_cases.py::test_gridnd_get_all_positions_raises_on_huge_grid PASSED [ 62%]
tests/test_townlet/unit/substrate/test_gridnd_edge_cases.py::test_gridnd_rejects_dimension_count_above_100 PASSED [ 63%]
tests/test_townlet/unit/substrate/test_gridnd_edge_cases.py::test_gridnd_asymmetric_bounds PASSED [ 63%]
tests/test_townlet/unit/substrate/test_gridnd_edge_cases.py::test_gridnd_bounce_boundary_large_delta PASSED [ 63%]
tests/test_townlet/unit/substrate/test_gridnd_edge_cases.py::test_gridnd_sticky_boundary PASSED [ 63%]
tests/test_townlet/unit/substrate/test_gridnd_scaling.py::test_gridnd_7d_initialization PASSED [ 63%]
tests/test_townlet/unit/substrate/test_gridnd_scaling.py::test_gridnd_10d_initialization_with_warning PASSED [ 63%]
tests/test_townlet/unit/substrate/test_gridnd_scaling.py::test_gridnd_7d_movement_all_boundaries PASSED [ 63%]
tests/test_townlet/unit/substrate/test_gridnd_scaling.py::test_gridnd_7d_distance_metrics PASSED [ 63%]
tests/test_townlet/unit/substrate/test_interface.py::test_substrate_module_exists PASSED [ 63%]
tests/test_townlet/unit/substrate/test_interface.py::test_substrate_is_abstract PASSED [ 63%]
tests/test_townlet/unit/substrate/test_interface.py::test_grid2d_initialize_positions PASSED [ 63%]
tests/test_townlet/unit/substrate/test_interface.py::test_grid2d_apply_movement_clamp PASSED [ 63%]
tests/test_townlet/unit/substrate/test_interface.py::test_grid2d_compute_distance_manhattan PASSED [ 63%]
tests/test_townlet/unit/substrate/test_interface.py::test_grid2d_is_on_position PASSED [ 63%]
tests/test_townlet/unit/substrate/test_interface.py::test_grid2d_apply_movement_wrap PASSED [ 63%]
tests/test_townlet/unit/substrate/test_interface.py::test_grid2d_apply_movement_sticky PASSED [ 63%]
tests/test_townlet/unit/substrate/test_interface.py::test_grid2d_apply_movement_bounce PASSED [ 63%]
tests/test_townlet/unit/substrate/test_interface.py::test_grid2d_compute_distance_euclidean PASSED [ 63%]
tests/test_townlet/unit/substrate/test_interface.py::test_grid2d_compute_distance_chebyshev PASSED [ 63%]
tests/test_townlet/unit/substrate/test_interface.py::test_grid2d_get_valid_neighbors PASSED [ 63%]
tests/test_townlet/unit/substrate/test_interface.py::test_grid2d_get_valid_neighbors_corner PASSED [ 63%]
tests/test_townlet/unit/substrate/test_interface.py::test_aspatial_initialize_positions PASSED [ 63%]
tests/test_townlet/unit/substrate/test_interface.py::test_aspatial_compute_distance PASSED [ 63%]
tests/test_townlet/unit/substrate/test_interface.py::test_aspatial_is_on_position PASSED [ 63%]
tests/test_townlet/unit/substrate/test_interface.py::test_grid2d_get_all_positions PASSED [ 63%]
tests/test_townlet/unit/substrate/test_interface.py::test_aspatial_get_all_positions PASSED [ 63%]
tests/test_townlet/unit/substrate/test_visibility_contract.py::TestVisibleShapesAndFullObservability::test_none_vision_range_is_pass_all_grid2d[clamp] PASSED [ 63%]
tests/test_townlet/unit/substrate/test_visibility_contract.py::TestVisibleShapesAndFullObservability::test_none_vision_range_is_pass_all_grid2d[wrap] PASSED [ 63%]
tests/test_townlet/unit/substrate/test_visibility_contract.py::TestVisibleShapesAndFullObservability::test_none_vision_range_is_pass_all_grid2d[bounce] PASSED [ 63%]
tests/test_townlet/unit/substrate/test_visibility_contract.py::TestVisibleShapesAndFullObservability::test_none_vision_range_is_pass_all_grid2d[sticky] PASSED [ 63%]
tests/test_townlet/unit/substrate/test_visibility_contract.py::TestVisibleShapesAndFullObservability::test_dimension_mismatch_refuses PASSED [ 63%]
tests/test_townlet/unit/substrate/test_visibility_contract.py::TestGrid2DBoundaryModeTable::test_non_wrap_corner_to_corner_invisible[clamp] PASSED [ 63%]
tests/test_townlet/unit/substrate/test_visibility_contract.py::TestGrid2DBoundaryModeTable::test_non_wrap_corner_to_corner_invisible[bounce] PASSED [ 63%]
tests/test_townlet/unit/substrate/test_visibility_contract.py::TestGrid2DBoundaryModeTable::test_non_wrap_corner_to_corner_invisible[sticky] PASSED [ 63%]
tests/test_townlet/unit/substrate/test_visibility_contract.py::TestGrid2DBoundaryModeTable::test_wrap_corner_to_corner_visible PASSED [ 63%]
tests/test_townlet/unit/substrate/test_visibility_contract.py::TestGrid2DBoundaryModeTable::test_metric_is_declared_not_assumed PASSED [ 63%]
tests/test_townlet/unit/substrate/test_visibility_contract.py::TestGrid2DBoundaryModeTable::test_euclidean_metric PASSED [ 63%]
tests/test_townlet/unit/substrate/test_visibility_contract.py::TestGrid2DBoundaryModeTable::test_non_wrap_egocentric_is_bounded[clamp] PASSED [ 63%]
tests/test_townlet/unit/substrate/test_visibility_contract.py::TestGrid2DBoundaryModeTable::test_non_wrap_egocentric_is_bounded[bounce] PASSED [ 63%]
tests/test_townlet/unit/substrate/test_visibility_contract.py::TestGrid2DBoundaryModeTable::test_non_wrap_egocentric_is_bounded[sticky] PASSED [ 63%]
tests/test_townlet/unit/substrate/test_visibility_contract.py::TestGrid2DBoundaryModeTable::test_wrap_egocentric_is_shortest_path PASSED [ 63%]
tests/test_townlet/unit/substrate/test_visibility_contract.py::TestGrid3DBoundaryModeTable::test_non_wrap_far_z_invisible[clamp] PASSED [ 63%]
tests/test_townlet/unit/substrate/test_visibility_contract.py::TestGrid3DBoundaryModeTable::test_non_wrap_far_z_invisible[bounce] PASSED [ 63%]
tests/test_townlet/unit/substrate/test_visibility_contract.py::TestGrid3DBoundaryModeTable::test_non_wrap_far_z_invisible[sticky] PASSED [ 64%]
tests/test_townlet/unit/substrate/test_visibility_contract.py::TestGrid3DBoundaryModeTable::test_wrap_shortest_path_visible PASSED [ 64%]
tests/test_townlet/unit/substrate/test_visibility_contract.py::TestGrid3DBoundaryModeTable::test_wrap_egocentric_wraps_every_axis PASSED [ 64%]
tests/test_townlet/unit/substrate/test_visibility_contract.py::TestGridNDPartialObservability::test_six_dimensional_visibility_uses_every_axis PASSED [ 64%]
tests/test_townlet/unit/substrate/test_visibility_contract.py::TestGridNDPartialObservability::test_non_wrap_table[clamp] PASSED [ 64%]
tests/test_townlet/unit/substrate/test_visibility_contract.py::TestGridNDPartialObservability::test_non_wrap_table[bounce] PASSED [ 64%]
tests/test_townlet/unit/substrate/test_visibility_contract.py::TestGridNDPartialObservability::test_non_wrap_table[sticky] PASSED [ 64%]
tests/test_townlet/unit/substrate/test_visibility_contract.py::TestGridNDPartialObservability::test_wrap_table PASSED [ 64%]
tests/test_townlet/unit/substrate/test_visibility_contract.py::TestGridNDPartialObservability::test_wrap_egocentric PASSED [ 64%]
tests/test_townlet/unit/substrate/test_visibility_contract.py::TestContinuousBoundaryModeTable::test_non_wrap_table[clamp] PASSED [ 64%]
tests/test_townlet/unit/substrate/test_visibility_contract.py::TestContinuousBoundaryModeTable::test_non_wrap_table[bounce] PASSED [ 64%]
tests/test_townlet/unit/substrate/test_visibility_contract.py::TestContinuousBoundaryModeTable::test_non_wrap_table[sticky] PASSED [ 64%]
tests/test_townlet/unit/substrate/test_visibility_contract.py::TestContinuousBoundaryModeTable::test_wrap_table PASSED [ 64%]
tests/test_townlet/unit/substrate/test_visibility_contract.py::TestContinuousBoundaryModeTable::test_wrap_egocentric_shortest_path PASSED [ 64%]
tests/test_townlet/unit/substrate/test_visibility_contract.py::TestContinuousBoundaryModeTable::test_egocentric_delta_normalizes_by_extent PASSED [ 64%]
tests/test_townlet/unit/substrate/test_visibility_contract.py::TestContinuousBoundaryModeTable::test_continuousnd_table[clamp] PASSED [ 64%]
tests/test_townlet/unit/substrate/test_visibility_contract.py::TestContinuousBoundaryModeTable::test_continuousnd_table[wrap] PASSED [ 64%]
tests/test_townlet/unit/substrate/test_visibility_contract.py::TestContinuousBoundaryModeTable::test_continuousnd_table[bounce] PASSED [ 64%]
tests/test_townlet/unit/substrate/test_visibility_contract.py::TestContinuousBoundaryModeTable::test_continuousnd_table[sticky] PASSED [ 64%]
tests/test_townlet/unit/substrate/test_visibility_contract.py::TestContinuousBoundaryModeTable::test_continuousnd_non_wrap_egocentric_is_plain_difference[clamp] PASSED [ 64%]
tests/test_townlet/unit/substrate/test_visibility_contract.py::TestContinuousBoundaryModeTable::test_continuousnd_non_wrap_egocentric_is_plain_difference[bounce] PASSED [ 64%]
tests/test_townlet/unit/substrate/test_visibility_contract.py::TestContinuousBoundaryModeTable::test_continuousnd_non_wrap_egocentric_is_plain_difference[sticky] PASSED [ 64%]
tests/test_townlet/unit/substrate/test_visibility_contract.py::TestContinuousBoundaryModeTable::test_continuousnd_wrap_egocentric_shortest_path PASSED [ 64%]
tests/test_townlet/unit/substrate/test_visibility_contract.py::TestAspatial::test_visible_is_all PASSED [ 64%]
tests/test_townlet/unit/substrate/test_visibility_contract.py::TestAspatial::test_egocentric_delta_is_zero_width PASSED [ 64%]
tests/test_townlet/unit/substrate/test_visibility_contract.py::TestWrapTieBreak::test_even_extent_half_span_is_deterministic PASSED [ 64%]
tests/test_townlet/unit/substrate/test_visibility_contract.py::TestVisibleZeroEntities::test_empty_entity_set PASSED [ 64%]
tests/test_townlet/unit/test_action_builder.py::test_composed_action_space_basic PASSED [ 64%]
tests/test_townlet/unit/test_action_builder.py::test_composed_action_space_get_by_id PASSED [ 64%]
tests/test_townlet/unit/test_action_builder.py::test_composed_action_space_get_by_name PASSED [ 64%]
tests/test_townlet/unit/test_action_builder.py::test_composed_action_space_enabled_count PASSED [ 64%]
tests/test_townlet/unit/test_action_builder.py::test_composed_action_space_get_base_mask PASSED [ 64%]
tests/test_townlet/unit/test_action_config.py::test_action_config_basic PASSED [ 64%]
tests/test_townlet/unit/test_action_config.py::test_action_config_disabled PASSED [ 64%]
tests/test_townlet/unit/test_action_config.py::test_action_config_default_enabled PASSED [ 64%]
tests/test_townlet/unit/test_action_config.py::test_movement_action_requires_delta_or_teleport PASSED [ 64%]
tests/test_townlet/unit/test_action_config.py::test_non_movement_cannot_have_delta PASSED [ 64%]
tests/test_townlet/unit/test_action_config.py::test_negative_costs_allowed PASSED [ 64%]
tests/test_townlet/unit/test_determinism.py::test_seed_all_reproduces_every_stream PASSED [ 64%]
tests/test_townlet/unit/test_determinism.py::test_seed_all_different_seeds_diverge PASSED [ 64%]
tests/test_townlet/unit/test_substrate_actions.py::test_grid2d_generates_default_actions PASSED [ 64%]
tests/test_townlet/unit/test_substrate_actions.py::test_grid2d_action_names PASSED [ 64%]
tests/test_townlet/unit/test_substrate_actions.py::test_grid2d_movement_actions_have_deltas PASSED [ 64%]
tests/test_townlet/unit/test_substrate_actions.py::test_grid2d_all_actions_enabled_by_default PASSED [ 65%]
tests/test_townlet/unit/test_substrate_actions.py::test_grid2d_all_actions_marked_as_substrate PASSED [ 65%]
tests/test_townlet/unit/test_substrate_actions.py::test_grid3d_generates_8_default_actions PASSED [ 65%]
tests/test_townlet/unit/test_substrate_actions.py::test_grid3d_action_names PASSED [ 65%]
tests/test_townlet/unit/test_substrate_actions.py::test_grid3d_z_axis_deltas PASSED [ 65%]
tests/test_townlet/unit/test_substrate_actions.py::test_gridnd_generates_2n_plus_2_actions PASSED [ 65%]
tests/test_townlet/unit/test_substrate_actions.py::test_gridnd_action_naming_pattern PASSED [ 65%]
tests/test_townlet/unit/test_substrate_actions.py::test_gridnd_movement_deltas PASSED [ 65%]
tests/test_townlet/unit/test_substrate_actions.py::test_continuous1d_generates_4_actions PASSED [ 65%]
tests/test_townlet/unit/test_substrate_actions.py::test_continuous1d_uses_integer_deltas PASSED [ 65%]
tests/test_townlet/unit/test_substrate_actions.py::test_continuous2d_generates_6_actions PASSED [ 65%]
tests/test_townlet/unit/test_substrate_actions.py::test_continuous3d_generates_8_actions PASSED [ 65%]
tests/test_townlet/unit/test_substrate_actions.py::test_continuous3d_uses_integer_deltas PASSED [ 65%]
tests/test_townlet/unit/test_substrate_actions.py::test_continuousnd_generates_2n_plus_2_actions PASSED [ 65%]
tests/test_townlet/unit/test_substrate_actions.py::test_continuousnd_action_naming_pattern PASSED [ 65%]
tests/test_townlet/unit/test_substrate_actions.py::test_continuousnd_uses_integer_deltas PASSED [ 65%]
tests/test_townlet/unit/test_substrate_actions.py::test_aspatial_generates_2_actions PASSED [ 65%]
tests/test_townlet/unit/test_substrate_actions.py::test_aspatial_no_movement_actions PASSED [ 65%]
tests/test_townlet/unit/test_substrate_actions.py::test_grid2d_meta_actions_at_end PASSED [ 65%]
tests/test_townlet/unit/test_substrate_actions.py::test_grid3d_meta_actions_at_end PASSED [ 65%]
tests/test_townlet/unit/test_substrate_actions.py::test_gridnd_meta_actions_at_end PASSED [ 65%]
tests/test_townlet/unit/test_substrate_actions.py::test_continuous1d_meta_actions_at_end PASSED [ 65%]
tests/test_townlet/unit/test_substrate_actions.py::test_continuous2d_meta_actions_at_end PASSED [ 65%]
tests/test_townlet/unit/test_substrate_actions.py::test_continuous3d_meta_actions_at_end PASSED [ 65%]
tests/test_townlet/unit/test_substrate_actions.py::test_continuousnd_meta_actions_at_end PASSED [ 65%]
tests/test_townlet/unit/test_substrate_actions.py::test_aspatial_only_meta_actions PASSED [ 65%]
tests/test_townlet/unit/test_utilities_validation.py::test_make_grid2d_substrate_defaults PASSED [ 65%]
tests/test_townlet/unit/test_utilities_validation.py::test_make_grid2d_substrate_custom PASSED [ 65%]
tests/test_townlet/unit/test_utilities_validation.py::test_make_grid3d_substrate_defaults PASSED [ 65%]
tests/test_townlet/unit/test_utilities_validation.py::test_make_grid3d_substrate_custom PASSED [ 65%]
tests/test_townlet/unit/test_utilities_validation.py::test_make_bars_config_defaults PASSED [ 65%]
tests/test_townlet/unit/test_utilities_validation.py::test_make_bars_config_4_meters PASSED [ 65%]
tests/test_townlet/unit/test_utilities_validation.py::test_make_bars_config_validation PASSED [ 65%]
tests/test_townlet/unit/test_utilities_validation.py::test_make_standard_8meter_config PASSED [ 65%]
tests/test_townlet/unit/test_utilities_validation.py::test_make_positions PASSED [ 65%]
tests/test_townlet/unit/test_utilities_validation.py::test_assert_valid_observation_success PASSED [ 65%]
tests/test_townlet/unit/test_utilities_validation.py::test_assert_valid_observation_invalid_shape PASSED [ 65%]
tests/test_townlet/unit/test_utilities_validation.py::test_assert_valid_observation_invalid_dtype PASSED [ 65%]
tests/test_townlet/unit/test_utilities_validation.py::test_assert_valid_observation_nan PASSED [ 65%]
tests/test_townlet/unit/test_utilities_validation.py::test_assert_valid_action_mask_success PASSED [ 65%]
tests/test_townlet/unit/test_utilities_validation.py::test_assert_valid_action_mask_no_valid_actions PASSED [ 65%]
tests/test_townlet/unit/test_utilities_validation.py::test_assert_meters_in_range_success PASSED [ 65%]
tests/test_townlet/unit/test_utilities_validation.py::test_assert_meters_in_range_below_zero PASSED [ 66%]
tests/test_townlet/unit/test_utilities_validation.py::test_assert_meters_in_range_above_one PASSED [ 66%]
tests/test_townlet/unit/test_utilities_validation.py::test_assert_positions_in_bounds_success PASSED [ 66%]
tests/test_townlet/unit/test_utilities_validation.py::test_assert_positions_in_bounds_out_of_bounds_x PASSED [ 66%]
tests/test_townlet/unit/test_utilities_validation.py::test_assert_positions_in_bounds_out_of_bounds_y PASSED [ 66%]
tests/test_townlet/unit/test_utilities_validation.py::test_assert_positions_in_bounds_3d PASSED [ 66%]
tests/test_townlet/unit/test_utilities_validation.py::test_assert_valid_rewards_success PASSED [ 66%]
tests/test_townlet/unit/test_utilities_validation.py::test_assert_valid_rewards_invalid_shape PASSED [ 66%]
tests/test_townlet/unit/test_utilities_validation.py::test_assert_valid_dones_success PASSED [ 66%]
tests/test_townlet/unit/test_utilities_validation.py::test_assert_valid_dones_invalid_dtype PASSED [ 66%]
tests/test_townlet/unit/test_utilities_validation.py::test_builder_and_assertion_integration PASSED [ 66%]
tests/test_townlet/unit/training/test_brain_lineage_legibility.py::test_unforked_universe_has_matching_lineage_hashes PASSED [ 66%]
tests/test_townlet/unit/training/test_brain_lineage_legibility.py::test_forked_universe_carries_the_fork PASSED [ 66%]
tests/test_townlet/unit/training/test_brain_lineage_legibility.py::test_checkpoint_stamps_lineage_and_loader_states_the_fork PASSED [ 66%]
tests/test_townlet/unit/training/test_brain_lineage_legibility.py::test_checkpoint_without_lineage_stamp_is_refused PASSED [ 66%]
tests/test_townlet/unit/training/test_checkpoint_utils.py::test_demo_checkpoint_payload_requires_exact_current_key_set PASSED [ 66%]
tests/test_townlet/unit/training/test_checkpoint_utils.py::test_demo_checkpoint_runtime_fields_require_exact_bound_values PASSED [ 66%]
tests/test_townlet/unit/training/test_checkpoint_utils.py::test_attach_universe_metadata PASSED [ 66%]
tests/test_townlet/unit/training/test_checkpoint_utils.py::test_assert_checkpoint_identity_composes_all_legs PASSED [ 66%]
tests/test_townlet/unit/training/test_checkpoint_utils.py::test_assert_checkpoint_dimensions_raises_on_mismatch PASSED [ 66%]
tests/test_townlet/unit/training/test_checkpoint_utils.py::test_assert_checkpoint_dimensions_validates_drive_hash PASSED [ 66%]
tests/test_townlet/unit/training/test_checkpoint_utils.py::test_attach_universe_metadata_includes_drive_hash PASSED [ 66%]
tests/test_townlet/unit/training/test_checkpoint_utils.py::test_assert_checkpoint_vfs_hash_rejects_missing_and_mismatch PASSED [ 66%]
tests/test_townlet/unit/training/test_checkpoint_utils.py::test_safe_torch_load_rejects_custom_objects_by_default PASSED [ 66%]
tests/test_townlet/unit/training/test_checkpoint_utils.py::test_safe_torch_load_unsafe_opt_in_loads_custom_objects PASSED [ 66%]
tests/test_townlet/unit/training/test_checkpoint_utils.py::test_safe_torch_load_roundtrip PASSED [ 66%]
tests/test_townlet/unit/training/test_checkpoint_utils.py::test_verify_checkpoint_digest_required_by_default PASSED [ 66%]
tests/test_townlet/unit/training/test_checkpoint_utils.py::test_verify_checkpoint_digest_explicit_optional PASSED [ 66%]
tests/test_townlet/unit/training/test_checkpoint_utils.py::test_checkpoint_digest_roundtrip PASSED [ 66%]
tests/test_townlet/unit/training/test_checkpoint_utils.py::test_checkpoint_digest_detects_tampering PASSED [ 66%]
tests/test_townlet/unit/training/test_prioritized_replay_buffer.py::test_prioritized_replay_buffer_push PASSED [ 66%]
tests/test_townlet/unit/training/test_prioritized_replay_buffer.py::test_prioritized_replay_buffer_sample PASSED [ 66%]
tests/test_townlet/unit/training/test_prioritized_replay_buffer.py::test_prioritized_replay_buffer_update_priorities PASSED [ 66%]
tests/test_townlet/unit/training/test_prioritized_replay_buffer.py::test_prioritized_replay_buffer_beta_annealing PASSED [ 66%]
tests/test_townlet/unit/training/test_prioritized_replay_buffer.py::test_prioritized_replay_buffer_anneal_beta_zero_total_steps PASSED [ 66%]
tests/test_townlet/unit/training/test_prioritized_replay_buffer.py::test_prioritized_replay_buffer_anneal_beta_respects_initial_value PASSED [ 66%]
tests/test_townlet/unit/training/test_prioritized_replay_buffer.py::test_prioritized_replay_buffer_anneal_beta_disabled PASSED [ 66%]
tests/test_townlet/unit/training/test_prioritized_replay_buffer.py::test_prioritized_replay_buffer_len PASSED [ 66%]
tests/test_townlet/unit/training/test_prioritized_replay_buffer.py::test_prioritized_replay_buffer_serialize PASSED [ 66%]
tests/test_townlet/unit/training/test_prioritized_replay_buffer.py::test_prioritized_replay_buffer_device_placement PASSED [ 66%]
tests/test_townlet/unit/training/test_prioritized_replay_buffer.py::test_prioritized_replay_buffer_wraparound_indexing PASSED [ 66%]
tests/test_townlet/unit/training/test_prioritized_replay_buffer.py::test_prioritized_replay_buffer_sample_size_guard PASSED [ 66%]
tests/test_townlet/unit/training/test_prioritized_replay_buffer.py::test_prioritized_replay_buffer_previous_format_rejected PASSED [ 66%]
tests/test_townlet/unit/training/test_prioritized_replay_buffer.py::test_prioritized_replay_buffer_future_format_rejected PASSED [ 67%]
tests/test_townlet/unit/training/test_prioritized_replay_buffer.py::TestCompactPrioritizedReplayCheckpointABI::test_l1_observation_pair_uses_exact_float32_shape_and_bytes PASSED [ 67%]
tests/test_townlet/unit/training/test_prioritized_replay_buffer.py::TestCompactPrioritizedReplayCheckpointABI::test_serialized_state_has_exact_current_version_kind_and_keys PASSED [ 67%]
tests/test_townlet/unit/training/test_prioritized_replay_buffer.py::TestCompactPrioritizedReplayCheckpointABI::test_format_version_requires_an_exact_integer[4.0] PASSED [ 67%]
tests/test_townlet/unit/training/test_prioritized_replay_buffer.py::TestCompactPrioritizedReplayCheckpointABI::test_format_version_requires_an_exact_integer[True] PASSED [ 67%]
tests/test_townlet/unit/training/test_prioritized_replay_buffer.py::TestCompactPrioritizedReplayCheckpointABI::test_structural_validation_does_not_materialize_restore_storage PASSED [ 67%]
tests/test_townlet/unit/training/test_prioritized_replay_buffer.py::TestCompactPrioritizedReplayCheckpointABI::test_loader_refuses_non_mapping_payload PASSED [ 67%]
tests/test_townlet/unit/training/test_prioritized_replay_buffer.py::TestCompactPrioritizedReplayCheckpointABI::test_immediately_previous_version_refuses_without_mutation PASSED [ 67%]
tests/test_townlet/unit/training/test_prioritized_replay_buffer.py::TestCompactPrioritizedReplayCheckpointABI::test_current_state_refuses_wrong_kind_keys_or_configuration[wrong-kind] PASSED [ 67%]
tests/test_townlet/unit/training/test_prioritized_replay_buffer.py::TestCompactPrioritizedReplayCheckpointABI::test_current_state_refuses_wrong_kind_keys_or_configuration[unknown-key] PASSED [ 67%]
tests/test_townlet/unit/training/test_prioritized_replay_buffer.py::TestCompactPrioritizedReplayCheckpointABI::test_current_state_refuses_wrong_kind_keys_or_configuration[missing-key] PASSED [ 67%]
tests/test_townlet/unit/training/test_prioritized_replay_buffer.py::TestCompactPrioritizedReplayCheckpointABI::test_current_state_refuses_wrong_kind_keys_or_configuration[capacity] PASSED [ 67%]
tests/test_townlet/unit/training/test_prioritized_replay_buffer.py::TestCompactPrioritizedReplayCheckpointABI::test_current_state_refuses_wrong_kind_keys_or_configuration[alpha] PASSED [ 67%]
tests/test_townlet/unit/training/test_prioritized_replay_buffer.py::TestCompactPrioritizedReplayCheckpointABI::test_current_state_refuses_wrong_kind_keys_or_configuration[beta-initial] PASSED [ 67%]
tests/test_townlet/unit/training/test_prioritized_replay_buffer.py::TestCompactPrioritizedReplayCheckpointABI::test_current_state_refuses_invalid_tensor_or_priority_contract[observation-dtype] PASSED [ 67%]
tests/test_townlet/unit/training/test_prioritized_replay_buffer.py::TestCompactPrioritizedReplayCheckpointABI::test_current_state_refuses_invalid_tensor_or_priority_contract[priority-dtype] PASSED [ 67%]
tests/test_townlet/unit/training/test_prioritized_replay_buffer.py::TestCompactPrioritizedReplayCheckpointABI::test_current_state_refuses_invalid_tensor_or_priority_contract[priority-finite] PASSED [ 67%]
tests/test_townlet/unit/training/test_prioritized_replay_buffer.py::TestCompactPrioritizedReplayCheckpointABI::test_current_state_refuses_invalid_tensor_or_priority_contract[max-priority-finite] PASSED [ 67%]
tests/test_townlet/unit/training/test_prioritized_replay_buffer.py::TestPrioritizedReplayBufferClearAPI::test_clear_resets_counters PASSED [ 67%]
tests/test_townlet/unit/training/test_prioritized_replay_buffer.py::TestPrioritizedReplayBufferClearAPI::test_clear_deallocates_storage PASSED [ 67%]
tests/test_townlet/unit/training/test_prioritized_replay_buffer.py::TestPrioritizedReplayBufferClearAPI::test_clear_resets_priorities PASSED [ 67%]
tests/test_townlet/unit/training/test_prioritized_replay_buffer.py::TestPrioritizedReplayBufferClearAPI::test_clear_idempotence PASSED [ 67%]
tests/test_townlet/unit/training/test_prioritized_replay_buffer.py::TestPrioritizedReplayBufferClearAPI::test_buffer_works_after_clear PASSED [ 67%]
tests/test_townlet/unit/training/test_prioritized_replay_buffer.py::TestPrioritizedReplayBufferStatsAPI::test_stats_empty_buffer PASSED [ 67%]
tests/test_townlet/unit/training/test_prioritized_replay_buffer.py::TestPrioritizedReplayBufferStatsAPI::test_stats_partially_filled PASSED [ 67%]
tests/test_townlet/unit/training/test_prioritized_replay_buffer.py::TestPrioritizedReplayBufferStatsAPI::test_stats_full_buffer PASSED [ 67%]
tests/test_townlet/unit/training/test_prioritized_replay_buffer.py::TestPrioritizedReplayBufferStatsAPI::test_stats_memory_calculation PASSED [ 67%]
tests/test_townlet/unit/training/test_prioritized_replay_buffer.py::TestPrioritizedReplayBufferStatsAPI::test_stats_cuda_device SKIPPED [ 67%]
tests/test_townlet/unit/training/test_prioritized_replay_buffer.py::TestPrioritizedReplayBufferStatsAPI::test_stats_after_clear PASSED [ 67%]
tests/test_townlet/unit/training/test_prioritized_replay_buffer_components.py::TestRewardComponentStorage::test_push_with_components_stores_all_fields PASSED [ 67%]
tests/test_townlet/unit/training/test_prioritized_replay_buffer_components.py::TestRewardComponentStorage::test_push_batch_with_components PASSED [ 67%]
tests/test_townlet/unit/training/test_prioritized_replay_buffer_components.py::TestRewardComponentStorage::test_push_without_components_stores_zeros PASSED [ 67%]
tests/test_townlet/unit/training/test_prioritized_replay_buffer_components.py::TestRewardComponentStorage::test_wraparound_preserves_components PASSED [ 67%]
tests/test_townlet/unit/training/test_prioritized_replay_buffer_components.py::TestSerializationFormatVersion4::test_serialize_empty_buffer_has_version_3 PASSED [ 67%]
tests/test_townlet/unit/training/test_prioritized_replay_buffer_components.py::TestSerializationFormatVersion4::test_serialize_with_components PASSED [ 67%]
tests/test_townlet/unit/training/test_prioritized_replay_buffer_components.py::TestSerializationFormatVersion4::test_roundtrip_preserves_components PASSED [ 67%]
tests/test_townlet/unit/training/test_prioritized_replay_buffer_components.py::TestLegacyFormatRejection::test_load_format_version_2_raises_error PASSED [ 67%]
tests/test_townlet/unit/training/test_prioritized_replay_buffer_components.py::TestLegacyFormatRejection::test_load_format_version_1_raises_error PASSED [ 67%]
tests/test_townlet/unit/training/test_prioritized_replay_buffer_components.py::TestLegacyFormatRejection::test_load_missing_format_version_raises_error PASSED [ 67%]
tests/test_townlet/unit/training/test_prioritized_replay_buffer_components.py::TestClearAndStatsWithComponents::test_clear_deallocates_component_tensors PASSED [ 67%]
tests/test_townlet/unit/training/test_prioritized_replay_buffer_components.py::TestClearAndStatsWithComponents::test_stats_includes_component_memory PASSED [ 67%]
tests/test_townlet/unit/training/test_prioritized_replay_buffer_components.py::TestClearAndStatsWithComponents::test_stats_after_clear_shows_zero_memory PASSED [ 67%]
tests/test_townlet/unit/training/test_replay_buffer_components.py::TestRewardComponentStorage::test_push_with_components_stores_all_fields PASSED [ 67%]
tests/test_townlet/unit/training/test_replay_buffer_components.py::TestRewardComponentStorage::test_push_batch_with_components PASSED [ 68%]
tests/test_townlet/unit/training/test_replay_buffer_components.py::TestRewardComponentStorage::test_push_without_components_stores_zeros PASSED [ 68%]
tests/test_townlet/unit/training/test_replay_buffer_components.py::TestRewardComponentStorage::test_wraparound_preserves_components PASSED [ 68%]
tests/test_townlet/unit/training/test_replay_buffer_components.py::TestSerializationFormatVersion4::test_serialize_empty_buffer_has_version_3 PASSED [ 68%]
tests/test_townlet/unit/training/test_replay_buffer_components.py::TestSerializationFormatVersion4::test_serialize_with_components PASSED [ 68%]
tests/test_townlet/unit/training/test_replay_buffer_components.py::TestSerializationFormatVersion4::test_serialize_after_wraparound_preserves_temporal_order PASSED [ 68%]
tests/test_townlet/unit/training/test_replay_buffer_components.py::TestSerializationFormatVersion4::test_roundtrip_preserves_components PASSED [ 68%]
tests/test_townlet/unit/training/test_replay_buffer_components.py::TestLegacyFormatRejection::test_load_format_version_2_raises_error PASSED [ 68%]
tests/test_townlet/unit/training/test_replay_buffer_components.py::TestLegacyFormatRejection::test_load_format_version_1_raises_error PASSED [ 68%]
tests/test_townlet/unit/training/test_replay_buffer_components.py::TestLegacyFormatRejection::test_load_missing_format_version_raises_error PASSED [ 68%]
tests/test_townlet/unit/training/test_replay_buffer_components.py::TestLegacyFormatRejection::test_load_unknown_future_format_version_raises_error PASSED [ 68%]
tests/test_townlet/unit/training/test_replay_buffer_components.py::TestClearAndStatsWithComponents::test_clear_deallocates_component_tensors PASSED [ 68%]
tests/test_townlet/unit/training/test_replay_buffer_components.py::TestClearAndStatsWithComponents::test_stats_includes_component_memory PASSED [ 68%]
tests/test_townlet/unit/training/test_replay_buffer_components.py::TestClearAndStatsWithComponents::test_stats_after_clear_shows_zero_memory PASSED [ 68%]
tests/test_townlet/unit/training/test_replay_buffers.py::TestReplayBufferInitialization::test_initialization PASSED [ 68%]
tests/test_townlet/unit/training/test_replay_buffers.py::TestReplayBufferInitialization::test_custom_capacity PASSED [ 68%]
tests/test_townlet/unit/training/test_replay_buffers.py::TestReplayBufferInitialization::test_device_specification PASSED [ 68%]
tests/test_townlet/unit/training/test_replay_buffers.py::TestReplayBufferStorage::test_single_transition_push PASSED [ 68%]
tests/test_townlet/unit/training/test_replay_buffers.py::TestReplayBufferStorage::test_batch_push PASSED [ 68%]
tests/test_townlet/unit/training/test_replay_buffers.py::TestReplayBufferStorage::test_lazy_storage_initialization PASSED [ 68%]
tests/test_townlet/unit/training/test_replay_buffers.py::TestReplayBufferStorage::test_stored_data_integrity PASSED [ 68%]
tests/test_townlet/unit/training/test_replay_buffers.py::TestReplayBufferCircularLogic::test_fill_to_capacity PASSED [ 68%]
tests/test_townlet/unit/training/test_replay_buffers.py::TestReplayBufferCircularLogic::test_fifo_eviction_when_full PASSED [ 68%]
tests/test_townlet/unit/training/test_replay_buffers.py::TestReplayBufferCircularLogic::test_wraparound_multiple_times PASSED [ 68%]
tests/test_townlet/unit/training/test_replay_buffers.py::TestReplayBufferSampling::test_sample_basic PASSED [ 68%]
tests/test_townlet/unit/training/test_replay_buffers.py::TestReplayBufferSampling::test_sample_insufficient_data_raises_error PASSED [ 68%]
tests/test_townlet/unit/training/test_replay_buffers.py::TestReplayBufferSampling::test_rewards_returned_as_stored PASSED [ 68%]
tests/test_townlet/unit/training/test_replay_buffers.py::TestReplayBufferSampling::test_rewards_precomposed_by_dac PASSED [ 68%]
tests/test_townlet/unit/training/test_replay_buffers.py::TestReplayBufferSampling::test_sample_returns_different_batches PASSED [ 68%]
tests/test_townlet/unit/training/test_replay_buffers.py::TestReplayBufferSampling::test_sample_full_buffer PASSED [ 68%]
tests/test_townlet/unit/training/test_replay_buffers.py::TestReplayBufferDeviceHandling::test_cpu_buffer_storage PASSED [ 68%]
tests/test_townlet/unit/training/test_replay_buffers.py::TestReplayBufferDeviceHandling::test_moves_tensors_to_device PASSED [ 68%]
tests/test_townlet/unit/training/test_replay_buffers.py::TestReplayBufferDeviceHandling::test_cuda_buffer_storage SKIPPED [ 68%]
tests/test_townlet/unit/training/test_replay_buffers.py::TestReplayBufferDeviceHandling::test_cuda_sampling SKIPPED [ 68%]
tests/test_townlet/unit/training/test_replay_buffers.py::TestReplayBufferClearAPI::test_clear_resets_counters PASSED [ 68%]
tests/test_townlet/unit/training/test_replay_buffers.py::TestReplayBufferClearAPI::test_clear_deallocates_storage PASSED [ 68%]
tests/test_townlet/unit/training/test_replay_buffers.py::TestReplayBufferClearAPI::test_clear_idempotence PASSED [ 68%]
tests/test_townlet/unit/training/test_replay_buffers.py::TestReplayBufferClearAPI::test_buffer_works_after_clear PASSED [ 68%]
tests/test_townlet/unit/training/test_replay_buffers.py::TestReplayBufferStatsAPI::test_stats_empty_buffer PASSED [ 68%]
tests/test_townlet/unit/training/test_replay_buffers.py::TestReplayBufferStatsAPI::test_stats_partially_filled PASSED [ 68%]
tests/test_townlet/unit/training/test_replay_buffers.py::TestReplayBufferStatsAPI::test_stats_full_buffer PASSED [ 68%]
tests/test_townlet/unit/training/test_replay_buffers.py::TestReplayBufferStatsAPI::test_stats_memory_calculation PASSED [ 68%]
tests/test_townlet/unit/training/test_replay_buffers.py::TestReplayBufferStatsAPI::test_stats_cuda_device SKIPPED [ 69%]
tests/test_townlet/unit/training/test_replay_buffers.py::TestReplayBufferStatsAPI::test_stats_after_clear PASSED [ 69%]
tests/test_townlet/unit/training/test_replay_buffers.py::TestReplayBufferValidation::test_batch_size_exceeds_capacity_raises_error PASSED [ 69%]
tests/test_townlet/unit/training/test_replay_buffers.py::TestReplayBufferValidation::test_batch_size_equals_capacity_is_allowed PASSED [ 69%]
tests/test_townlet/unit/training/test_replay_buffers.py::TestReplayBufferSerialization::test_serialize_without_wraparound PASSED [ 69%]
tests/test_townlet/unit/training/test_replay_buffers.py::TestReplayBufferSerialization::test_serialize_after_wraparound_preserves_temporal_order PASSED [ 69%]
tests/test_townlet/unit/training/test_replay_buffers.py::TestReplayBufferSerialization::test_serialize_deserialize_roundtrip_with_wraparound PASSED [ 69%]
tests/test_townlet/unit/training/test_replay_buffers.py::TestReplayBufferSerialization::test_serialize_empty_buffer PASSED [ 69%]
tests/test_townlet/unit/training/test_replay_buffers.py::TestReplayBufferSerialization::test_load_from_serialized_empty PASSED [ 69%]
tests/test_townlet/unit/training/test_replay_buffers.py::TestReplayBufferSerialization::test_load_previous_format_rejected PASSED [ 69%]
tests/test_townlet/unit/training/test_replay_buffers.py::TestCompactReplayCheckpointABI::test_l1_observation_pair_uses_exact_float32_shape_and_bytes PASSED [ 69%]
tests/test_townlet/unit/training/test_replay_buffers.py::TestCompactReplayCheckpointABI::test_serialized_state_has_exact_current_version_kind_and_keys PASSED [ 69%]
tests/test_townlet/unit/training/test_replay_buffers.py::TestCompactReplayCheckpointABI::test_format_version_requires_an_exact_integer[4.0] PASSED [ 69%]
tests/test_townlet/unit/training/test_replay_buffers.py::TestCompactReplayCheckpointABI::test_format_version_requires_an_exact_integer[True] PASSED [ 69%]
tests/test_townlet/unit/training/test_replay_buffers.py::TestCompactReplayCheckpointABI::test_structural_validation_does_not_materialize_restore_storage PASSED [ 69%]
tests/test_townlet/unit/training/test_replay_buffers.py::TestCompactReplayCheckpointABI::test_loader_refuses_non_mapping_payload PASSED [ 69%]
tests/test_townlet/unit/training/test_replay_buffers.py::TestCompactReplayCheckpointABI::test_immediately_previous_version_refuses_without_mutation PASSED [ 69%]
tests/test_townlet/unit/training/test_replay_buffers.py::TestCompactReplayCheckpointABI::test_current_state_refuses_wrong_kind_or_key_set[wrong-kind] PASSED [ 69%]
tests/test_townlet/unit/training/test_replay_buffers.py::TestCompactReplayCheckpointABI::test_current_state_refuses_wrong_kind_or_key_set[unknown-key] PASSED [ 69%]
tests/test_townlet/unit/training/test_replay_buffers.py::TestCompactReplayCheckpointABI::test_current_state_refuses_wrong_kind_or_key_set[missing-key] PASSED [ 69%]
tests/test_townlet/unit/training/test_replay_buffers.py::TestCompactReplayCheckpointABI::test_current_state_refuses_invalid_tensor_contract[observation-dtype] PASSED [ 69%]
tests/test_townlet/unit/training/test_replay_buffers.py::TestCompactReplayCheckpointABI::test_current_state_refuses_invalid_tensor_contract[action-dtype] PASSED [ 69%]
tests/test_townlet/unit/training/test_replay_buffers.py::TestCompactReplayCheckpointABI::test_current_state_refuses_invalid_tensor_contract[done-dtype] PASSED [ 69%]
tests/test_townlet/unit/training/test_replay_buffers.py::TestCompactReplayCheckpointABI::test_current_state_refuses_invalid_tensor_contract[next-shape] PASSED [ 69%]
tests/test_townlet/unit/training/test_replay_buffers.py::TestReplayBufferEdgeCases::test_single_capacity_buffer PASSED [ 69%]
tests/test_townlet/unit/training/test_replay_buffers.py::TestReplayBufferEdgeCases::test_empty_buffer_length PASSED [ 69%]
tests/test_townlet/unit/training/test_replay_buffers.py::TestReplayBufferEdgeCases::test_large_batch_push PASSED [ 69%]
tests/test_townlet/unit/training/test_replay_buffers.py::TestReplayBufferEdgeCases::test_different_observation_dimensions PASSED [ 69%]
tests/test_townlet/unit/training/test_replay_buffers.py::TestSequentialReplayBufferInitialization::test_initialization PASSED [ 69%]
tests/test_townlet/unit/training/test_replay_buffers.py::TestSequentialReplayBufferInitialization::test_custom_capacity PASSED [ 69%]
tests/test_townlet/unit/training/test_replay_buffers.py::TestSequentialReplayBufferInitialization::test_device_specification PASSED [ 69%]
tests/test_townlet/unit/training/test_replay_buffers.py::TestEpisodeStorage::test_store_single_episode PASSED [ 69%]
tests/test_townlet/unit/training/test_replay_buffers.py::TestEpisodeStorage::test_store_multiple_episodes PASSED [ 69%]
tests/test_townlet/unit/training/test_replay_buffers.py::TestEpisodeStorage::test_episode_validation PASSED [ 69%]
tests/test_townlet/unit/training/test_replay_buffers.py::TestSequentialCircularBufferLogic::test_capacity_enforcement PASSED [ 69%]
tests/test_townlet/unit/training/test_replay_buffers.py::TestSequentialCircularBufferLogic::test_fifo_eviction PASSED [ 69%]
tests/test_townlet/unit/training/test_replay_buffers.py::TestSequenceSampling::test_sample_single_sequence PASSED [ 69%]
tests/test_townlet/unit/training/test_replay_buffers.py::TestSequenceSampling::test_sample_batch_of_sequences PASSED [ 69%]
tests/test_townlet/unit/training/test_replay_buffers.py::TestSequenceSampling::test_temporal_continuity PASSED [ 69%]
tests/test_townlet/unit/training/test_replay_buffers.py::TestSequenceSampling::test_insufficient_data_raises_error PASSED [ 69%]
tests/test_townlet/unit/training/test_replay_buffers.py::TestEpisodeBoundaryHandling::test_sequences_dont_cross_episodes PASSED [ 69%]
tests/test_townlet/unit/training/test_replay_buffers.py::TestSequentialDeviceHandling::test_cpu_storage PASSED [ 69%]
tests/test_townlet/unit/training/test_replay_buffers.py::TestSequentialDeviceHandling::test_cuda_storage SKIPPED [ 69%]
tests/test_townlet/unit/training/test_replay_buffers.py::TestSequentialRewardSupport::test_store_rewards PASSED [ 70%]
tests/test_townlet/unit/training/test_replay_buffers.py::TestSequentialRewardSupport::test_sample_returns_stored_rewards PASSED [ 70%]
tests/test_townlet/unit/training/test_replay_buffers.py::TestSequentialRewardSupport::test_rewards_precomposed_by_dac_sequential PASSED [ 70%]
tests/test_townlet/unit/training/test_replay_buffers.py::TestPostTerminalMasking::test_sample_returns_mask PASSED [ 70%]
tests/test_townlet/unit/training/test_replay_buffers.py::TestPostTerminalMasking::test_mask_all_true_when_no_terminal PASSED [ 70%]
tests/test_townlet/unit/training/test_replay_buffers.py::TestPostTerminalMasking::test_mask_false_after_terminal PASSED [ 70%]
tests/test_townlet/unit/training/test_replay_buffers.py::TestPostTerminalMasking::test_mask_includes_terminal_timestep PASSED [ 70%]
tests/test_townlet/unit/training/test_replay_buffers.py::TestPostTerminalMasking::test_mask_with_multiple_sequences PASSED [ 70%]
tests/test_townlet/unit/training/test_replay_buffers.py::TestPostTerminalMasking::test_mask_shape_matches_batch PASSED [ 70%]
tests/test_townlet/unit/training/test_replay_buffers.py::TestPostTerminalMasking::test_mask_works_with_dac_composed_rewards PASSED [ 70%]
tests/test_townlet/unit/training/test_replay_buffers.py::TestMaskIntegrationWithLoss::test_mask_sum_counts_valid_timesteps PASSED [ 70%]
tests/test_townlet/unit/training/test_replay_buffers.py::TestMaskIntegrationWithLoss::test_masked_loss_example PASSED [ 70%]
tests/test_townlet/unit/training/test_sequential_replay_buffer.py::TestSequentialReplayBuffer::test_store_episode_eviction PASSED [ 70%]
tests/test_townlet/unit/training/test_sequential_replay_buffer.py::TestSequentialReplayBuffer::test_sample_sequences_masks_post_terminal PASSED [ 70%]
tests/test_townlet/unit/training/test_sequential_replay_buffer.py::TestSequentialReplayBuffer::test_sample_sequences_requires_long_enough_episode PASSED [ 70%]
tests/test_townlet/unit/training/test_sequential_replay_buffer.py::TestSequentialReplayBuffer::test_serialize_and_restore PASSED [ 70%]
tests/test_townlet/unit/training/test_sequential_replay_buffer.py::TestSequentialReplayBufferClearAPI::test_clear_resets_episodes PASSED [ 70%]
tests/test_townlet/unit/training/test_sequential_replay_buffer.py::TestSequentialReplayBufferClearAPI::test_clear_idempotence PASSED [ 70%]
tests/test_townlet/unit/training/test_sequential_replay_buffer.py::TestSequentialReplayBufferClearAPI::test_buffer_works_after_clear PASSED [ 70%]
tests/test_townlet/unit/training/test_sequential_replay_buffer.py::TestSequentialReplayBufferRewardComponents::test_episode_with_components_stores_correctly PASSED [ 70%]
tests/test_townlet/unit/training/test_sequential_replay_buffer.py::TestSequentialReplayBufferRewardComponents::test_episode_without_components_still_works PASSED [ 70%]
tests/test_townlet/unit/training/test_sequential_replay_buffer.py::TestSequentialReplayBufferRewardComponents::test_serialization_format_version_5 PASSED [ 70%]
tests/test_townlet/unit/training/test_sequential_replay_buffer.py::TestSequentialReplayBufferRewardComponents::test_serialization_without_components PASSED [ 70%]
tests/test_townlet/unit/training/test_sequential_replay_buffer.py::TestSequentialReplayBufferRewardComponents::test_empty_buffer_serialization_version_5 PASSED [ 70%]
tests/test_townlet/unit/training/test_sequential_replay_buffer.py::TestSequentialReplayBufferRewardComponents::test_non_current_format_rejection PASSED [ 70%]
tests/test_townlet/unit/training/test_sequential_replay_buffer.py::TestSequentialReplayBufferRewardComponents::test_round_trip_with_components PASSED [ 70%]
tests/test_townlet/unit/training/test_sequential_replay_buffer.py::TestSequentialReplayBufferRewardComponents::test_component_validation_wrong_shape PASSED [ 70%]
tests/test_townlet/unit/training/test_sequential_replay_buffer.py::TestSequentialReplayBufferRewardComponents::test_component_validation_wrong_length PASSED [ 70%]
tests/test_townlet/unit/training/test_sequential_replay_buffer.py::TestCompactSequentialReplayCheckpointABI::test_l1_episode_observations_use_compact_width_and_float32 PASSED [ 70%]
tests/test_townlet/unit/training/test_sequential_replay_buffer.py::TestCompactSequentialReplayCheckpointABI::test_serialized_state_has_exact_current_version_kind_and_keys PASSED [ 70%]
tests/test_townlet/unit/training/test_sequential_replay_buffer.py::TestCompactSequentialReplayCheckpointABI::test_format_version_requires_an_exact_integer[5.0] PASSED [ 70%]
tests/test_townlet/unit/training/test_sequential_replay_buffer.py::TestCompactSequentialReplayCheckpointABI::test_format_version_requires_an_exact_integer[True] PASSED [ 70%]
tests/test_townlet/unit/training/test_sequential_replay_buffer.py::TestCompactSequentialReplayCheckpointABI::test_structural_validation_does_not_materialize_episode_tensors PASSED [ 70%]
tests/test_townlet/unit/training/test_sequential_replay_buffer.py::TestCompactSequentialReplayCheckpointABI::test_loader_refuses_non_mapping_payload PASSED [ 70%]
tests/test_townlet/unit/training/test_sequential_replay_buffer.py::TestCompactSequentialReplayCheckpointABI::test_immediately_previous_version_refuses_without_mutation PASSED [ 70%]
tests/test_townlet/unit/training/test_sequential_replay_buffer.py::TestCompactSequentialReplayCheckpointABI::test_current_state_refuses_wrong_kind_keys_or_capacity[wrong-kind] PASSED [ 70%]
tests/test_townlet/unit/training/test_sequential_replay_buffer.py::TestCompactSequentialReplayCheckpointABI::test_current_state_refuses_wrong_kind_keys_or_capacity[unknown-key] PASSED [ 70%]
tests/test_townlet/unit/training/test_sequential_replay_buffer.py::TestCompactSequentialReplayCheckpointABI::test_current_state_refuses_wrong_kind_keys_or_capacity[missing-key] PASSED [ 70%]
tests/test_townlet/unit/training/test_sequential_replay_buffer.py::TestCompactSequentialReplayCheckpointABI::test_current_state_refuses_wrong_kind_keys_or_capacity[capacity] PASSED [ 70%]
tests/test_townlet/unit/training/test_sequential_replay_buffer.py::TestCompactSequentialReplayCheckpointABI::test_current_state_refuses_invalid_episode_tensor_contract[observation-dtype] PASSED [ 70%]
tests/test_townlet/unit/training/test_sequential_replay_buffer.py::TestCompactSequentialReplayCheckpointABI::test_current_state_refuses_invalid_episode_tensor_contract[action-dtype] PASSED [ 70%]
tests/test_townlet/unit/training/test_sequential_replay_buffer.py::TestCompactSequentialReplayCheckpointABI::test_current_state_refuses_invalid_episode_tensor_contract[done-dtype] PASSED [ 70%]
tests/test_townlet/unit/training/test_sequential_replay_buffer.py::TestCompactSequentialReplayCheckpointABI::test_current_state_refuses_invalid_episode_tensor_contract[next-shape] PASSED [ 70%]
tests/test_townlet/unit/training/test_sequential_replay_buffer.py::TestSequentialReplayBufferStatsAPI::test_stats_empty_buffer PASSED [ 71%]
tests/test_townlet/unit/training/test_sequential_replay_buffer.py::TestSequentialReplayBufferStatsAPI::test_stats_with_episodes PASSED [ 71%]
tests/test_townlet/unit/training/test_sequential_replay_buffer.py::TestSequentialReplayBufferStatsAPI::test_stats_memory_calculation PASSED [ 71%]
tests/test_townlet/unit/training/test_sequential_replay_buffer.py::TestSequentialReplayBufferStatsAPI::test_stats_after_clear PASSED [ 71%]
tests/test_townlet/unit/training/test_state.py::TestBatchedAgentState::test_batched_agent_state_creation PASSED [ 71%]
tests/test_townlet/unit/training/test_state.py::TestBatchedAgentState::test_batched_agent_state_info_dict PASSED [ 71%]
tests/test_townlet/unit/training/test_state.py::TestBatchedAgentState::test_batched_agent_state_default_info_is_empty_dict PASSED [ 71%]
tests/test_townlet/unit/training/test_state.py::TestBatchedAgentState::test_batched_agent_state_to_preserves_info PASSED [ 71%]
tests/test_townlet/unit/training/test_state.py::TestBatchedAgentState::test_batched_agent_state_to_moves_tensors PASSED [ 71%]
tests/test_townlet/unit/training/test_tensorboard_logger.py::test_logger_initialization_creates_directory PASSED [ 71%]
tests/test_townlet/unit/training/test_tensorboard_logger.py::test_logger_initialization_respects_custom_flags PASSED [ 71%]
tests/test_townlet/unit/training/test_tensorboard_logger.py::test_log_episode_intrinsic_ratio[with_ratio] PASSED [ 71%]
tests/test_townlet/unit/training/test_tensorboard_logger.py::test_log_episode_intrinsic_ratio[no_ratio] PASSED [ 71%]
tests/test_townlet/unit/training/test_tensorboard_logger.py::test_log_episode_triggers_auto_flush PASSED [ 71%]
tests/test_townlet/unit/training/test_tensorboard_logger.py::test_log_curriculum_transitions_handles_add_text[with_text] PASSED [ 71%]
tests/test_townlet/unit/training/test_tensorboard_logger.py::test_log_curriculum_transitions_handles_add_text[without_text] PASSED [ 71%]
tests/test_townlet/unit/training/test_tensorboard_logger.py::test_log_network_stats_learning_rate_branch[with_optimizer] PASSED [ 71%]
tests/test_townlet/unit/training/test_tensorboard_logger.py::test_log_network_stats_learning_rate_branch[without_optimizer] PASSED [ 71%]
tests/test_townlet/unit/training/test_tensorboard_logger.py::test_log_multi_agent_episode_counts_agents PASSED [ 71%]
tests/test_townlet/unit/training/test_tensorboard_logger.py::test_log_training_step_logs_histograms PASSED [ 71%]
tests/test_townlet/unit/training/test_tensorboard_logger.py::test_log_meters_emits_expected_scalars PASSED [ 71%]
tests/test_townlet/unit/training/test_tensorboard_logger.py::test_log_affordance_usage_logs_each_entry PASSED [ 71%]
tests/test_townlet/unit/training/test_tensorboard_logger.py::test_log_custom_metric_delegates_to_writer PASSED [ 71%]
tests/test_townlet/unit/training/test_tensorboard_logger.py::test_log_hyperparameters_calls_add_hparams PASSED [ 71%]
tests/test_townlet/unit/training/test_tensorboard_logger.py::test_flush_invokes_writer_flush PASSED [ 71%]
tests/test_townlet/unit/training/test_tensorboard_logger.py::test_close_invokes_writer_flush_and_close PASSED [ 71%]
tests/test_townlet/unit/training/test_tensorboard_logger.py::test_context_manager_closes_logger PASSED [ 71%]
tests/test_townlet/unit/training/test_tensorboard_logger.py::test_log_network_stats_with_gradients PASSED [ 71%]
tests/test_townlet/unit/training/test_tensorboard_logger.py::test_log_network_stats_early_return_when_disabled PASSED [ 71%]
tests/test_townlet/unit/training/test_tensorboard_logger.py::test_log_reward_components_logs_all_required_metrics PASSED [ 71%]
tests/test_townlet/unit/training/test_tensorboard_logger.py::test_log_reward_components_logs_optional_metrics PASSED [ 71%]
tests/test_townlet/unit/training/test_tensorboard_logger.py::test_log_reward_components_omits_none_optionals PASSED [ 71%]
tests/test_townlet/unit/training/test_tensorboard_logger.py::test_log_reward_components_respects_agent_id PASSED [ 71%]
tests/test_townlet/unit/training/test_tensorboard_logger.py::test_log_reward_components_defaults_empty_agent_id PASSED [ 71%]
tests/test_townlet/unit/training/test_token_checkpoint_gates.py::TestAttachStampsTokenHashes::test_both_hashes_stamped PASSED [ 71%]
tests/test_townlet/unit/training/test_token_checkpoint_gates.py::TestAttachStampsTokenHashes::test_the_provenance_fields_all_stay PASSED [ 71%]
tests/test_townlet/unit/training/test_token_checkpoint_gates.py::TestCompactReplayArtifactCut::test_checkpoint_format_moves_past_the_full_payload_abi PASSED [ 71%]
tests/test_townlet/unit/training/test_token_checkpoint_gates.py::TestCompactReplayArtifactCut::test_full_payload_v4_checkpoint_refuses_before_any_state_is_read PASSED [ 71%]
tests/test_townlet/unit/training/test_token_checkpoint_gates.py::TestCompactReplayArtifactCut::test_outer_v4_refuses_before_exact_keys_or_nested_state_are_read PASSED [ 71%]
tests/test_townlet/unit/training/test_token_checkpoint_gates.py::TestCompactReplayArtifactCut::test_outer_version_requires_an_exact_integer[5.0] PASSED [ 71%]
tests/test_townlet/unit/training/test_token_checkpoint_gates.py::TestCompactReplayArtifactCut::test_outer_version_requires_an_exact_integer[True] PASSED [ 71%]
tests/test_townlet/unit/training/test_token_checkpoint_gates.py::TestTokenNetGate::test_matching_type_schema_hash_passes PASSED [ 71%]
tests/test_townlet/unit/training/test_token_checkpoint_gates.py::TestTokenNetGate::test_mismatch_produces_the_banner PASSED [ 72%]
tests/test_townlet/unit/training/test_token_checkpoint_gates.py::TestTokenNetGate::test_missing_hash_refuses PASSED [ 72%]
tests/test_townlet/unit/training/test_token_checkpoint_gates.py::TestTokenNetGate::test_action_dim_still_gated_on_the_token_path PASSED [ 72%]
tests/test_townlet/unit/training/test_token_checkpoint_gates.py::TestTokenNetGate::test_both_token_native_architectures_ignore_layout_variation[token_set] PASSED [ 72%]
tests/test_townlet/unit/training/test_token_checkpoint_gates.py::TestTokenNetGate::test_both_token_native_architectures_ignore_layout_variation[recurrent] PASSED [ 72%]
tests/test_townlet/unit/training/test_token_checkpoint_gates.py::TestTokenNetGate::test_live_identity_gate_threads_the_compiled_token_set_type PASSED [ 72%]
tests/test_townlet/unit/training/test_token_checkpoint_gates.py::TestFlatNetLayoutGate::test_matching_layout_passes PASSED [ 72%]
tests/test_townlet/unit/training/test_token_checkpoint_gates.py::TestFlatNetLayoutGate::test_layout_mismatch_refuses_for_flat_nets PASSED [ 72%]
tests/test_townlet/unit/training/test_token_checkpoint_gates.py::TestFlatNetLayoutGate::test_missing_layout_hash_refuses PASSED [ 72%]
tests/test_townlet/unit/training/test_token_checkpoint_gates.py::TestFlatNetLayoutGate::test_the_default_path_is_the_flat_path PASSED [ 72%]
tests/test_townlet/unit/training/test_token_checkpoint_gates.py::TestLoadByTypeKey::test_intersection_loads_shared_types_only PASSED [ 72%]
tests/test_townlet/unit/training/test_token_checkpoint_gates.py::TestLoadByTypeKey::test_report_is_loud PASSED [ 72%]
tests/test_townlet/unit/training/test_token_checkpoint_gates.py::TestLoadByTypeKey::test_payload_schema_mismatch_refuses PASSED [ 72%]
tests/test_townlet/unit/training/test_token_checkpoint_gates.py::TestLoadByTypeKey::test_action_dim_mismatch_cold_starts_q_head PASSED [ 72%]
tests/test_townlet/unit/training/test_token_checkpoint_gates.py::TestLoadByTypeKey::test_identical_roster_loads_clean PASSED [ 72%]
tests/test_townlet/unit/training/test_token_checkpoint_gates.py::TestLoadByTypeKey::test_refuses_non_token_networks PASSED [ 72%]
tests/test_townlet/unit/training/test_token_checkpoint_gates.py::TestCrossUniverseLoadResets::test_resets_optimizer_target_and_rnd PASSED [ 72%]
tests/test_townlet/unit/training/test_token_checkpoint_gates.py::TestCrossUniverseLoadResets::test_refuses_non_token_population PASSED [ 72%]
tests/test_townlet/unit/training/test_token_checkpoint_gates.py::TestReviewRound1Pins::test_target_only_modules_are_reported_cold PASSED [ 72%]
tests/test_townlet/unit/training/test_token_checkpoint_gates.py::TestReviewRound1Pins::test_adaptive_wrapper_annealing_state_resets PASSED [ 72%]
tests/test_townlet/unit/universe/dto/test_universe_dtos.py::TestActionSpaceMetadata::test_action_mask PASSED [ 72%]
tests/test_townlet/unit/universe/dto/test_universe_dtos.py::TestMeterMetadata::test_get_meter_by_name PASSED [ 72%]
tests/test_townlet/unit/universe/dto/test_universe_dtos.py::TestAffordanceMetadata::test_lookup PASSED [ 72%]
tests/test_townlet/unit/universe/dto/test_universe_dtos.py::test_universe_metadata_instantiation PASSED [ 72%]
tests/test_townlet/unit/universe/test_action_space_composition.py::TestLegacyActionEffectRejection::test_action_with_legacy_costs_fails_compilation PASSED [ 72%]
tests/test_townlet/unit/universe/test_action_space_composition.py::TestLegacyActionEffectRejection::test_action_with_legacy_effects_fails_compilation PASSED [ 72%]
tests/test_townlet/unit/universe/test_action_space_composition.py::TestLegacyActionEffectRejection::test_actions_without_legacy_costs_or_effects_compile_successfully PASSED [ 72%]
tests/test_townlet/unit/universe/test_agent_profile_cache_serialization.py::test_to_dict_with_agent_profile_is_msgpack_serializable PASSED [ 72%]
tests/test_townlet/unit/universe/test_agent_profile_cache_serialization.py::test_agent_profile_round_trips_through_dict PASSED [ 72%]
tests/test_townlet/unit/universe/test_agent_profile_cache_serialization.py::test_global_profile_round_trip_preserves_semantic_type PASSED [ 72%]
tests/test_townlet/unit/universe/test_agent_profile_cache_serialization.py::test_compile_writes_artifact_for_pack_with_agent_profile PASSED [ 72%]
tests/test_townlet/unit/universe/test_agent_profile_cache_serialization.py::test_failed_cache_write_raises_instead_of_warning PASSED [ 72%]
tests/test_townlet/unit/universe/test_agent_profile_cache_serialization.py::test_cli_compile_exits_nonzero_when_cache_write_fails PASSED [ 72%]
tests/test_townlet/unit/universe/test_brain_level_override.py::test_level_without_brain_yaml_inherits_pack_brain PASSED [ 72%]
tests/test_townlet/unit/universe/test_brain_level_override.py::test_level_brain_yaml_replaces_pack_brain_and_moves_the_hash PASSED [ 72%]
tests/test_townlet/unit/universe/test_brain_level_override.py::test_adding_level_brain_yaml_changes_config_hash PASSED [ 72%]
tests/test_townlet/unit/universe/test_brain_level_override.py::test_identical_level_brain_yaml_is_not_a_hash_fork PASSED [ 72%]
tests/test_townlet/unit/universe/test_canonical_variable_compilation.py::test_compiler_lowers_authored_global_state_to_internal_expression_product PASSED [ 72%]
tests/test_townlet/unit/universe/test_canonical_variable_compilation.py::test_compiler_emits_registry_variables_from_the_same_canonical_roster PASSED [ 72%]
tests/test_townlet/unit/universe/test_canonical_variable_compilation.py::test_explicit_empty_catalog_compiles_without_authored_registry_state PASSED [ 72%]
tests/test_townlet/unit/universe/test_canonical_variable_compilation.py::test_missing_canonical_catalog_refuses_instead_of_inserting_empty_state PASSED [ 72%]
tests/test_townlet/unit/universe/test_canonical_variable_compilation.py::test_exposed_expression_keeps_its_declared_reset_value_and_identity PASSED [ 72%]
tests/test_townlet/unit/universe/test_canonical_variable_compilation.py::test_exposed_deterministic_tensor_lowers_to_one_literal_default[zeros-shape0-expected_default0] PASSED [ 72%]
tests/test_townlet/unit/universe/test_canonical_variable_compilation.py::test_exposed_deterministic_tensor_lowers_to_one_literal_default[ones-shape1-expected_default1] PASSED [ 73%]
tests/test_townlet/unit/universe/test_canonical_variable_compilation.py::test_exposed_deterministic_tensor_lowers_to_one_literal_default[eye-shape2-expected_default2] PASSED [ 73%]
tests/test_townlet/unit/universe/test_canonical_variable_compilation.py::test_exposed_random_tensor_refuses_before_runtime_allocation[random_normal-params0] PASSED [ 73%]
tests/test_townlet/unit/universe/test_canonical_variable_compilation.py::test_exposed_random_tensor_refuses_before_runtime_allocation[random_uniform-params1] PASSED [ 73%]
tests/test_townlet/unit/universe/test_canonical_variable_compilation.py::test_static_policy_survives_cold_and_messagepack_reload PASSED [ 73%]
tests/test_townlet/unit/universe/test_compact_token_layout.py::test_immutable_context_is_schema_owned_without_duplicating_non_effect_identity PASSED [ 73%]
tests/test_townlet/unit/universe/test_compact_token_layout.py::test_current_l1_dynamic_census_is_exactly_118_and_below_the_120_cap PASSED [ 73%]
tests/test_townlet/unit/universe/test_compact_token_layout.py::test_a_rank_zero_variable_element_row_is_exactly_three_floats PASSED [ 73%]
tests/test_townlet/unit/universe/test_compact_token_layout.py::test_compact_l1_rows_exclude_descriptors_and_fixed_rank_padding PASSED [ 73%]
tests/test_townlet/unit/universe/test_compact_token_layout.py::test_ranked_variable_coordinates_are_static_context_not_replay_lanes PASSED [ 73%]
tests/test_townlet/unit/universe/test_compact_token_layout.py::test_static_context_and_dynamic_state_assemble_the_fixed_input_exactly PASSED [ 73%]
tests/test_townlet/unit/universe/test_compact_token_layout.py::test_presence_gates_compiled_static_context PASSED [ 73%]
tests/test_townlet/unit/universe/test_compact_token_layout.py::test_effect_context_selector_assembles_world_specific_static_identity_without_projection PASSED [ 73%]
tests/test_townlet/unit/universe/test_compact_token_layout.py::test_each_compact_token_type_expands_one_type_at_a_time[self] PASSED [ 73%]
tests/test_townlet/unit/universe/test_compact_token_layout.py::test_each_compact_token_type_expands_one_type_at_a_time[meter] PASSED [ 73%]
tests/test_townlet/unit/universe/test_compact_token_layout.py::test_each_compact_token_type_expands_one_type_at_a_time[affordance] PASSED [ 73%]
tests/test_townlet/unit/universe/test_compact_token_layout.py::test_each_compact_token_type_expands_one_type_at_a_time[agent] PASSED [ 73%]
tests/test_townlet/unit/universe/test_compact_token_layout.py::test_each_compact_token_type_expands_one_type_at_a_time[item] PASSED [ 73%]
tests/test_townlet/unit/universe/test_compact_token_layout.py::test_each_compact_token_type_expands_one_type_at_a_time[effect] PASSED [ 73%]
tests/test_townlet/unit/universe/test_compact_token_layout.py::test_each_compact_token_type_expands_one_type_at_a_time[variable_element] PASSED [ 73%]
tests/test_townlet/unit/universe/test_compact_token_layout.py::test_present_effect_selector_refuses_before_catalog_gather[fractional] PASSED [ 73%]
tests/test_townlet/unit/universe/test_compact_token_layout.py::test_present_effect_selector_refuses_before_catalog_gather[negative] PASSED [ 73%]
tests/test_townlet/unit/universe/test_compact_token_layout.py::test_present_effect_selector_refuses_before_catalog_gather[out-of-range] PASSED [ 73%]
tests/test_townlet/unit/universe/test_compact_token_layout.py::test_present_effect_selector_refuses_before_catalog_gather[nan] PASSED [ 73%]
tests/test_townlet/unit/universe/test_compact_token_layout.py::test_present_effect_selector_refuses_before_catalog_gather[positive-infinity] PASSED [ 73%]
tests/test_townlet/unit/universe/test_compact_token_layout.py::test_present_effect_selector_refuses_before_catalog_gather[negative-infinity] PASSED [ 73%]
tests/test_townlet/unit/universe/test_compact_token_layout.py::test_present_effect_selector_refuses_before_catalog_gather[float32-inexact] PASSED [ 73%]
tests/test_townlet/unit/universe/test_compact_token_layout.py::test_absent_effect_selector_is_ignored_and_returns_exact_zero[fractional] PASSED [ 73%]
tests/test_townlet/unit/universe/test_compact_token_layout.py::test_absent_effect_selector_is_ignored_and_returns_exact_zero[negative] PASSED [ 73%]
tests/test_townlet/unit/universe/test_compact_token_layout.py::test_absent_effect_selector_is_ignored_and_returns_exact_zero[out-of-range] PASSED [ 73%]
tests/test_townlet/unit/universe/test_compact_token_layout.py::test_absent_effect_selector_is_ignored_and_returns_exact_zero[nan] PASSED [ 73%]
tests/test_townlet/unit/universe/test_compact_token_layout.py::test_absent_effect_selector_is_ignored_and_returns_exact_zero[positive-infinity] PASSED [ 73%]
tests/test_townlet/unit/universe/test_compact_token_layout.py::test_absent_effect_selector_is_ignored_and_returns_exact_zero[negative-infinity] PASSED [ 73%]
tests/test_townlet/unit/universe/test_compact_token_layout.py::test_absent_effect_selector_is_ignored_and_returns_exact_zero[float32-inexact] PASSED [ 73%]
tests/test_townlet/unit/universe/test_compact_token_layout.py::test_effect_selector_validation_handles_mixed_present_and_absent_batch PASSED [ 73%]
tests/test_townlet/unit/universe/test_compact_token_layout.py::test_present_effect_against_empty_catalog_refuses_before_gather PASSED [ 73%]
tests/test_townlet/unit/universe/test_compiled_artifact_required_fields.py::test_primary_level_products_exist_only_on_level_metadata PASSED [ 73%]
tests/test_townlet/unit/universe/test_compiled_artifact_required_fields.py::test_canonical_variable_cut_bumps_exact_artifact_schema PASSED [ 73%]
tests/test_townlet/unit/universe/test_compiled_artifact_required_fields.py::test_compiled_artifact_requires_every_serialized_command_field[type] PASSED [ 73%]
tests/test_townlet/unit/universe/test_compiled_artifact_required_fields.py::test_compiled_artifact_requires_every_serialized_command_field[path] PASSED [ 73%]
tests/test_townlet/unit/universe/test_compiled_artifact_required_fields.py::test_compiled_artifact_requires_every_serialized_command_field[value_expr] PASSED [ 73%]
tests/test_townlet/unit/universe/test_compiled_artifact_required_fields.py::test_compiled_artifact_requires_every_serialized_command_field[effect_id] PASSED [ 73%]
tests/test_townlet/unit/universe/test_compiled_artifact_required_fields.py::test_compiled_artifact_requires_every_serialized_command_field[target] PASSED [ 73%]
tests/test_townlet/unit/universe/test_compiled_artifact_required_fields.py::test_compiled_artifact_requires_every_serialized_command_field[target_expr] PASSED [ 74%]
tests/test_townlet/unit/universe/test_compiled_artifact_required_fields.py::test_compiled_artifact_requires_every_serialized_command_field[intensity] PASSED [ 74%]
tests/test_townlet/unit/universe/test_compiled_artifact_required_fields.py::test_compiled_artifact_requires_every_serialized_command_field[item_type] PASSED [ 74%]
tests/test_townlet/unit/universe/test_compiled_artifact_required_fields.py::test_compiled_artifact_requires_every_serialized_command_field[position] PASSED [ 74%]
tests/test_townlet/unit/universe/test_compiled_artifact_required_fields.py::test_compiled_artifact_requires_every_serialized_command_field[position_expr] PASSED [ 74%]
tests/test_townlet/unit/universe/test_compiled_artifact_required_fields.py::test_compiled_artifact_requires_every_serialized_command_field[quantity] PASSED [ 74%]
tests/test_townlet/unit/universe/test_compiled_artifact_required_fields.py::test_compiled_artifact_requires_every_serialized_command_field[initial_state] PASSED [ 74%]
tests/test_townlet/unit/universe/test_compiled_artifact_required_fields.py::test_compiled_artifact_requires_every_serialized_command_field[sample_distribution] PASSED [ 74%]
tests/test_townlet/unit/universe/test_compiled_artifact_required_fields.py::test_compiled_artifact_requires_every_serialized_command_field[sample_params] PASSED [ 74%]
tests/test_townlet/unit/universe/test_compiled_artifact_required_fields.py::test_compiled_artifact_requires_every_serialized_command_field[sample_store_path] PASSED [ 74%]
tests/test_townlet/unit/universe/test_compiled_artifact_required_fields.py::test_compiled_artifact_requires_every_serialized_command_field[condition_expr] PASSED [ 74%]
tests/test_townlet/unit/universe/test_compiled_artifact_required_fields.py::test_compiled_artifact_requires_every_serialized_command_field[then_commands] PASSED [ 74%]
tests/test_townlet/unit/universe/test_compiled_artifact_required_fields.py::test_compiled_artifact_requires_every_serialized_command_field[else_commands] PASSED [ 74%]
tests/test_townlet/unit/universe/test_compiled_artifact_required_fields.py::test_compiled_artifact_requires_every_serialized_command_field[collection] PASSED [ 74%]
tests/test_townlet/unit/universe/test_compiled_artifact_required_fields.py::test_compiled_artifact_requires_every_serialized_command_field[collection_expr] PASSED [ 74%]
tests/test_townlet/unit/universe/test_compiled_artifact_required_fields.py::test_compiled_artifact_requires_every_serialized_command_field[iterator] PASSED [ 74%]
tests/test_townlet/unit/universe/test_compiled_artifact_required_fields.py::test_compiled_artifact_requires_every_serialized_command_field[body] PASSED [ 74%]
tests/test_townlet/unit/universe/test_compiled_artifact_required_fields.py::test_compiled_artifact_requires_every_serialized_command_field[radius] PASSED [ 74%]
tests/test_townlet/unit/universe/test_compiled_artifact_required_fields.py::test_compiled_artifact_requires_every_serialized_command_field[switch_expr] PASSED [ 74%]
tests/test_townlet/unit/universe/test_compiled_artifact_required_fields.py::test_compiled_artifact_requires_every_serialized_command_field[cases] PASSED [ 74%]
tests/test_townlet/unit/universe/test_compiled_artifact_required_fields.py::test_compiled_artifact_requires_every_serialized_command_field[default_commands] PASSED [ 74%]
tests/test_townlet/unit/universe/test_compiled_artifact_required_fields.py::test_compiled_artifact_requires_every_serialized_command_field[reduce_expr] PASSED [ 74%]
tests/test_townlet/unit/universe/test_compiled_artifact_required_fields.py::test_compiled_artifact_requires_every_serialized_command_field[reduce_iterator] PASSED [ 74%]
tests/test_townlet/unit/universe/test_compiled_artifact_required_fields.py::test_compiled_artifact_requires_every_serialized_command_field[reduce_init_expr] PASSED [ 74%]
tests/test_townlet/unit/universe/test_compiled_artifact_required_fields.py::test_compiled_artifact_requires_every_serialized_command_field[reduce_body_expr] PASSED [ 74%]
tests/test_townlet/unit/universe/test_compiled_artifact_required_fields.py::test_compiled_artifact_requires_every_serialized_command_field[reduce_target] PASSED [ 74%]
tests/test_townlet/unit/universe/test_compiled_artifact_required_fields.py::test_compiled_artifact_requires_every_serialized_command_field[parallel_commands] PASSED [ 74%]
tests/test_townlet/unit/universe/test_compiled_artifact_required_fields.py::test_compiled_artifact_requires_every_serialized_command_field[delay_ticks_expr] PASSED [ 74%]
tests/test_townlet/unit/universe/test_compiled_artifact_required_fields.py::test_compiled_artifact_requires_every_serialized_command_field[delay_commands] PASSED [ 74%]
tests/test_townlet/unit/universe/test_compiled_artifact_required_fields.py::test_compiled_artifact_requires_every_serialized_switch_case_field[when] PASSED [ 74%]
tests/test_townlet/unit/universe/test_compiled_artifact_required_fields.py::test_compiled_artifact_requires_every_serialized_switch_case_field[commands] PASSED [ 74%]
tests/test_townlet/unit/universe/test_compiled_artifact_required_fields.py::test_compiled_artifact_requires_every_vfs_profile_field[evaluation_mode] PASSED [ 74%]
tests/test_townlet/unit/universe/test_compiled_artifact_required_fields.py::test_compiled_artifact_requires_every_vfs_profile_field[debug_logging] PASSED [ 74%]
tests/test_townlet/unit/universe/test_compiled_artifact_required_fields.py::test_compiled_artifact_requires_every_vfs_profile_field[global_profile] PASSED [ 74%]
tests/test_townlet/unit/universe/test_compiled_artifact_required_fields.py::test_compiled_artifact_requires_every_vfs_profile_field[agent_profile] PASSED [ 74%]
tests/test_townlet/unit/universe/test_compiled_artifact_required_fields.py::test_compiled_artifact_requires_every_vfs_profile_field[item_profiles] PASSED [ 74%]
tests/test_townlet/unit/universe/test_compiled_artifact_required_fields.py::test_compiled_artifact_requires_every_global_style_profile_field[variables-global_profile] PASSED [ 74%]
tests/test_townlet/unit/universe/test_compiled_artifact_required_fields.py::test_compiled_artifact_requires_every_global_style_profile_field[variables-agent_profile] PASSED [ 74%]
tests/test_townlet/unit/universe/test_compiled_artifact_required_fields.py::test_compiled_artifact_requires_every_global_style_profile_field[dependencies-global_profile] PASSED [ 74%]
tests/test_townlet/unit/universe/test_compiled_artifact_required_fields.py::test_compiled_artifact_requires_every_global_style_profile_field[dependencies-agent_profile] PASSED [ 74%]
tests/test_townlet/unit/universe/test_compiled_artifact_required_fields.py::test_compiled_artifact_requires_every_item_profile_field[profile_name] PASSED [ 74%]
tests/test_townlet/unit/universe/test_compiled_artifact_required_fields.py::test_compiled_artifact_requires_every_item_profile_field[variables] PASSED [ 74%]
tests/test_townlet/unit/universe/test_compiled_artifact_required_fields.py::test_compiled_artifact_requires_every_serialized_vfs_variable_field[global_profile-readable_by] PASSED [ 75%]
tests/test_townlet/unit/universe/test_compiled_artifact_required_fields.py::test_compiled_artifact_requires_every_serialized_vfs_variable_field[global_profile-writable_by] PASSED [ 75%]
tests/test_townlet/unit/universe/test_compiled_artifact_required_fields.py::test_compiled_artifact_requires_every_serialized_vfs_variable_field[global_profile-name] PASSED [ 75%]
tests/test_townlet/unit/universe/test_compiled_artifact_required_fields.py::test_compiled_artifact_requires_every_serialized_vfs_variable_field[global_profile-type] PASSED [ 75%]
tests/test_townlet/unit/universe/test_compiled_artifact_required_fields.py::test_compiled_artifact_requires_every_serialized_vfs_variable_field[global_profile-lifetime] PASSED [ 75%]
tests/test_townlet/unit/universe/test_compiled_artifact_required_fields.py::test_compiled_artifact_requires_every_serialized_vfs_variable_field[global_profile-expression] PASSED [ 75%]
tests/test_townlet/unit/universe/test_compiled_artifact_required_fields.py::test_compiled_artifact_requires_every_serialized_vfs_variable_field[global_profile-initial_value] PASSED [ 75%]
tests/test_townlet/unit/universe/test_compiled_artifact_required_fields.py::test_compiled_artifact_requires_every_serialized_vfs_variable_field[global_profile-result_type] PASSED [ 75%]
tests/test_townlet/unit/universe/test_compiled_artifact_required_fields.py::test_compiled_artifact_requires_every_serialized_vfs_variable_field[global_profile-exposed_to] PASSED [ 75%]
tests/test_townlet/unit/universe/test_compiled_artifact_required_fields.py::test_compiled_artifact_requires_every_serialized_vfs_variable_field[global_profile-shape] PASSED [ 75%]
tests/test_townlet/unit/universe/test_compiled_artifact_required_fields.py::test_compiled_artifact_requires_every_serialized_vfs_variable_field[global_profile-initial_value_mode] PASSED [ 75%]
tests/test_townlet/unit/universe/test_compiled_artifact_required_fields.py::test_compiled_artifact_requires_every_serialized_vfs_variable_field[global_profile-initial_value_params] PASSED [ 75%]
tests/test_townlet/unit/universe/test_compiled_artifact_required_fields.py::test_compiled_artifact_requires_every_serialized_vfs_variable_field[global_profile-dims] PASSED [ 75%]
tests/test_townlet/unit/universe/test_compiled_artifact_required_fields.py::test_compiled_artifact_requires_every_serialized_vfs_variable_field[global_profile-semantic_type] PASSED [ 75%]
tests/test_townlet/unit/universe/test_compiled_artifact_required_fields.py::test_compiled_artifact_requires_every_serialized_vfs_variable_field[global_profile-normalization] PASSED [ 75%]
tests/test_townlet/unit/universe/test_compiled_artifact_required_fields.py::test_compiled_artifact_requires_every_serialized_vfs_variable_field[agent_profile-readable_by] PASSED [ 75%]
tests/test_townlet/unit/universe/test_compiled_artifact_required_fields.py::test_compiled_artifact_requires_every_serialized_vfs_variable_field[agent_profile-writable_by] PASSED [ 75%]
tests/test_townlet/unit/universe/test_compiled_artifact_required_fields.py::test_compiled_artifact_requires_every_serialized_vfs_variable_field[agent_profile-name] PASSED [ 75%]
tests/test_townlet/unit/universe/test_compiled_artifact_required_fields.py::test_compiled_artifact_requires_every_serialized_vfs_variable_field[agent_profile-type] PASSED [ 75%]
tests/test_townlet/unit/universe/test_compiled_artifact_required_fields.py::test_compiled_artifact_requires_every_serialized_vfs_variable_field[agent_profile-lifetime] PASSED [ 75%]
tests/test_townlet/unit/universe/test_compiled_artifact_required_fields.py::test_compiled_artifact_requires_every_serialized_vfs_variable_field[agent_profile-expression] PASSED [ 75%]
tests/test_townlet/unit/universe/test_compiled_artifact_required_fields.py::test_compiled_artifact_requires_every_serialized_vfs_variable_field[agent_profile-initial_value] PASSED [ 75%]
tests/test_townlet/unit/universe/test_compiled_artifact_required_fields.py::test_compiled_artifact_requires_every_serialized_vfs_variable_field[agent_profile-result_type] PASSED [ 75%]
tests/test_townlet/unit/universe/test_compiled_artifact_required_fields.py::test_compiled_artifact_requires_every_serialized_vfs_variable_field[agent_profile-exposed_to] PASSED [ 75%]
tests/test_townlet/unit/universe/test_compiled_artifact_required_fields.py::test_compiled_artifact_requires_every_serialized_vfs_variable_field[agent_profile-shape] PASSED [ 75%]
tests/test_townlet/unit/universe/test_compiled_artifact_required_fields.py::test_compiled_artifact_requires_every_serialized_vfs_variable_field[agent_profile-initial_value_mode] PASSED [ 75%]
tests/test_townlet/unit/universe/test_compiled_artifact_required_fields.py::test_compiled_artifact_requires_every_serialized_vfs_variable_field[agent_profile-initial_value_params] PASSED [ 75%]
tests/test_townlet/unit/universe/test_compiled_artifact_required_fields.py::test_compiled_artifact_requires_every_serialized_vfs_variable_field[agent_profile-dims] PASSED [ 75%]
tests/test_townlet/unit/universe/test_compiled_artifact_required_fields.py::test_compiled_artifact_requires_every_serialized_vfs_variable_field[agent_profile-semantic_type] PASSED [ 75%]
tests/test_townlet/unit/universe/test_compiled_artifact_required_fields.py::test_compiled_artifact_requires_every_serialized_vfs_variable_field[agent_profile-normalization] PASSED [ 75%]
tests/test_townlet/unit/universe/test_compiled_artifact_required_fields.py::test_compiled_artifact_requires_every_serialized_vfs_variable_field[item_profiles.default_item-readable_by] PASSED [ 75%]
tests/test_townlet/unit/universe/test_compiled_artifact_required_fields.py::test_compiled_artifact_requires_every_serialized_vfs_variable_field[item_profiles.default_item-writable_by] PASSED [ 75%]
tests/test_townlet/unit/universe/test_compiled_artifact_required_fields.py::test_compiled_artifact_requires_every_serialized_vfs_variable_field[item_profiles.default_item-name] PASSED [ 75%]
tests/test_townlet/unit/universe/test_compiled_artifact_required_fields.py::test_compiled_artifact_requires_every_serialized_vfs_variable_field[item_profiles.default_item-type] PASSED [ 75%]
tests/test_townlet/unit/universe/test_compiled_artifact_required_fields.py::test_compiled_artifact_requires_every_serialized_vfs_variable_field[item_profiles.default_item-lifetime] PASSED [ 75%]
tests/test_townlet/unit/universe/test_compiled_artifact_required_fields.py::test_compiled_artifact_requires_every_serialized_vfs_variable_field[item_profiles.default_item-expression] PASSED [ 75%]
tests/test_townlet/unit/universe/test_compiled_artifact_required_fields.py::test_compiled_artifact_requires_every_serialized_vfs_variable_field[item_profiles.default_item-initial_value] PASSED [ 75%]
tests/test_townlet/unit/universe/test_compiled_artifact_required_fields.py::test_compiled_artifact_requires_every_serialized_vfs_variable_field[item_profiles.default_item-result_type] PASSED [ 75%]
tests/test_townlet/unit/universe/test_compiled_artifact_required_fields.py::test_compiled_artifact_requires_every_serialized_vfs_variable_field[item_profiles.default_item-exposed_to] PASSED [ 75%]
tests/test_townlet/unit/universe/test_compiled_artifact_required_fields.py::test_compiled_artifact_requires_every_serialized_vfs_variable_field[item_profiles.default_item-shape] PASSED [ 75%]
tests/test_townlet/unit/universe/test_compiled_artifact_required_fields.py::test_compiled_artifact_requires_every_serialized_vfs_variable_field[item_profiles.default_item-initial_value_mode] PASSED [ 75%]
tests/test_townlet/unit/universe/test_compiled_artifact_required_fields.py::test_compiled_artifact_requires_every_serialized_vfs_variable_field[item_profiles.default_item-initial_value_params] PASSED [ 75%]
tests/test_townlet/unit/universe/test_compiled_artifact_required_fields.py::test_compiled_artifact_requires_every_serialized_vfs_variable_field[item_profiles.default_item-dims] PASSED [ 75%]
tests/test_townlet/unit/universe/test_compiled_artifact_required_fields.py::test_compiled_artifact_requires_every_serialized_vfs_variable_field[item_profiles.default_item-semantic_type] PASSED [ 76%]
tests/test_townlet/unit/universe/test_compiled_artifact_required_fields.py::test_compiled_artifact_requires_every_serialized_vfs_variable_field[item_profiles.default_item-normalization] PASSED [ 76%]
tests/test_townlet/unit/universe/test_compiled_artifact_required_fields.py::test_compiled_artifact_requires_every_serialized_level_field[level_name] PASSED [ 76%]
tests/test_townlet/unit/universe/test_compiled_artifact_required_fields.py::test_compiled_artifact_requires_every_serialized_level_field[bars] PASSED [ 76%]
tests/test_townlet/unit/universe/test_compiled_artifact_required_fields.py::test_compiled_artifact_requires_every_serialized_level_field[affordances] PASSED [ 76%]
tests/test_townlet/unit/universe/test_compiled_artifact_required_fields.py::test_compiled_artifact_requires_every_serialized_level_field[drive] PASSED [ 76%]
tests/test_townlet/unit/universe/test_compiled_artifact_required_fields.py::test_compiled_artifact_requires_every_serialized_level_field[drive_hash] PASSED [ 76%]
tests/test_townlet/unit/universe/test_compiled_artifact_required_fields.py::test_compiled_artifact_requires_every_serialized_level_field[curriculum_hash] PASSED [ 76%]
tests/test_townlet/unit/universe/test_compiled_artifact_required_fields.py::test_compiled_artifact_requires_every_serialized_level_field[bars_hash] PASSED [ 76%]
tests/test_townlet/unit/universe/test_compiled_artifact_required_fields.py::test_compiled_artifact_requires_every_serialized_level_field[affordances_hash] PASSED [ 76%]
tests/test_townlet/unit/universe/test_compiled_artifact_required_fields.py::test_compiled_artifact_requires_every_serialized_level_field[training_hash] PASSED [ 76%]
tests/test_townlet/unit/universe/test_compiled_artifact_required_fields.py::test_compiled_artifact_requires_every_serialized_level_field[curriculum] PASSED [ 76%]
tests/test_townlet/unit/universe/test_compiled_artifact_required_fields.py::test_compiled_artifact_requires_every_serialized_level_field[training] PASSED [ 76%]
tests/test_townlet/unit/universe/test_compiled_artifact_required_fields.py::test_compiled_artifact_requires_every_serialized_level_field[token_spec] PASSED [ 76%]
tests/test_townlet/unit/universe/test_compiled_artifact_required_fields.py::test_compiled_artifact_requires_every_serialized_level_field[token_type_schema_hash] PASSED [ 76%]
tests/test_townlet/unit/universe/test_compiled_artifact_required_fields.py::test_compiled_artifact_requires_every_serialized_level_field[layout_hash] PASSED [ 76%]
tests/test_townlet/unit/universe/test_compiled_artifact_required_fields.py::test_compiled_artifact_requires_every_serialized_level_field[action_metadata] PASSED [ 76%]
tests/test_townlet/unit/universe/test_compiled_artifact_required_fields.py::test_compiled_artifact_requires_every_serialized_level_field[runtime_action_space] PASSED [ 76%]
tests/test_townlet/unit/universe/test_compiled_artifact_required_fields.py::test_compiled_artifact_requires_every_serialized_level_field[action_schema_hash] PASSED [ 76%]
tests/test_townlet/unit/universe/test_compiled_artifact_required_fields.py::test_compiled_artifact_requires_every_serialized_level_field[transition_graph_hash] PASSED [ 76%]
tests/test_townlet/unit/universe/test_compiled_artifact_required_fields.py::test_compiled_artifact_requires_every_serialized_level_field[transition_schedule] PASSED [ 76%]
tests/test_townlet/unit/universe/test_compiled_artifact_required_fields.py::test_compiled_artifact_requires_every_serialized_level_field[vfs_hash] PASSED [ 76%]
tests/test_townlet/unit/universe/test_compiled_artifact_required_fields.py::test_compiled_artifact_requires_every_serialized_level_field[meter_metadata] PASSED [ 76%]
tests/test_townlet/unit/universe/test_compiled_artifact_required_fields.py::test_compiled_artifact_requires_every_serialized_level_field[meter_declarations] PASSED [ 76%]
tests/test_townlet/unit/universe/test_compiled_artifact_required_fields.py::test_compiled_artifact_requires_every_serialized_level_field[affordance_metadata] PASSED [ 76%]
tests/test_townlet/unit/universe/test_compiled_artifact_required_fields.py::test_compiled_artifact_requires_every_serialized_level_field[optimization_data_raw] PASSED [ 76%]
tests/test_townlet/unit/universe/test_compiled_artifact_required_fields.py::test_compiled_artifact_requires_every_serialized_level_field[observation_schema_hash] PASSED [ 76%]
tests/test_townlet/unit/universe/test_compiled_artifact_required_fields.py::test_compiled_artifact_requires_every_serialized_level_field[vfs_variables] PASSED [ 76%]
tests/test_townlet/unit/universe/test_compiled_artifact_required_fields.py::test_compiled_artifact_requires_every_serialized_level_field[variable_schema_hash] PASSED [ 76%]
tests/test_townlet/unit/universe/test_compiled_artifact_required_fields.py::test_compiled_artifact_requires_every_serialized_level_field[token_advisories] PASSED [ 76%]
tests/test_townlet/unit/universe/test_compiled_artifact_required_fields.py::test_compiled_artifact_requires_every_level_optimization_field[cascade_data] PASSED [ 76%]
tests/test_townlet/unit/universe/test_compiled_artifact_required_fields.py::test_compiled_artifact_requires_every_level_optimization_field[modulation_data] PASSED [ 76%]
tests/test_townlet/unit/universe/test_compiled_artifact_required_fields.py::test_compiled_artifact_requires_every_level_optimization_field[affordance_position_map] PASSED [ 76%]
tests/test_townlet/unit/universe/test_compiled_artifact_required_fields.py::test_compiled_registry_descriptor_requires_semantic_type_key PASSED [ 76%]
tests/test_townlet/unit/universe/test_compiled_artifact_required_fields.py::test_previous_variable_artifact_versions_refuse[1.26] PASSED [ 76%]
tests/test_townlet/unit/universe/test_compiled_artifact_required_fields.py::test_previous_variable_artifact_versions_refuse[1.27] PASSED [ 76%]
tests/test_townlet/unit/universe/test_compiled_artifact_required_fields.py::test_previous_variable_artifact_versions_refuse[1.28] PASSED [ 76%]
tests/test_townlet/unit/universe/test_compiled_token_coherence.py::test_load_rejects_token_rank_tampering_against_persisted_grid2d_substrate PASSED [ 76%]
tests/test_townlet/unit/universe/test_compiled_token_coherence.py::test_load_rejects_meter_binding_tampering_even_with_recomputed_hashes[reference] PASSED [ 76%]
tests/test_townlet/unit/universe/test_compiled_token_coherence.py::test_load_rejects_meter_binding_tampering_even_with_recomputed_hashes[order] PASSED [ 76%]
tests/test_townlet/unit/universe/test_compiled_token_coherence.py::test_load_rejects_meter_binding_tampering_even_with_recomputed_hashes[context] PASSED [ 76%]
tests/test_townlet/unit/universe/test_compiled_token_coherence.py::test_load_rejects_meter_binding_tampering_even_with_recomputed_hashes[capacity] PASSED [ 76%]
tests/test_townlet/unit/universe/test_compiled_token_coherence.py::test_load_rejects_affordance_binding_tampering_even_with_recomputed_hashes[reference] PASSED [ 76%]
tests/test_townlet/unit/universe/test_compiled_token_coherence.py::test_load_rejects_affordance_binding_tampering_even_with_recomputed_hashes[order] PASSED [ 77%]
tests/test_townlet/unit/universe/test_compiled_token_coherence.py::test_load_rejects_affordance_binding_tampering_even_with_recomputed_hashes[context] PASSED [ 77%]
tests/test_townlet/unit/universe/test_compiled_token_coherence.py::test_load_rejects_affordance_binding_tampering_even_with_recomputed_hashes[capacity] PASSED [ 77%]
tests/test_townlet/unit/universe/test_compiled_token_coherence.py::test_load_rejects_effect_catalog_tampering_used_by_affordance PASSED [ 77%]
tests/test_townlet/unit/universe/test_compiled_token_coherence.py::test_load_rejects_self_binding_tampering_even_with_recomputed_hashes[reference] PASSED [ 77%]
tests/test_townlet/unit/universe/test_compiled_token_coherence.py::test_load_rejects_self_binding_tampering_even_with_recomputed_hashes[capacity] PASSED [ 77%]
tests/test_townlet/unit/universe/test_compiled_token_coherence.py::test_load_rejects_agent_capacity_tampering_even_with_recomputed_hashes PASSED [ 77%]
tests/test_townlet/unit/universe/test_compiled_token_coherence.py::test_load_rejects_item_capacity_tampering_even_with_recomputed_hashes PASSED [ 77%]
tests/test_townlet/unit/universe/test_compiled_token_coherence.py::test_load_rejects_nonzero_item_binding_tampering_even_with_recomputed_hashes[reference] PASSED [ 77%]
tests/test_townlet/unit/universe/test_compiled_token_coherence.py::test_load_rejects_nonzero_item_binding_tampering_even_with_recomputed_hashes[order] PASSED [ 77%]
tests/test_townlet/unit/universe/test_compiled_token_coherence.py::test_load_rejects_nonzero_item_binding_tampering_even_with_recomputed_hashes[capacity] PASSED [ 77%]
tests/test_townlet/unit/universe/test_compiled_token_coherence.py::test_load_rejects_effect_binding_tampering_even_with_recomputed_hashes[reference] PASSED [ 77%]
tests/test_townlet/unit/universe/test_compiled_token_coherence.py::test_load_rejects_effect_binding_tampering_even_with_recomputed_hashes[capacity] PASSED [ 77%]
tests/test_townlet/unit/universe/test_compiled_token_coherence.py::test_load_rejects_effect_budget_change_against_stale_bindings PASSED [ 77%]
tests/test_townlet/unit/universe/test_compiled_token_coherence.py::test_load_rejects_effect_scope_block_order_tampering_even_with_recomputed_hashes PASSED [ 77%]
tests/test_townlet/unit/universe/test_compiled_token_coherence.py::test_load_rejects_variable_element_binding_tampering_even_with_recomputed_hashes[reference] PASSED [ 77%]
tests/test_townlet/unit/universe/test_compiled_token_coherence.py::test_load_rejects_variable_element_binding_tampering_even_with_recomputed_hashes[order] PASSED [ 77%]
tests/test_townlet/unit/universe/test_compiled_token_coherence.py::test_load_rejects_variable_element_binding_tampering_even_with_recomputed_hashes[context] PASSED [ 77%]
tests/test_townlet/unit/universe/test_compiled_token_coherence.py::test_load_rejects_variable_element_binding_tampering_even_with_recomputed_hashes[capacity] PASSED [ 77%]
tests/test_townlet/unit/universe/test_compiled_token_coherence.py::test_load_rejects_variable_element_binding_tampering_even_with_recomputed_hashes[scope] PASSED [ 77%]
tests/test_townlet/unit/universe/test_compiled_token_coherence.py::test_effect_catalog_budget_round_trips_exactly PASSED [ 77%]
tests/test_townlet/unit/universe/test_compiled_token_coherence.py::test_load_rejects_effect_catalog_missing_required_budget PASSED [ 77%]
tests/test_townlet/unit/universe/test_compiled_token_coherence.py::test_load_rejects_malformed_effect_catalog_budget[None-must be a mapping when effects are present] PASSED [ 77%]
tests/test_townlet/unit/universe/test_compiled_token_coherence.py::test_load_rejects_malformed_effect_catalog_budget[budget1-must be a mapping] PASSED [ 77%]
tests/test_townlet/unit/universe/test_compiled_token_coherence.py::test_load_rejects_malformed_effect_catalog_budget[budget2-must contain exactly] PASSED [ 77%]
tests/test_townlet/unit/universe/test_compiled_token_coherence.py::test_load_rejects_malformed_effect_catalog_budget[budget3-must contain exactly] PASSED [ 77%]
tests/test_townlet/unit/universe/test_compiled_token_coherence.py::test_load_rejects_malformed_effect_catalog_budget[budget4-max_active_effects\\.global.*non-negative integer] PASSED [ 77%]
tests/test_townlet/unit/universe/test_compiled_token_coherence.py::test_load_rejects_malformed_effect_catalog_budget[budget5-max_active_effects\\.global.*non-negative integer] PASSED [ 77%]
tests/test_townlet/unit/universe/test_compiled_token_coherence.py::test_load_rejects_effect_budget_when_catalog_is_empty PASSED [ 77%]
tests/test_townlet/unit/universe/test_compiled_token_coherence.py::test_load_rejects_incomplete_token_type_roster_even_with_recomputed_hashes PASSED [ 77%]
tests/test_townlet/unit/universe/test_compiled_token_coherence.py::test_load_rejects_stale_per_level_derived_hash[token_type_schema_hash] PASSED [ 77%]
tests/test_townlet/unit/universe/test_compiled_token_coherence.py::test_load_rejects_stale_per_level_derived_hash[layout_hash] PASSED [ 77%]
tests/test_townlet/unit/universe/test_compiled_token_coherence.py::test_load_rejects_stale_per_level_derived_hash[observation_schema_hash] PASSED [ 77%]
tests/test_townlet/unit/universe/test_compiled_token_coherence.py::test_load_rejects_stale_per_level_derived_hash[vfs_hash] PASSED [ 77%]
tests/test_townlet/unit/universe/test_compiled_token_coherence.py::test_valid_compiled_token_artifact_still_round_trips PASSED [ 77%]
tests/test_townlet/unit/universe/test_compiled_token_coherence.py::test_load_refuses_bidirectional_ordinary_policy_disagreement[readable_by-registry] PASSED [ 77%]
tests/test_townlet/unit/universe/test_compiled_token_coherence.py::test_load_refuses_bidirectional_ordinary_policy_disagreement[readable_by-profile] PASSED [ 77%]
tests/test_townlet/unit/universe/test_compiled_token_coherence.py::test_load_refuses_bidirectional_ordinary_policy_disagreement[writable_by-registry] PASSED [ 77%]
tests/test_townlet/unit/universe/test_compiled_token_coherence.py::test_load_refuses_bidirectional_ordinary_policy_disagreement[writable_by-profile] PASSED [ 77%]
tests/test_townlet/unit/universe/test_compiled_token_coherence.py::test_load_refuses_ordinary_profile_roster_loss[registry] PASSED [ 77%]
tests/test_townlet/unit/universe/test_compiled_token_coherence.py::test_load_refuses_ordinary_profile_roster_loss[profile] PASSED [ 77%]
tests/test_townlet/unit/universe/test_compiled_token_coherence.py::test_load_refuses_hidden_item_policy_with_stale_hash[readable_by] PASSED [ 77%]
tests/test_townlet/unit/universe/test_compiled_token_coherence.py::test_load_refuses_hidden_item_policy_with_stale_hash[writable_by] PASSED [ 77%]
tests/test_townlet/unit/universe/test_compiled_token_coherence.py::test_load_refuses_item_profile_key_identity_disagreement PASSED [ 78%]
tests/test_townlet/unit/universe/test_compiled_token_coherence.py::test_load_refuses_hidden_item_policy_even_if_variable_hash_is_refreshed PASSED [ 78%]
tests/test_townlet/unit/universe/test_compiled_token_coherence.py::test_load_requires_profile_policy_fields[readable_by-agent_profile] PASSED [ 78%]
tests/test_townlet/unit/universe/test_compiled_token_coherence.py::test_load_requires_profile_policy_fields[readable_by-global_profile] PASSED [ 78%]
tests/test_townlet/unit/universe/test_compiled_token_coherence.py::test_load_requires_profile_policy_fields[readable_by-item_profiles] PASSED [ 78%]
tests/test_townlet/unit/universe/test_compiled_token_coherence.py::test_load_requires_profile_policy_fields[writable_by-agent_profile] PASSED [ 78%]
tests/test_townlet/unit/universe/test_compiled_token_coherence.py::test_load_requires_profile_policy_fields[writable_by-global_profile] PASSED [ 78%]
tests/test_townlet/unit/universe/test_compiled_token_coherence.py::test_load_requires_profile_policy_fields[writable_by-item_profiles] PASSED [ 78%]
tests/test_townlet/unit/universe/test_compiled_token_coherence.py::test_load_refuses_duplicate_profile_variable_identity[agent_profile] PASSED [ 78%]
tests/test_townlet/unit/universe/test_compiled_token_coherence.py::test_load_refuses_duplicate_profile_variable_identity[item_profiles] PASSED [ 78%]
tests/test_townlet/unit/universe/test_compiled_token_coherence.py::test_load_does_not_accept_deleted_whole_item_profile_with_stale_identity PASSED [ 78%]
tests/test_townlet/unit/universe/test_compiled_token_coherence.py::test_load_refuses_same_entity_profile_metadata_disagreement[type-registry] PASSED [ 78%]
tests/test_townlet/unit/universe/test_compiled_token_coherence.py::test_load_refuses_same_entity_profile_metadata_disagreement[type-profile] PASSED [ 78%]
tests/test_townlet/unit/universe/test_compiled_token_coherence.py::test_load_refuses_same_entity_profile_metadata_disagreement[lifetime-registry] PASSED [ 78%]
tests/test_townlet/unit/universe/test_compiled_token_coherence.py::test_load_refuses_same_entity_profile_metadata_disagreement[lifetime-profile] PASSED [ 78%]
tests/test_townlet/unit/universe/test_compiled_token_coherence.py::test_load_refuses_same_entity_profile_metadata_disagreement[normalization-registry] PASSED [ 78%]
tests/test_townlet/unit/universe/test_compiled_token_coherence.py::test_load_refuses_same_entity_profile_metadata_disagreement[normalization-profile] PASSED [ 78%]
tests/test_townlet/unit/universe/test_compiled_token_coherence.py::test_load_refuses_same_entity_profile_dimension_disagreement[registry] PASSED [ 78%]
tests/test_townlet/unit/universe/test_compiled_token_coherence.py::test_load_refuses_same_entity_profile_dimension_disagreement[profile] PASSED [ 78%]
tests/test_townlet/unit/universe/test_compiled_token_coherence.py::test_load_refuses_same_entity_profile_tensor_shape_disagreement[registry] PASSED [ 78%]
tests/test_townlet/unit/universe/test_compiled_token_coherence.py::test_load_refuses_same_entity_profile_tensor_shape_disagreement[profile] PASSED [ 78%]
tests/test_townlet/unit/universe/test_compiled_token_coherence.py::test_load_accepts_scalar_expression_spelling_and_lowered_tensor_initializer PASSED [ 78%]
tests/test_townlet/unit/universe/test_compiled_universe.py::test_compiler_returns_compiled_universe PASSED [ 78%]
tests/test_townlet/unit/universe/test_compiled_universe.py::test_compiled_universe_is_frozen PASSED [ 78%]
tests/test_townlet/unit/universe/test_compiled_universe.py::test_compiled_token_artifact_rejects_unknown_and_legacy_keys[token_spec_unknown] PASSED [ 78%]
tests/test_townlet/unit/universe/test_compiled_universe.py::test_compiled_token_artifact_rejects_unknown_and_legacy_keys[token_type_unknown] PASSED [ 78%]
tests/test_townlet/unit/universe/test_compiled_universe.py::test_compiled_token_artifact_rejects_unknown_and_legacy_keys[slot_binding_unknown] PASSED [ 78%]
tests/test_townlet/unit/universe/test_compiled_universe.py::test_compiled_token_artifact_rejects_unknown_and_legacy_keys[slot_binding_legacy_static_signature] PASSED [ 78%]
tests/test_townlet/unit/universe/test_compiled_universe.py::test_compiled_token_artifact_rejects_unknown_and_legacy_keys[effect_context_unknown] PASSED [ 78%]
tests/test_townlet/unit/universe/test_compiled_universe.py::test_compiled_token_artifact_rejects_invalid_rank_and_transport_version[position_rank-True] PASSED [ 78%]
tests/test_townlet/unit/universe/test_compiled_universe.py::test_compiled_token_artifact_rejects_invalid_rank_and_transport_version[position_rank--1] PASSED [ 78%]
tests/test_townlet/unit/universe/test_compiled_universe.py::test_compiled_token_artifact_rejects_invalid_rank_and_transport_version[position_rank-9] PASSED [ 78%]
tests/test_townlet/unit/universe/test_compiled_universe.py::test_compiled_token_artifact_rejects_invalid_rank_and_transport_version[position_rank-2] PASSED [ 78%]
tests/test_townlet/unit/universe/test_compiled_universe.py::test_compiled_token_artifact_rejects_invalid_rank_and_transport_version[transport_version-full-payload-legacy] PASSED [ 78%]
tests/test_townlet/unit/universe/test_compiled_universe.py::test_compiled_token_artifact_rejects_invalid_rank_and_transport_version[missing_transport_version-None] PASSED [ 78%]
tests/test_townlet/unit/universe/test_compiled_universe.py::test_compiled_token_artifact_rejects_invalid_context_tables[non_effect_context_count] PASSED [ 78%]
tests/test_townlet/unit/universe/test_compiled_universe.py::test_compiled_token_artifact_rejects_invalid_context_tables[effect_slot_contexts] PASSED [ 78%]
tests/test_townlet/unit/universe/test_compiled_universe.py::test_compiled_token_artifact_rejects_invalid_context_tables[non_effect_catalog_contexts] PASSED [ 78%]
tests/test_townlet/unit/universe/test_compiled_universe.py::test_compiled_token_artifact_rejects_invalid_context_tables[malformed_width] PASSED [ 78%]
tests/test_townlet/unit/universe/test_compiled_universe.py::test_compiled_token_artifact_rejects_invalid_context_tables[nonfinite_payload] PASSED [ 78%]
tests/test_townlet/unit/universe/test_compiled_universe.py::test_compiled_token_artifact_rejects_invalid_context_tables[out_of_bounds_payload] PASSED [ 78%]
tests/test_townlet/unit/universe/test_compiled_universe.py::test_compiled_token_artifact_rejects_invalid_context_tables[empty_effect_ref] PASSED [ 78%]
tests/test_townlet/unit/universe/test_compiled_universe.py::test_compiled_token_artifact_rejects_invalid_context_tables[duplicate_effect_ref] PASSED [ 79%]
tests/test_townlet/unit/universe/test_compiled_universe.py::test_schema_version_refuses_before_invalid_token_payload[from_dict] PASSED [ 79%]
tests/test_townlet/unit/universe/test_compiled_universe.py::test_schema_version_refuses_before_invalid_token_payload[msgpack_cache] PASSED [ 79%]
tests/test_townlet/unit/universe/test_compiled_universe_primary_level.py::test_the_collision_this_guard_exists_for_is_real PASSED [ 79%]
tests/test_townlet/unit/universe/test_compiled_universe_primary_level.py::test_from_dict_round_trips_the_declared_primary_level PASSED [ 79%]
tests/test_townlet/unit/universe/test_compiled_universe_primary_level.py::test_from_dict_rejects_a_payload_whose_declared_primary_level_is_absent PASSED [ 79%]
tests/test_townlet/unit/universe/test_compiled_universe_primary_level.py::test_metadata_for_level_reprojects_primary_level PASSED [ 79%]
tests/test_townlet/unit/universe/test_compiled_universe_serialization.py::test_compiled_universe_serializes_vfs_profiles PASSED [ 79%]
tests/test_townlet/unit/universe/test_compiled_universe_serialization.py::test_compiled_universe_deserializes_vfs_profiles PASSED [ 79%]
tests/test_townlet/unit/universe/test_compiled_universe_serialization.py::test_compiled_universe_serializes_effect_catalog PASSED [ 79%]
tests/test_townlet/unit/universe/test_compiled_universe_serialization.py::test_compiled_universe_deserializes_effect_catalog PASSED [ 79%]
tests/test_townlet/unit/universe/test_compiled_universe_serialization.py::test_compiled_universe_serializes_effects_schema PASSED [ 79%]
tests/test_townlet/unit/universe/test_compiled_universe_serialization.py::test_compiled_universe_deserializes_effects_schema PASSED [ 79%]
tests/test_townlet/unit/universe/test_compiled_universe_serialization.py::test_compiled_universe_serializes_runtime_action_space PASSED [ 79%]
tests/test_townlet/unit/universe/test_compiled_universe_serialization.py::test_compiled_universe_deserializes_runtime_action_space PASSED [ 79%]
tests/test_townlet/unit/universe/test_compiled_universe_serialization.py::test_compiled_universe_cache_round_trip_preserves_effect_commands PASSED [ 79%]
tests/test_townlet/unit/universe/test_compiled_universe_serialization.py::test_compiled_universe_serializes_vfs_expression_schema PASSED [ 79%]
tests/test_townlet/unit/universe/test_compiled_universe_serialization.py::test_compiled_universe_deserializes_vfs_expression_schema PASSED [ 79%]
tests/test_townlet/unit/universe/test_compiled_universe_serialization.py::test_compiled_universe_round_trip_serialization PASSED [ 79%]
tests/test_townlet/unit/universe/test_compiled_universe_serialization.py::test_compiled_universe_clone_preserves_new_fields PASSED [ 79%]
tests/test_townlet/unit/universe/test_compiled_universe_serialization.py::test_compiled_universe_serializes_vfs_evaluation_marks PASSED [ 79%]
tests/test_townlet/unit/universe/test_compiled_universe_serialization.py::test_compiled_universe_deserializes_vfs_evaluation_marks PASSED [ 79%]
tests/test_townlet/unit/universe/test_compiler_cache.py::test_cache_directory_resolves_inside_config_dir PASSED [ 79%]
tests/test_townlet/unit/universe/test_compiler_cache.py::test_prepare_cache_directory_creates_directory PASSED [ 79%]
tests/test_townlet/unit/universe/test_compiler_cache.py::test_prepare_cache_directory_errors_when_path_is_file PASSED [ 79%]
tests/test_townlet/unit/universe/test_compiler_cache.py::test_cache_artifact_path_points_inside_cache_dir PASSED [ 79%]
tests/test_townlet/unit/universe/test_compiler_cache.py::test_compile_uses_cache_when_hash_matches PASSED [ 79%]
tests/test_townlet/unit/universe/test_compiler_cache.py::test_compile_rebuilds_cache_when_hash_changes PASSED [ 79%]
tests/test_townlet/unit/universe/test_compiler_cache.py::test_config_hash_includes_relative_yaml_paths PASSED [ 79%]
tests/test_townlet/unit/universe/test_compiler_cache.py::test_compile_rebuilds_cache_when_compiler_provenance_changes PASSED [ 79%]
tests/test_townlet/unit/universe/test_compiler_cache.py::test_compile_recovers_from_corrupted_cache PASSED [ 79%]
tests/test_townlet/unit/universe/test_compiler_cache.py::test_direct_cache_load_rejects_missing_current_schema_optional_value_fields[compiled_vfs_profiles] PASSED [ 79%]
tests/test_townlet/unit/universe/test_compiler_cache.py::test_direct_cache_load_rejects_missing_current_schema_optional_value_fields[compiled_effect_catalog] PASSED [ 79%]
tests/test_townlet/unit/universe/test_compiler_cache.py::test_direct_cache_load_rejects_missing_current_schema_optional_value_fields[effects_schema] PASSED [ 79%]
tests/test_townlet/unit/universe/test_compiler_cache.py::test_direct_cache_load_rejects_missing_current_schema_optional_value_fields[vfs_expression_schema] PASSED [ 79%]
tests/test_townlet/unit/universe/test_compiler_cache.py::test_direct_cache_load_rejects_missing_current_schema_optional_value_fields[vfs_history_spec] PASSED [ 79%]
tests/test_townlet/unit/universe/test_compiler_cache.py::test_direct_cache_load_rejects_missing_current_schema_optional_value_fields[vfs_evaluation_marks] PASSED [ 79%]
tests/test_townlet/unit/universe/test_compiler_cache.py::test_direct_cache_load_rejects_missing_current_schema_optional_value_fields[all_levels] PASSED [ 79%]
tests/test_townlet/unit/universe/test_compiler_cache.py::test_direct_cache_load_rejects_missing_metadata_collection_fields[action_metadata-actions] PASSED [ 79%]
tests/test_townlet/unit/universe/test_compiler_cache.py::test_direct_cache_load_rejects_missing_metadata_collection_fields[action_metadata-labels] PASSED [ 79%]
tests/test_townlet/unit/universe/test_compiler_cache.py::test_direct_cache_load_rejects_missing_metadata_collection_fields[action_metadata-label_description] PASSED [ 79%]
tests/test_townlet/unit/universe/test_compiler_cache.py::test_direct_cache_load_rejects_missing_metadata_collection_fields[action_metadata-label_domain] PASSED [ 79%]
tests/test_townlet/unit/universe/test_compiler_cache.py::test_direct_cache_load_rejects_missing_metadata_collection_fields[runtime_action_space-actions] PASSED [ 79%]
tests/test_townlet/unit/universe/test_compiler_cache.py::test_direct_cache_load_rejects_missing_metadata_collection_fields[runtime_action_space-substrate_action_count] PASSED [ 80%]
tests/test_townlet/unit/universe/test_compiler_cache.py::test_direct_cache_load_rejects_missing_metadata_collection_fields[runtime_action_space-custom_action_count] PASSED [ 80%]
tests/test_townlet/unit/universe/test_compiler_cache.py::test_direct_cache_load_rejects_missing_metadata_collection_fields[runtime_action_space-affordance_action_count] PASSED [ 80%]
tests/test_townlet/unit/universe/test_compiler_cache.py::test_direct_cache_load_rejects_missing_metadata_collection_fields[runtime_action_space-enabled_action_names] PASSED [ 80%]
tests/test_townlet/unit/universe/test_compiler_cache.py::test_direct_cache_load_rejects_missing_metadata_collection_fields[meter_metadata-meters] PASSED [ 80%]
tests/test_townlet/unit/universe/test_compiler_cache.py::test_direct_cache_load_rejects_missing_metadata_collection_fields[affordance_metadata-affordances] PASSED [ 80%]
tests/test_townlet/unit/universe/test_compiler_cache.py::test_direct_cache_load_rejects_missing_level_provenance_fields[drive_hash] PASSED [ 80%]
tests/test_townlet/unit/universe/test_compiler_cache.py::test_direct_cache_load_rejects_missing_level_provenance_fields[curriculum_hash] PASSED [ 80%]
tests/test_townlet/unit/universe/test_compiler_cache.py::test_direct_cache_load_rejects_missing_level_provenance_fields[bars_hash] PASSED [ 80%]
tests/test_townlet/unit/universe/test_compiler_cache.py::test_direct_cache_load_rejects_missing_level_provenance_fields[affordances_hash] PASSED [ 80%]
tests/test_townlet/unit/universe/test_compiler_cache.py::test_direct_cache_load_rejects_missing_level_provenance_fields[training_hash] PASSED [ 80%]
tests/test_townlet/unit/universe/test_compiler_cache.py::test_direct_cache_load_rejects_missing_required_level_fields[token_spec] PASSED [ 80%]
tests/test_townlet/unit/universe/test_compiler_cache.py::test_direct_cache_load_rejects_missing_required_level_fields[token_type_schema_hash] PASSED [ 80%]
tests/test_townlet/unit/universe/test_compiler_cache.py::test_direct_cache_load_rejects_missing_required_level_fields[layout_hash] PASSED [ 80%]
tests/test_townlet/unit/universe/test_compiler_cache.py::test_direct_cache_load_rejects_missing_required_level_fields[vfs_variables] PASSED [ 80%]
tests/test_townlet/unit/universe/test_compiler_cache.py::test_direct_cache_load_rejects_missing_required_level_fields[variable_schema_hash] PASSED [ 80%]
tests/test_townlet/unit/universe/test_compiler_cache.py::test_direct_cache_load_rejects_missing_required_level_fields[observation_schema_hash] PASSED [ 80%]
tests/test_townlet/unit/universe/test_compiler_cache.py::test_direct_cache_load_rejects_missing_required_level_fields[action_schema_hash] PASSED [ 80%]
tests/test_townlet/unit/universe/test_compiler_cache.py::test_direct_cache_load_rejects_missing_required_level_fields[transition_graph_hash] PASSED [ 80%]
tests/test_townlet/unit/universe/test_compiler_cache.py::test_direct_cache_load_rejects_missing_required_level_fields[transition_schedule] PASSED [ 80%]
tests/test_townlet/unit/universe/test_compiler_cache.py::test_direct_cache_load_rejects_missing_required_level_fields[vfs_hash] PASSED [ 80%]
tests/test_townlet/unit/universe/test_compiler_cache.py::test_direct_cache_load_rejects_missing_required_level_fields[optimization_data_raw] PASSED [ 80%]
tests/test_townlet/unit/universe/test_compiler_cache.py::test_direct_cache_load_rejects_missing_required_level_fields[meter_declarations] PASSED [ 80%]
tests/test_townlet/unit/universe/test_compiler_cache.py::test_compile_cache_fast_path_recovers_from_missing_required_fields[token_spec] PASSED [ 80%]
tests/test_townlet/unit/universe/test_compiler_cache.py::test_compile_cache_fast_path_recovers_from_missing_required_fields[token_type_schema_hash] PASSED [ 80%]
tests/test_townlet/unit/universe/test_compiler_cache.py::test_compile_cache_fast_path_recovers_from_missing_required_fields[layout_hash] PASSED [ 80%]
tests/test_townlet/unit/universe/test_compiler_cache.py::test_compile_cache_fast_path_recovers_from_missing_required_fields[vfs_variables] PASSED [ 80%]
tests/test_townlet/unit/universe/test_compiler_cache.py::test_compile_cache_fast_path_recovers_from_missing_required_fields[variable_schema_hash] PASSED [ 80%]
tests/test_townlet/unit/universe/test_compiler_cache.py::test_compile_cache_fast_path_recovers_from_missing_required_fields[observation_schema_hash] PASSED [ 80%]
tests/test_townlet/unit/universe/test_compiler_cache.py::test_compile_cache_fast_path_recovers_from_missing_required_fields[action_schema_hash] PASSED [ 80%]
tests/test_townlet/unit/universe/test_compiler_cache.py::test_compile_cache_fast_path_recovers_from_missing_required_fields[transition_graph_hash] PASSED [ 80%]
tests/test_townlet/unit/universe/test_compiler_cache.py::test_compile_cache_fast_path_recovers_from_missing_required_fields[transition_schedule] PASSED [ 80%]
tests/test_townlet/unit/universe/test_compiler_cache.py::test_compile_cache_fast_path_recovers_from_missing_required_fields[vfs_hash] PASSED [ 80%]
tests/test_townlet/unit/universe/test_compiler_cache.py::test_compile_cache_fast_path_recovers_from_missing_required_fields[optimization_data_raw] PASSED [ 80%]
tests/test_townlet/unit/universe/test_compiler_cache.py::test_compile_rejects_null_enabled_affordances_at_training_top_level PASSED [ 80%]
tests/test_townlet/unit/universe/test_compiler_cache.py::test_cache_preserves_explicit_empty_enabled_affordances PASSED [ 80%]
tests/test_townlet/unit/universe/test_compiler_cli.py::test_cli_compile_creates_cache PASSED [ 80%]
tests/test_townlet/unit/universe/test_compiler_cli.py::test_cli_inspect_displays_metadata PASSED [ 80%]
tests/test_townlet/unit/universe/test_compiler_cli.py::test_cli_inspect_json_output PASSED [ 80%]
tests/test_townlet/unit/universe/test_compiler_cli.py::test_cli_validate_skips_cache PASSED [ 80%]
tests/test_townlet/unit/universe/test_compiler_cli.py::test_cli_validate_reports_vfs_domain_errors_without_traceback PASSED [ 80%]
tests/test_townlet/unit/universe/test_compiler_cli.py::test_validate_compiler_script_passes_primary_level_to_cli PASSED [ 80%]
tests/test_townlet/unit/universe/test_compiler_comprehensive.py::test_cache_artifact_path_returns_expected_location PASSED [ 80%]
tests/test_townlet/unit/universe/test_compiler_comprehensive.py::test_build_cache_fingerprint_returns_tuple PASSED [ 81%]
tests/test_townlet/unit/universe/test_compiler_comprehensive.py::test_build_cache_fingerprint_stable_for_same_config PASSED [ 81%]
tests/test_townlet/unit/universe/test_compiler_declaration_origins.py::test_metadata_refusals_name_relocated_declaration[version] PASSED [ 81%]
tests/test_townlet/unit/universe/test_compiler_declaration_origins.py::test_metadata_refusals_name_relocated_declaration[day_length] PASSED [ 81%]
tests/test_townlet/unit/universe/test_compiler_declaration_origins.py::test_optimization_refusals_name_relocated_entry[cascade] PASSED [ 81%]
tests/test_townlet/unit/universe/test_compiler_declaration_origins.py::test_optimization_refusals_name_relocated_entry[modulation_bar] PASSED [ 81%]
tests/test_townlet/unit/universe/test_compiler_declaration_origins.py::test_optimization_refusals_name_relocated_entry[modulation_affordance] PASSED [ 81%]
tests/test_townlet/unit/universe/test_compiler_normalization.py::test_unbounded_zscore_refuses_at_exposure PASSED [ 81%]
tests/test_townlet/unit/universe/test_compiler_normalization.py::test_old_normalization_method_shape_refuses_with_source PASSED [ 81%]
tests/test_townlet/unit/universe/test_compiler_pipeline.py::test_stage_markers_emit_in_order PASSED [ 81%]
tests/test_townlet/unit/universe/test_compiler_pipeline.py::test_stage3_resolves_invalid_affordance_reference PASSED [ 81%]
tests/test_townlet/unit/universe/test_compiler_pipeline.py::test_compile_requires_explicit_primary_level PASSED [ 81%]
tests/test_townlet/unit/universe/test_compiler_pipeline.py::test_compile_rejects_level_directory_input PASSED [ 81%]
tests/test_townlet/unit/universe/test_compiler_validation.py::test_compile_rejects_nonexistent_config_path PASSED [ 81%]
tests/test_townlet/unit/universe/test_compiler_validation.py::test_compile_rejects_file_path PASSED [ 81%]
tests/test_townlet/unit/universe/test_compiler_validation.py::test_compile_rejects_invalid_yaml_in_level_file PASSED [ 81%]
tests/test_townlet/unit/universe/test_compiler_validation.py::test_compile_rejects_grid_capacity_exceeded PASSED [ 81%]
tests/test_townlet/unit/universe/test_compiler_validation.py::test_compile_rejects_unknown_enabled_affordance PASSED [ 81%]
tests/test_townlet/unit/universe/test_compiler_validation.py::test_compile_rejects_affordance_missing_opening_hours PASSED [ 81%]
tests/test_townlet/unit/universe/test_compiler_validation.py::test_compile_accepts_valid_v21_config_pack PASSED [ 81%]
tests/test_townlet/unit/universe/test_cut_b_comparator.py::test_missing_null_and_numeric_type_changes_are_visible PASSED [ 81%]
tests/test_townlet/unit/universe/test_cut_b_comparator.py::test_exact_attribution_and_stale_missing_or_wrong_value_controls PASSED [ 81%]
tests/test_townlet/unit/universe/test_cut_b_comparator.py::test_numeric_coercion_does_not_authorize_a_different_reset_value PASSED [ 81%]
tests/test_townlet/unit/universe/test_cut_b_comparator.py::test_stream_bytes_keep_signed_zero_distinct_and_identical_nan_equal PASSED [ 81%]
tests/test_townlet/unit/universe/test_declaration_edges.py::test_malformed_clock_shapes_are_structured[profile] PASSED [ 81%]
tests/test_townlet/unit/universe/test_declaration_edges.py::test_malformed_clock_shapes_are_structured[variable] PASSED [ 81%]
tests/test_townlet/unit/universe/test_declaration_edges.py::test_malformed_clock_shapes_are_structured[expression] PASSED [ 81%]
tests/test_townlet/unit/universe/test_declaration_edges.py::test_malformed_clock_shapes_are_structured[normalization] PASSED [ 81%]
tests/test_townlet/unit/universe/test_declaration_edges.py::test_optional_catalog_can_be_absent PASSED [ 81%]
tests/test_townlet/unit/universe/test_declaration_edges.py::test_merged_array_validation_points_to_original_field[0] PASSED [ 81%]
tests/test_townlet/unit/universe/test_declaration_edges.py::test_merged_array_validation_points_to_original_field[1] PASSED [ 81%]
tests/test_townlet/unit/universe/test_declaration_edges.py::test_registry_collision_across_scopes_names_both_origins PASSED [ 81%]
tests/test_townlet/unit/universe/test_declaration_edges.py::test_effect_fragments_accept_equal_budget_headers PASSED [ 81%]
tests/test_townlet/unit/universe/test_declaration_edges.py::test_duplicate_entity_in_one_document_names_both_lines PASSED [ 81%]
tests/test_townlet/unit/universe/test_declaration_edges.py::test_outside_pack_symlink_directory_is_refused PASSED [ 81%]
tests/test_townlet/unit/universe/test_declaration_edges.py::test_unreadable_symlink_transports_are_refused[inside_directory] PASSED [ 81%]
tests/test_townlet/unit/universe/test_declaration_edges.py::test_unreadable_symlink_transports_are_refused[broken_yaml] PASSED [ 81%]
tests/test_townlet/unit/universe/test_declaration_edges.py::test_recursive_yaml_alias_is_a_structured_refusal PASSED [ 81%]
tests/test_townlet/unit/universe/test_declaration_edges.py::test_clock_reference_refusals_have_the_authored_origin[unknown] PASSED [ 81%]
tests/test_townlet/unit/universe/test_declaration_edges.py::test_clock_reference_refusals_have_the_authored_origin[noncyclical] PASSED [ 81%]
tests/test_townlet/unit/universe/test_declaration_edges.py::test_clock_reference_refusals_have_the_authored_origin[fractional] PASSED [ 81%]
tests/test_townlet/unit/universe/test_declaration_edges.py::test_clock_reference_refusals_have_the_authored_origin[boolean] PASSED [ 81%]
tests/test_townlet/unit/universe/test_declaration_edges.py::test_clock_reference_refusals_have_the_authored_origin[boolean_period] PASSED [ 82%]
tests/test_townlet/unit/universe/test_declaration_edges.py::test_clock_reference_refusals_have_the_authored_origin[equal_literal] PASSED [ 82%]
tests/test_townlet/unit/universe/test_declaration_edges.py::test_clock_reference_refusals_have_the_authored_origin[unequal_literal] PASSED [ 82%]
tests/test_townlet/unit/universe/test_declaration_edges.py::test_clock_reference_refusals_have_the_authored_origin[inactive] PASSED [ 82%]
tests/test_townlet/unit/universe/test_declaration_edges.py::test_clock_reference_selects_global_identity_among_profiles_and_clocks PASSED [ 82%]
tests/test_townlet/unit/universe/test_declaration_edges.py::test_shared_document_preserves_each_wrapper_line PASSED [ 82%]
tests/test_townlet/unit/universe/test_declaration_edges.py::test_clock_authority_mutation_changes_both_resolved_consumers PASSED [ 82%]
tests/test_townlet/unit/universe/test_declaration_error_registry.py::test_pinned_families_have_a_witness_for_every_registered_code PASSED [ 82%]
tests/test_townlet/unit/universe/test_declaration_error_registry.py::test_every_pinned_refusal_has_an_actual_source_and_line[preflight-CLOCK_REFERENCE] PASSED [ 82%]
tests/test_townlet/unit/universe/test_declaration_error_registry.py::test_every_pinned_refusal_has_an_actual_source_and_line[preflight-CONFIG_PATH_INVALID] PASSED [ 82%]
tests/test_townlet/unit/universe/test_declaration_error_registry.py::test_every_pinned_refusal_has_an_actual_source_and_line[preflight-DECLARATION_COLLISION] PASSED [ 82%]
tests/test_townlet/unit/universe/test_declaration_error_registry.py::test_every_pinned_refusal_has_an_actual_source_and_line[preflight-DECLARATION_MISSING] PASSED [ 82%]
tests/test_townlet/unit/universe/test_declaration_error_registry.py::test_every_pinned_refusal_has_an_actual_source_and_line[preflight-DECLARATION_SCOPE] PASSED [ 82%]
tests/test_townlet/unit/universe/test_declaration_error_registry.py::test_every_pinned_refusal_has_an_actual_source_and_line[preflight-DECLARATION_UNKNOWN] PASSED [ 82%]
tests/test_townlet/unit/universe/test_declaration_error_registry.py::test_every_pinned_refusal_has_an_actual_source_and_line[preflight-SCOPING_LEVEL_DIRECTORY] PASSED [ 82%]
tests/test_townlet/unit/universe/test_declaration_error_registry.py::test_every_pinned_refusal_has_an_actual_source_and_line[preflight-YAML_SYNTAX_ERROR] PASSED [ 82%]
tests/test_townlet/unit/universe/test_declaration_error_registry.py::test_every_pinned_refusal_has_an_actual_source_and_line[load-error-LEVEL_LOAD_ERROR] PASSED [ 82%]
tests/test_townlet/unit/universe/test_declaration_error_registry.py::test_every_pinned_refusal_has_an_actual_source_and_line[load-error-LOAD_ERROR] PASSED [ 82%]
tests/test_townlet/unit/universe/test_declaration_error_registry.py::test_every_pinned_refusal_has_an_actual_source_and_line[load-error-NO_CURRICULUM_LEVELS] PASSED [ 82%]
tests/test_townlet/unit/universe/test_declaration_error_registry.py::test_every_pinned_refusal_has_an_actual_source_and_line[limits-CONFIG_LIMIT_EXCEEDED] PASSED [ 82%]
tests/test_townlet/unit/universe/test_declaration_error_registry.py::test_every_pinned_refusal_has_an_actual_source_and_line[limits-GRID_SIZE_LIMIT_EXCEEDED] PASSED [ 82%]
tests/test_townlet/unit/universe/test_declaration_error_registry.py::test_every_pinned_refusal_has_an_actual_source_and_line[limits-ITEM_TYPES_LIMIT_EXCEEDED] PASSED [ 82%]
tests/test_townlet/unit/universe/test_declaration_error_registry.py::test_every_pinned_refusal_has_an_actual_source_and_line[limits-SPAWN_RULE_LIMIT_EXCEEDED] PASSED [ 82%]
tests/test_townlet/unit/universe/test_declaration_error_registry.py::test_every_pinned_refusal_has_an_actual_source_and_line[vocabulary-lockstep-AFFORDANCE_VOCAB_MISMATCH] PASSED [ 82%]
tests/test_townlet/unit/universe/test_declaration_error_registry.py::test_every_pinned_refusal_has_an_actual_source_and_line[vocabulary-lockstep-CASCADE_EXTRA] PASSED [ 82%]
tests/test_townlet/unit/universe/test_declaration_error_registry.py::test_every_pinned_refusal_has_an_actual_source_and_line[vocabulary-lockstep-CASCADE_MISSING] PASSED [ 82%]
tests/test_townlet/unit/universe/test_declaration_error_registry.py::test_every_pinned_refusal_has_an_actual_source_and_line[vocabulary-lockstep-METER_VOCAB_MISMATCH] PASSED [ 82%]
tests/test_townlet/unit/universe/test_declaration_error_registry.py::test_every_pinned_refusal_has_an_actual_source_and_line[vocabulary-lockstep-MODULATION_EXTRA] PASSED [ 82%]
tests/test_townlet/unit/universe/test_declaration_error_registry.py::test_every_pinned_refusal_has_an_actual_source_and_line[vocabulary-lockstep-MODULATION_MISSING] PASSED [ 82%]
tests/test_townlet/unit/universe/test_declaration_input_shapes.py::test_canonical_variable_bad_shapes_are_structured[variables: {}\nthis_is_a_typo: 10\n] PASSED [ 82%]
tests/test_townlet/unit/universe/test_declaration_input_shapes.py::test_canonical_variable_bad_shapes_are_structured[variables: [oops]\n] PASSED [ 82%]
tests/test_townlet/unit/universe/test_declaration_input_shapes.py::test_canonical_variable_bad_shapes_are_structured[variables: {bad: 1}\n] PASSED [ 82%]
tests/test_townlet/unit/universe/test_declaration_input_shapes.py::test_canonical_variable_bad_shapes_are_structured[variables: {version: '1.0', evaluation_mode: eager, debug_logging: false, extents: 7, item_profiles: [], declarations: []}\n] PASSED [ 82%]
tests/test_townlet/unit/universe/test_declaration_input_shapes.py::test_numeric_label_collision_is_refused_before_coercion PASSED [ 82%]
tests/test_townlet/unit/universe/test_declaration_input_shapes.py::test_labels_have_one_explicit_integer_identifier_shape PASSED [ 82%]
tests/test_townlet/unit/universe/test_declaration_input_shapes.py::test_integer_labels_are_consumed PASSED [ 82%]
tests/test_townlet/unit/universe/test_declaration_input_shapes.py::test_preflight_path_refusals_have_source_and_code[False] PASSED [ 82%]
tests/test_townlet/unit/universe/test_declaration_input_shapes.py::test_preflight_path_refusals_have_source_and_code[True] PASSED [ 82%]
tests/test_townlet/unit/universe/test_declaration_store.py::test_drive_can_move_to_nested_arbitrary_filename PASSED [ 82%]
tests/test_townlet/unit/universe/test_declaration_store.py::test_multiple_yaml_documents_can_share_one_file PASSED [ 82%]
tests/test_townlet/unit/universe/test_declaration_store.py::test_unknown_document_is_refused_with_origin PASSED [ 82%]
tests/test_townlet/unit/universe/test_declaration_store.py::test_duplicate_drive_names_both_origins PASSED [ 82%]
tests/test_townlet/unit/universe/test_declaration_store.py::test_missing_drive_names_declaration_instead_of_filename PASSED [ 82%]
tests/test_townlet/unit/universe/test_declaration_store.py::test_original_items_smoke_refuses_every_ignored_file PASSED [ 83%]
tests/test_townlet/unit/universe/test_declaration_store.py::test_clock_period_reference_preserves_compiled_semantics PASSED [ 83%]
tests/test_townlet/unit/universe/test_declaration_validation.py::test_malformed_fragmented_item_profile_reports_its_own_origin[a.yaml] PASSED [ 83%]
tests/test_townlet/unit/universe/test_declaration_validation.py::test_malformed_fragmented_item_profile_reports_its_own_origin[z.yaml] PASSED [ 83%]
tests/test_townlet/unit/universe/test_declaration_validation.py::test_pair_reward_reader_refuses_without_an_explicit_reduction PASSED [ 83%]
tests/test_townlet/unit/universe/test_declaration_validation.py::test_semantics_of_loaded_declarations_do_not_recheck_transport_files PASSED [ 83%]
tests/test_townlet/unit/universe/test_declaration_validation.py::test_lockstep_diagnostics_name_both_relocated_declarations[meters-bars-METER_VOCAB_MISMATCH] PASSED [ 83%]
tests/test_townlet/unit/universe/test_declaration_validation.py::test_lockstep_diagnostics_name_both_relocated_declarations[affordances-affordances-AFFORDANCE_VOCAB_MISMATCH] PASSED [ 83%]
tests/test_townlet/unit/universe/test_declaration_validation.py::test_lockstep_diagnostics_name_both_relocated_declarations[missing_cascade-bars-CASCADE_MISSING] PASSED [ 83%]
tests/test_townlet/unit/universe/test_declaration_validation.py::test_lockstep_diagnostics_name_both_relocated_declarations[extra_cascade-bars-CASCADE_EXTRA] PASSED [ 83%]
tests/test_townlet/unit/universe/test_declaration_validation.py::test_lockstep_diagnostics_name_both_relocated_declarations[missing_modulation-affordances-MODULATION_MISSING] PASSED [ 83%]
tests/test_townlet/unit/universe/test_declaration_validation.py::test_lockstep_diagnostics_name_both_relocated_declarations[extra_modulation-affordances-MODULATION_EXTRA] PASSED [ 83%]
tests/test_townlet/unit/universe/test_declaration_validation.py::test_limit_diagnostics_use_relocated_family_origin[MAX_METERS-environment-CONFIG_LIMIT_EXCEEDED] PASSED [ 83%]
tests/test_townlet/unit/universe/test_declaration_validation.py::test_limit_diagnostics_use_relocated_family_origin[MAX_AFFORDANCES-environment-CONFIG_LIMIT_EXCEEDED] PASSED [ 83%]
tests/test_townlet/unit/universe/test_declaration_validation.py::test_limit_diagnostics_use_relocated_family_origin[MAX_CASCADES-environment-CONFIG_LIMIT_EXCEEDED] PASSED [ 83%]
tests/test_townlet/unit/universe/test_declaration_validation.py::test_limit_diagnostics_use_relocated_family_origin[MAX_VARIABLES-variables-CONFIG_LIMIT_EXCEEDED] PASSED [ 83%]
tests/test_townlet/unit/universe/test_declaration_validation.py::test_limit_diagnostics_use_relocated_family_origin[MAX_ACTIONS-actions-CONFIG_LIMIT_EXCEEDED] PASSED [ 83%]
tests/test_townlet/unit/universe/test_declaration_validation.py::test_limit_diagnostics_use_relocated_family_origin[MAX_GRID_CELLS-stratum-GRID_SIZE_LIMIT_EXCEEDED] PASSED [ 83%]
tests/test_townlet/unit/universe/test_declaration_validation.py::test_limit_diagnostics_use_relocated_family_origin[MAX_ITEM_TYPES-items-ITEM_TYPES_LIMIT_EXCEEDED] PASSED [ 83%]
tests/test_townlet/unit/universe/test_declaration_validation.py::test_limit_diagnostics_use_relocated_family_origin[MAX_SPAWN_RULES_PER_ITEM-levels/L0_test/items_appearance-SPAWN_RULE_LIMIT_EXCEEDED] PASSED [ 83%]
tests/test_townlet/unit/universe/test_declaration_validation.py::test_nested_dac_reference_uses_relocated_entry_origin PASSED [ 83%]
tests/test_townlet/unit/universe/test_declaration_validation.py::test_affordance_reference_uses_relocated_named_origin PASSED [ 83%]
tests/test_townlet/unit/universe/test_declaration_validation.py::test_item_appearance_reference_uses_relocated_family_origin PASSED [ 83%]
tests/test_townlet/unit/universe/test_declaration_validation.py::test_profile_registration_error_uses_qualified_profile_origin PASSED [ 83%]
tests/test_townlet/unit/universe/test_declaration_validation.py::test_compiler_validation_keeps_origins_after_transport_relocation[limit] PASSED [ 83%]
tests/test_townlet/unit/universe/test_declaration_validation.py::test_compiler_validation_keeps_origins_after_transport_relocation[vocabulary] PASSED [ 83%]
tests/test_townlet/unit/universe/test_declaration_validation.py::test_compiler_validation_keeps_origins_after_transport_relocation[affordance_meter] PASSED [ 83%]
tests/test_townlet/unit/universe/test_declaration_validation.py::test_compiler_validation_keeps_origins_after_transport_relocation[dac_reference] PASSED [ 83%]
tests/test_townlet/unit/universe/test_effects_catalog_compilation.py::test_compiler_compiles_effects_catalog_per_level PASSED [ 83%]
tests/test_townlet/unit/universe/test_effects_catalog_compilation.py::test_compiler_allows_missing_effects_yaml PASSED [ 83%]
tests/test_townlet/unit/universe/test_effects_schema_completeness.py::test_effects_schema_includes_item_vfs_paths PASSED [ 83%]
tests/test_townlet/unit/universe/test_effects_schema_completeness.py::test_effects_schema_includes_bar_paths PASSED [ 83%]
tests/test_townlet/unit/universe/test_effects_schema_completeness.py::test_effects_schema_canonical_global_variables_never_acquire_target_paths PASSED [ 83%]
tests/test_townlet/unit/universe/test_effects_schema_completeness.py::test_effects_schema_preserves_canonical_vector_type_before_command_compilation PASSED [ 83%]
tests/test_townlet/unit/universe/test_engine_tick_variable.py::test_tick_variable_is_injected_into_every_universe PASSED [ 83%]
tests/test_townlet/unit/universe/test_engine_tick_variable.py::test_authored_variable_named_tick_refuses_at_full_compile[global] PASSED [ 83%]
tests/test_townlet/unit/universe/test_engine_tick_variable.py::test_authored_variable_named_tick_refuses_at_full_compile[agent] PASSED [ 83%]
tests/test_townlet/unit/universe/test_engine_tick_variable.py::test_authored_static_variable_named_tick_refuses_in_canonical_inventory PASSED [ 83%]
tests/test_townlet/unit/universe/test_engine_tick_variable.py::test_expression_may_reference_bare_tick PASSED [ 83%]
tests/test_townlet/unit/universe/test_error_codes.py::test_error_code_values_are_unique PASSED [ 83%]
tests/test_townlet/unit/universe/test_error_codes.py::test_error_codes_format_as_their_value PASSED [ 83%]
tests/test_townlet/unit/universe/test_error_codes.py::test_no_stray_code_literals_in_the_compiler_package PASSED [ 83%]
tests/test_townlet/unit/universe/test_error_codes.py::test_no_diagnostic_cites_the_ghost_drive_filename PASSED [ 83%]
tests/test_townlet/unit/universe/test_evaluation_marks.py::test_expression_variables_are_marked_without_auxiliary_inputs PASSED [ 84%]
tests/test_townlet/unit/universe/test_evaluation_marks.py::test_statics_are_never_marked PASSED [ 84%]
tests/test_townlet/unit/universe/test_evaluation_marks.py::test_removed_observation_mark_field_is_absent PASSED [ 84%]
tests/test_townlet/unit/universe/test_evaluation_marks.py::test_evaluation_is_marked_by_declaration_not_by_exposure PASSED [ 84%]
tests/test_townlet/unit/universe/test_evaluation_marks.py::test_static_declaration_does_not_acquire_expression_marks PASSED [ 84%]
tests/test_townlet/unit/universe/test_item_profile_compilation.py::test_compiler_compiles_item_profiles[False] PASSED [ 84%]
tests/test_townlet/unit/universe/test_item_profile_compilation.py::test_compiler_compiles_item_profiles[True] PASSED [ 84%]
tests/test_townlet/unit/universe/test_item_profile_compilation.py::test_compiler_rejects_unknown_item_vfs_profile PASSED [ 84%]
tests/test_townlet/unit/universe/test_item_profile_compilation.py::test_compiler_handles_empty_item_profile_inventory PASSED [ 84%]
tests/test_townlet/unit/universe/test_metadata_compiler.py::test_affordance_metadata_uses_money_key_or_explicit_semantic_zero[costs0-0.0] PASSED [ 84%]
tests/test_townlet/unit/universe/test_metadata_compiler.py::test_affordance_metadata_uses_money_key_or_explicit_semantic_zero[costs1-0.0] PASSED [ 84%]
tests/test_townlet/unit/universe/test_metadata_compiler.py::test_affordance_metadata_uses_money_key_or_explicit_semantic_zero[costs2-2.5] PASSED [ 84%]
tests/test_townlet/unit/universe/test_metadata_compiler.py::test_affordance_metadata_has_no_fallback_for_missing_canonical_costs PASSED [ 84%]
tests/test_townlet/unit/universe/test_metadata_serialization.py::test_universe_metadata_round_trip PASSED [ 84%]
tests/test_townlet/unit/universe/test_metadata_serialization.py::test_compiled_universe_msgpack_round_trip PASSED [ 84%]
tests/test_townlet/unit/universe/test_metadata_serialization.py::test_compiled_universe_schema_version_guard PASSED [ 84%]
tests/test_townlet/unit/universe/test_metadata_serialization.py::test_compiled_universe_requires_schema_version PASSED [ 84%]
tests/test_townlet/unit/universe/test_no_full_token_observation_abi.py::test_fixed_shape_names_are_limited_to_artifact_definitions_and_cli_reporting PASSED [ 84%]
tests/test_townlet/unit/universe/test_no_full_token_observation_abi.py::test_vertical_runtime_has_no_whole_fixed_observation_surface_or_allocation PASSED [ 84%]
tests/test_townlet/unit/universe/test_pipeline_modules.py::test_load_v21_configs_returns_raw_configs PASSED [ 84%]
tests/test_townlet/unit/universe/test_pipeline_modules.py::test_load_v21_configs_loads_root_optional_artifacts PASSED [ 84%]
tests/test_townlet/unit/universe/test_pipeline_modules.py::test_discovery_checks_optional_document_yaml_syntax PASSED [ 84%]
tests/test_townlet/unit/universe/test_pipeline_modules.py::test_resolve_references_accepts_valid_pack PASSED [ 84%]
tests/test_townlet/unit/universe/test_pipeline_modules.py::test_resolve_references_validates_dac_bar_references PASSED [ 84%]
tests/test_townlet/unit/universe/test_pipeline_modules.py::test_resolve_references_allows_profile_vfs_variables_in_dac PASSED [ 84%]
tests/test_townlet/unit/universe/test_pipeline_modules.py::test_discovery_rejects_level_directory_directly PASSED [ 84%]
tests/test_townlet/unit/universe/test_pipeline_modules.py::test_select_primary_level_rejects_unknown_level PASSED [ 84%]
tests/test_townlet/unit/universe/test_pipeline_modules.py::test_select_primary_level_requires_explicit_level PASSED [ 84%]
tests/test_townlet/unit/universe/test_pipeline_modules.py::test_load_v21_configs_rejects_legacy_action_costs PASSED [ 84%]
tests/test_townlet/unit/universe/test_pipeline_modules.py::test_validate_v21_semantics_rejects_cascade_with_unknown_meter PASSED [ 84%]
tests/test_townlet/unit/universe/test_pipeline_modules.py::test_validate_v21_semantics_rejects_cascade_cycle PASSED [ 84%]
tests/test_townlet/unit/universe/test_pipeline_modules.py::test_validate_v21_semantics_rejects_modulation_with_unknown_bar PASSED [ 84%]
tests/test_townlet/unit/universe/test_pipeline_modules.py::test_validate_v21_semantics_rejects_missing_level_modulation PASSED [ 84%]
tests/test_townlet/unit/universe/test_pipeline_modules.py::test_validate_v21_semantics_rejects_level_meter_vocab_mismatch PASSED [ 84%]
tests/test_townlet/unit/universe/test_pipeline_modules.py::test_validate_v21_semantics_rejects_level_affordance_vocab_mismatch PASSED [ 84%]
tests/test_townlet/unit/universe/test_pipeline_modules.py::test_validate_v21_semantics_rejects_affordance_cost_with_unknown_meter PASSED [ 84%]
tests/test_townlet/unit/universe/test_pipeline_modules.py::test_validate_v21_semantics_rejects_affordance_interaction_with_unknown_meter PASSED [ 84%]
tests/test_townlet/unit/universe/test_pipeline_modules.py::test_validate_v21_semantics_rejects_unknown_enabled_affordance PASSED [ 84%]
tests/test_townlet/unit/universe/test_pipeline_modules.py::test_validate_v21_semantics_has_no_fallback_for_required_training_fields[enabled_affordances] PASSED [ 84%]
tests/test_townlet/unit/universe/test_pipeline_modules.py::test_validate_v21_semantics_has_no_fallback_for_required_training_fields[population.size] PASSED [ 84%]
tests/test_townlet/unit/universe/test_pipeline_modules.py::test_validate_v21_semantics_rejects_grid_capacity_exceeded PASSED [ 84%]
tests/test_townlet/unit/universe/test_pipeline_modules.py::test_grid_capacity_for_gridnd_substrate PASSED [ 84%]
tests/test_townlet/unit/universe/test_resource_limits.py::test_item_catalog_rejects_more_than_max_item_types PASSED [ 85%]
tests/test_townlet/unit/universe/test_resource_limits.py::test_item_catalog_limit_is_enforced_by_limits_validation_after_dto_load PASSED [ 85%]
tests/test_townlet/unit/universe/test_resource_limits.py::test_spawn_rules_per_item_are_capped PASSED [ 85%]
tests/test_townlet/unit/universe/test_resource_limits.py::test_item_profile_group_count_is_capped PASSED [ 85%]
tests/test_townlet/unit/universe/test_scoping_enforcement.py::test_missing_required_variables_declaration_rejected PASSED [ 85%]
tests/test_townlet/unit/universe/test_scoping_enforcement.py::test_item_free_pack_supports_absent_optional_item_catalog PASSED [ 85%]
tests/test_townlet/unit/universe/test_scoping_enforcement.py::test_level_scoped_shared_declarations_rejected[variables] PASSED [ 85%]
tests/test_townlet/unit/universe/test_scoping_enforcement.py::test_level_scoped_shared_declarations_rejected[effects] PASSED [ 85%]
tests/test_townlet/unit/universe/test_scoping_enforcement.py::test_level_scoped_shared_declarations_rejected[items] PASSED [ 85%]
tests/test_townlet/unit/universe/test_source_map_wiring.py::test_build_pack_source_map_records_affordance_lines PASSED [ 85%]
tests/test_townlet/unit/universe/test_source_map_wiring.py::test_build_pack_source_map_records_drive_modifier_lines PASSED [ 85%]
tests/test_townlet/unit/universe/test_source_map_wiring.py::test_build_pack_source_map_records_cascade_lines PASSED [ 85%]
tests/test_townlet/unit/universe/test_source_map_wiring.py::test_dac_reference_error_carries_drive_line PASSED [ 85%]
tests/test_townlet/unit/universe/test_source_map_wiring.py::test_affordance_semantic_error_carries_affordances_line PASSED [ 85%]
tests/test_townlet/unit/universe/test_stages.py::test_stage_numbers_are_contiguous_and_ordered PASSED [ 85%]
tests/test_townlet/unit/universe/test_stages.py::test_stage_labels_cite_number_and_description PASSED [ 85%]
tests/test_townlet/unit/universe/test_stages.py::test_pipeline_order_is_the_documented_sequence PASSED [ 85%]
tests/test_townlet/unit/universe/test_stages.py::test_symbol_table_errors_cite_the_enum_label PASSED [ 85%]
tests/test_townlet/unit/universe/test_static_write_authorization.py::test_all_effect_command_write_forms_are_checked[command0] PASSED [ 85%]
tests/test_townlet/unit/universe/test_static_write_authorization.py::test_all_effect_command_write_forms_are_checked[command1] PASSED [ 85%]
tests/test_townlet/unit/universe/test_static_write_authorization.py::test_all_effect_command_write_forms_are_checked[command2] PASSED [ 85%]
tests/test_townlet/unit/universe/test_static_write_authorization.py::test_all_effect_command_write_forms_are_checked[command3] PASSED [ 85%]
tests/test_townlet/unit/universe/test_static_write_authorization.py::test_all_effect_command_write_forms_are_checked[command4] PASSED [ 85%]
tests/test_townlet/unit/universe/test_static_write_authorization.py::test_all_effect_command_write_forms_are_checked[command5] PASSED [ 85%]
tests/test_townlet/unit/universe/test_static_write_authorization.py::test_all_effect_command_write_forms_are_checked[command6] PASSED [ 85%]
tests/test_townlet/unit/universe/test_static_write_authorization.py::test_all_effect_command_write_forms_are_checked[command7] PASSED [ 85%]
tests/test_townlet/unit/universe/test_static_write_authorization.py::test_expression_output_requires_engine_writer PASSED [ 85%]
tests/test_townlet/unit/universe/test_static_write_authorization.py::test_conditional_action_and_social_writes_are_checked PASSED [ 85%]
tests/test_townlet/unit/universe/test_static_write_authorization.py::test_affordance_and_qualified_item_hook_write_targets_refuse PASSED [ 85%]
tests/test_townlet/unit/universe/test_static_write_authorization.py::test_compiler_hook_refuses_known_action_with_source_origin PASSED [ 85%]
tests/test_townlet/unit/universe/test_static_write_authorization.py::test_unsupported_authored_initial_state_refuses_at_typed_boundary PASSED [ 85%]
tests/test_townlet/unit/universe/test_static_write_authorization.py::test_for_each_preserves_self_and_retargets_target_namespace[agent-inventory_items-target.vfs.secret-False] PASSED [ 85%]
tests/test_townlet/unit/universe/test_static_write_authorization.py::test_for_each_preserves_self_and_retargets_target_namespace[item-all_agents-target.vfs.secret-True] PASSED [ 85%]
tests/test_townlet/unit/universe/test_static_write_authorization.py::test_for_each_preserves_self_and_retargets_target_namespace[agent-inventory_items-self.vfs.secret-True] PASSED [ 85%]
tests/test_townlet/unit/universe/test_symbol_table.py::test_duplicate_meter_registration_raises PASSED [ 85%]
tests/test_townlet/unit/universe/test_symbol_table.py::test_duplicate_variable_registration_raises PASSED [ 85%]
tests/test_townlet/unit/universe/test_symbol_table.py::test_duplicate_action_registration_raises PASSED [ 85%]
tests/test_townlet/unit/universe/test_symbol_table.py::test_duplicate_cascade_registration_raises PASSED [ 85%]
tests/test_townlet/unit/universe/test_symbol_table.py::test_duplicate_affordance_registration_raises PASSED [ 85%]
tests/test_townlet/unit/universe/test_symbol_table.py::test_duplicate_item_registration_raises PASSED [ 85%]
tests/test_townlet/unit/universe/test_token_emission.py::TestL1TokenEmission::test_census_matches_task6_worked_table PASSED [ 85%]
tests/test_townlet/unit/universe/test_token_emission.py::TestL1TokenEmission::test_total_dims_is_task6_measurement PASSED [ 85%]
tests/test_townlet/unit/universe/test_token_emission.py::TestL1TokenEmission::test_all_roster_types_present_in_engine_order PASSED [ 85%]
tests/test_townlet/unit/universe/test_token_emission.py::TestL1TokenEmission::test_meter_slots_bind_bars_declaration_order PASSED [ 86%]
tests/test_townlet/unit/universe/test_token_emission.py::TestL1TokenEmission::test_affordance_slots_bind_metadata_count_not_positions PASSED [ 86%]
tests/test_townlet/unit/universe/test_token_emission.py::TestL1TokenEmission::test_dynamic_types_carry_dynamic_bindings PASSED [ 86%]
tests/test_townlet/unit/universe/test_token_emission.py::TestL1TokenEmission::test_no_advisories_for_default_curriculum PASSED [ 86%]
tests/test_townlet/unit/universe/test_token_emission.py::TestL1TokenEmission::test_hashes_present_and_hex PASSED [ 86%]
tests/test_townlet/unit/universe/test_token_emission.py::TestL1TokenEmission::test_every_level_carries_token_spec PASSED [ 86%]
tests/test_townlet/unit/universe/test_token_emission.py::TestL1TokenEmission::test_every_level_carries_meter_runtime_declarations_matching_its_token_slots PASSED [ 86%]
tests/test_townlet/unit/universe/test_token_emission.py::TestL1TokenEmission::test_byte_identical_levels_share_layout_hash PASSED [ 86%]
tests/test_townlet/unit/universe/test_token_emission.py::TestEffectCapacityFromDeclaredBudget::test_effects_smoke_capacity_comes_from_the_declared_budget PASSED [ 86%]
tests/test_townlet/unit/universe/test_token_emission.py::TestEffectCapacityFromDeclaredBudget::test_no_budget_advisory_survives PASSED [ 86%]
tests/test_townlet/unit/universe/test_token_emission.py::TestEffectCapacityFromDeclaredBudget::test_declaring_effects_without_a_budget_refuses PASSED [ 86%]
tests/test_townlet/unit/universe/test_token_emission.py::TestEffectCapacityFromDeclaredBudget::test_empty_catalog_declaring_a_budget_refuses PASSED [ 86%]
tests/test_townlet/unit/universe/test_token_emission.py::TestEffectCapacityFromDeclaredBudget::test_empty_catalog_has_zero_effect_capacity PASSED [ 86%]
tests/test_townlet/unit/universe/test_token_emission.py::TestTransferContractAcrossPacks::test_type_schema_hash_is_engine_wide PASSED [ 86%]
tests/test_townlet/unit/universe/test_token_emission.py::TestTransferContractAcrossPacks::test_layout_hash_is_universe_specific PASSED [ 86%]
tests/test_townlet/unit/universe/test_token_emission.py::TestTransferContractAcrossPacks::test_type_schema_is_cross_rank_while_compact_layout_is_rank_specific PASSED [ 86%]
tests/test_townlet/unit/universe/test_token_emission.py::TestHashNarrowness::test_equal_specs_hash_equal PASSED [ 86%]
tests/test_townlet/unit/universe/test_token_emission.py::TestHashNarrowness::test_layout_payload_excludes_fixed_projected_schema_identity PASSED [ 86%]
tests/test_townlet/unit/universe/test_token_emission.py::TestHashNarrowness::test_capacity_change_moves_layout_not_type_schema PASSED [ 86%]
tests/test_townlet/unit/universe/test_token_emission.py::TestHashNarrowness::test_binding_identity_change_moves_layout_not_type_schema PASSED [ 86%]
tests/test_townlet/unit/universe/test_token_emission.py::TestHashNarrowness::test_slot_context_moves_observation_hash_only PASSED [ 86%]
tests/test_townlet/unit/universe/test_token_emission.py::TestHashNarrowness::test_roster_subset_moves_type_schema PASSED [ 86%]
tests/test_townlet/unit/universe/test_token_emission.py::TestHashNarrowness::test_noncanonical_encoding_version_refuses PASSED [ 86%]
tests/test_townlet/unit/universe/test_token_emission.py::TestSerialization::test_round_trip_preserves_token_block PASSED [ 86%]
tests/test_townlet/unit/universe/test_token_emission.py::TestSerialization::test_round_trip_recomputes_identical_hashes PASSED [ 86%]
tests/test_townlet/unit/universe/test_token_emission.py::TestSerialization::test_stale_previous_token_artifact_refuses PASSED [ 86%]
tests/test_townlet/unit/universe/test_token_emission.py::TestSerialization::test_missing_level_token_block_refuses PASSED [ 86%]
tests/test_townlet/unit/universe/test_token_emission.py::TestSerialization::test_tampered_payload_schema_refuses PASSED [ 86%]
tests/test_townlet/unit/universe/test_token_emission.py::TestVariableElementBindings::test_passing_declarations_bind_slots_in_registry_order PASSED [ 86%]
tests/test_townlet/unit/universe/test_token_emission.py::TestVariableElementBindings::test_unnormalized_variable_refuses PASSED [ 86%]
tests/test_townlet/unit/universe/test_token_emission.py::TestVariableElementBindings::test_unbounded_kind_refuses_with_the_boundedness_rule PASSED [ 86%]
tests/test_townlet/unit/universe/test_token_emission.py::TestVariableElementBindings::test_rank_scaled_refuses_at_exposure PASSED [ 86%]
tests/test_townlet/unit/universe/test_token_emission.py::TestVariableElementBindings::test_indistinguishable_pair_refuses_naming_both PASSED [ 86%]
tests/test_townlet/unit/universe/test_token_emission.py::TestVariableElementBindings::test_unexposed_variable_binds_nothing PASSED [ 86%]
tests/test_townlet/unit/universe/test_token_emission.py::TestVariableElementBindings::test_exposed_variable_without_explicit_default_refuses PASSED [ 86%]
tests/test_townlet/unit/universe/test_token_emission.py::TestVariableElementBindings::test_exposed_variable_with_residual_initializer_surface_refuses[zeros-None] PASSED [ 86%]
tests/test_townlet/unit/universe/test_token_emission.py::TestVariableElementBindings::test_exposed_variable_with_residual_initializer_surface_refuses[None-params1] PASSED [ 86%]
tests/test_townlet/unit/universe/test_token_emission.py::TestVariableElementBindings::test_exposed_variable_with_residual_initializer_surface_refuses[ones-params2] PASSED [ 86%]
tests/test_townlet/unit/universe/test_token_emission.py::TestMeanCensusAdvisoryWiring::test_mean_aggregator_over_threshold_advises PASSED [ 86%]
tests/test_townlet/unit/universe/test_token_emission.py::TestMeanCensusAdvisoryWiring::test_mean_aggregator_under_threshold_advises_nothing PASSED [ 86%]
tests/test_townlet/unit/universe/test_token_emission.py::TestMeanCensusAdvisoryWiring::test_non_token_set_brain_never_census_advises PASSED [ 86%]
tests/test_townlet/unit/universe/test_token_emission.py::TestInspectCensus::test_inspect_prints_token_census PASSED [ 86%]
tests/test_townlet/unit/universe/test_token_emission.py::TestInspectCensus::test_inspect_json_carries_census PASSED [ 86%]
tests/test_townlet/unit/universe/test_token_numeric_contract.py::test_token_spec_refuses_noncanonical_encoding_version PASSED [ 87%]
tests/test_townlet/unit/universe/test_token_numeric_contract.py::test_slot_context_payloads_are_bounded_model_inputs PASSED [ 87%]
tests/test_townlet/unit/universe/test_token_numeric_contract.py::test_slot_context_payloads_are_canonical_float32_values PASSED [ 87%]
tests/test_townlet/unit/universe/test_token_numeric_contract.py::test_variable_descriptor_saturates_authored_magnitudes_and_element_count PASSED [ 87%]
tests/test_townlet/unit/universe/test_token_numeric_contract.py::test_meter_rate_signature_preserves_direction PASSED [ 87%]
tests/test_townlet/unit/universe/test_token_numeric_contract.py::test_meter_refuses_rates_that_change_meaning_in_float32[1e+39-passive_depletion] PASSED [ 87%]
tests/test_townlet/unit/universe/test_token_numeric_contract.py::test_meter_refuses_rates_that_change_meaning_in_float32[1e+39-move_depletion] PASSED [ 87%]
tests/test_townlet/unit/universe/test_token_numeric_contract.py::test_meter_refuses_rates_that_change_meaning_in_float32[1e+39-interact_depletion] PASSED [ 87%]
tests/test_townlet/unit/universe/test_token_numeric_contract.py::test_meter_refuses_rates_that_change_meaning_in_float32[1e+39-natural_recovery] PASSED [ 87%]
tests/test_townlet/unit/universe/test_token_numeric_contract.py::test_meter_refuses_rates_that_change_meaning_in_float32[-1e+39-passive_depletion] PASSED [ 87%]
tests/test_townlet/unit/universe/test_token_numeric_contract.py::test_meter_refuses_rates_that_change_meaning_in_float32[-1e+39-move_depletion] PASSED [ 87%]
tests/test_townlet/unit/universe/test_token_numeric_contract.py::test_meter_refuses_rates_that_change_meaning_in_float32[-1e+39-interact_depletion] PASSED [ 87%]
tests/test_townlet/unit/universe/test_token_numeric_contract.py::test_meter_refuses_rates_that_change_meaning_in_float32[-1e+39-natural_recovery] PASSED [ 87%]
tests/test_townlet/unit/universe/test_token_numeric_contract.py::test_meter_refuses_rates_that_change_meaning_in_float32[1e-50-passive_depletion] PASSED [ 87%]
tests/test_townlet/unit/universe/test_token_numeric_contract.py::test_meter_refuses_rates_that_change_meaning_in_float32[1e-50-move_depletion] PASSED [ 87%]
tests/test_townlet/unit/universe/test_token_numeric_contract.py::test_meter_refuses_rates_that_change_meaning_in_float32[1e-50-interact_depletion] PASSED [ 87%]
tests/test_townlet/unit/universe/test_token_numeric_contract.py::test_meter_refuses_rates_that_change_meaning_in_float32[1e-50-natural_recovery] PASSED [ 87%]
tests/test_townlet/unit/universe/test_token_numeric_contract.py::test_meter_refuses_rates_that_change_meaning_in_float32[-1e-50-passive_depletion] PASSED [ 87%]
tests/test_townlet/unit/universe/test_token_numeric_contract.py::test_meter_refuses_rates_that_change_meaning_in_float32[-1e-50-move_depletion] PASSED [ 87%]
tests/test_townlet/unit/universe/test_token_numeric_contract.py::test_meter_refuses_rates_that_change_meaning_in_float32[-1e-50-interact_depletion] PASSED [ 87%]
tests/test_townlet/unit/universe/test_token_numeric_contract.py::test_meter_refuses_rates_that_change_meaning_in_float32[-1e-50-natural_recovery] PASSED [ 87%]
tests/test_townlet/unit/universe/test_token_numeric_contract.py::test_meter_refuses_ranges_whose_float32_arithmetic_is_not_finite_and_ordered[ordered-bounds-collapse] PASSED [ 87%]
tests/test_townlet/unit/universe/test_token_numeric_contract.py::test_meter_refuses_ranges_whose_float32_arithmetic_is_not_finite_and_ordered[span-overflows] PASSED [ 87%]
tests/test_townlet/unit/universe/test_token_numeric_contract.py::test_meter_refuses_an_authored_interior_initial_that_collapses_to_a_bound PASSED [ 87%]
tests/test_townlet/unit/universe/test_token_numeric_contract.py::test_meter_normalization_refuses_values_not_representable_as_float32[binary-overflow] PASSED [ 87%]
tests/test_townlet/unit/universe/test_token_numeric_contract.py::test_meter_normalization_refuses_values_not_representable_as_float32[period-underflow] PASSED [ 87%]
tests/test_townlet/unit/universe/test_token_numeric_contract.py::test_meter_normalization_refuses_values_not_representable_as_float32[period-factor-overflow] PASSED [ 87%]
tests/test_townlet/unit/universe/test_token_numeric_contract.py::test_meter_range_refuses_bounds_that_collapse_in_float32 PASSED [ 87%]
tests/test_townlet/unit/universe/test_token_numeric_contract.py::test_variable_normalization_refuses_values_not_representable_as_float32 PASSED [ 87%]
tests/test_townlet/unit/universe/test_token_numeric_contract.py::test_exposed_variable_refuses_defaults_that_change_meaning_in_float32[1e+39] PASSED [ 87%]
tests/test_townlet/unit/universe/test_token_numeric_contract.py::test_exposed_variable_refuses_defaults_that_change_meaning_in_float32[-1e+39] PASSED [ 87%]
tests/test_townlet/unit/universe/test_token_numeric_contract.py::test_exposed_variable_refuses_defaults_that_change_meaning_in_float32[1e-50] PASSED [ 87%]
tests/test_townlet/unit/universe/test_token_numeric_contract.py::test_exposed_variable_refuses_defaults_that_change_meaning_in_float32[-1e-50] PASSED [ 87%]
tests/test_townlet/unit/universe/test_token_numeric_contract.py::test_meter_signature_is_finite_and_bounded_float32 PASSED [ 87%]
tests/test_townlet/unit/universe/test_token_set_pack.py::test_pack_drives_the_token_set_architecture PASSED [ 87%]
tests/test_townlet/unit/universe/test_token_set_pack.py::test_pack_declares_the_mean_aggregator PASSED [ 87%]
tests/test_townlet/unit/universe/test_token_set_pack.py::test_attention_level_overrides_the_aggregator_and_forks_the_brain PASSED [ 87%]
tests/test_townlet/unit/universe/test_token_spec.py::TestRoster::test_roster_order_is_stable_and_seven_live PASSED [ 87%]
tests/test_townlet/unit/universe/test_token_spec.py::TestRoster::test_reserved_names_are_three_and_disjoint PASSED [ 87%]
tests/test_townlet/unit/universe/test_token_spec.py::TestRoster::test_reserved_name_refuses_instantiation[group] PASSED [ 87%]
tests/test_townlet/unit/universe/test_token_spec.py::TestRoster::test_reserved_name_refuses_instantiation[message] PASSED [ 87%]
tests/test_townlet/unit/universe/test_token_spec.py::TestRoster::test_reserved_name_refuses_instantiation[relation] PASSED [ 87%]
tests/test_townlet/unit/universe/test_token_spec.py::TestRoster::test_unknown_name_refuses PASSED [ 88%]
tests/test_townlet/unit/universe/test_token_spec.py::TestRoster::test_engine_constants PASSED [ 88%]
tests/test_townlet/unit/universe/test_token_spec.py::TestDescriptorBlock::test_widths_derive_from_enums PASSED [ 88%]
tests/test_townlet/unit/universe/test_token_spec.py::TestDescriptorBlock::test_lifetime_and_type_vocabularies_derive_from_variable_def PASSED [ 88%]
tests/test_townlet/unit/universe/test_token_spec.py::TestDescriptorBlock::test_per_axis_param_list_against_multi_axis_shape_is_named_refusal PASSED [ 88%]
tests/test_townlet/unit/universe/test_token_spec.py::TestDescriptorBlock::test_descriptor_block_width_is_pinned PASSED [ 88%]
tests/test_townlet/unit/universe/test_token_spec.py::TestDescriptorBlock::test_describe_variable_has_descriptor_width_and_marks_declaration PASSED [ 88%]
tests/test_townlet/unit/universe/test_token_spec.py::TestDescriptorBlock::test_owner_slot_coordinate_applies_to_item_profile_state PASSED [ 88%]
tests/test_townlet/unit/universe/test_token_spec.py::TestDescriptorBlock::test_tensor_elements_get_per_element_initial PASSED [ 88%]
tests/test_townlet/unit/universe/test_token_spec.py::TestWidthRules::test_cyclical_sin_cos_is_one_token_both_lanes PASSED [ 88%]
tests/test_townlet/unit/universe/test_token_spec.py::TestWidthRules::test_scalar_kinds_use_lane_zero_only PASSED [ 88%]
tests/test_townlet/unit/universe/test_token_spec.py::TestWidthRules::test_binary_normalization_threshold_equality_is_zero PASSED [ 88%]
tests/test_townlet/unit/universe/test_token_spec.py::TestWidthRules::test_one_hot_exposure_refuses PASSED [ 88%]
tests/test_townlet/unit/universe/test_token_spec.py::TestWidthRules::test_unbounded_exposure_refuses[none] PASSED [ 88%]
tests/test_townlet/unit/universe/test_token_spec.py::TestWidthRules::test_unbounded_exposure_refuses[zscore] PASSED [ 88%]
tests/test_townlet/unit/universe/test_token_spec.py::TestWidthRules::test_unbounded_exposure_refuses[unclipped_minmax] PASSED [ 88%]
tests/test_townlet/unit/universe/test_token_spec.py::TestWidthRules::test_unbounded_exposure_refuses[unclipped_log] PASSED [ 88%]
tests/test_townlet/unit/universe/test_token_spec.py::TestWidthRules::test_unbounded_exposure_refuses[masked_value] PASSED [ 88%]
tests/test_townlet/unit/universe/test_token_spec.py::TestWidthRules::test_rank_scaled_exposure_refuses_naming_the_ruling PASSED [ 88%]
tests/test_townlet/unit/universe/test_token_spec.py::TestWidthRules::test_missing_normalization_at_exposure_refuses PASSED [ 88%]
tests/test_townlet/unit/universe/test_token_spec.py::TestWidthRules::test_bounded_kinds_pass PASSED [ 88%]
tests/test_townlet/unit/universe/test_token_spec.py::TestIndistinguishability::test_identical_signatures_refuse_naming_both PASSED [ 88%]
tests/test_townlet/unit/universe/test_token_spec.py::TestIndistinguishability::test_one_distinguishing_parameter_compiles PASSED [ 88%]
tests/test_townlet/unit/universe/test_token_spec.py::TestIndistinguishability::test_different_declared_initial_distinguishes PASSED [ 88%]
tests/test_townlet/unit/universe/test_token_spec.py::TestIndistinguishability::test_scope_is_part_of_coordinate_space PASSED [ 88%]
tests/test_townlet/unit/universe/test_token_spec.py::TestCapacity::test_self_and_meter PASSED [ 88%]
tests/test_townlet/unit/universe/test_token_spec.py::TestCapacity::test_affordance_from_metadata_count PASSED [ 88%]
tests/test_townlet/unit/universe/test_token_spec.py::TestCapacity::test_agent_capacity_zero_without_shared_world_declaration PASSED [ 88%]
tests/test_townlet/unit/universe/test_token_spec.py::TestCapacity::test_item_capacity_arithmetic PASSED [ 88%]
tests/test_townlet/unit/universe/test_token_spec.py::TestCapacity::test_effect_capacity_per_scope_budget_times_denominator PASSED [ 88%]
tests/test_townlet/unit/universe/test_token_spec.py::TestCapacity::test_effect_capacity_budget_required_when_effects_declared PASSED [ 88%]
tests/test_townlet/unit/universe/test_token_spec.py::TestCapacity::test_effect_capacity_zero_when_no_effects_declared PASSED [ 88%]
tests/test_townlet/unit/universe/test_token_spec.py::TestCapacity::test_effect_budget_must_cover_every_scope PASSED [ 88%]
tests/test_townlet/unit/universe/test_token_spec.py::TestCapacity::test_variable_element_capacity_sums_elements PASSED [ 88%]
tests/test_townlet/unit/universe/test_token_spec.py::TestPositionRank::test_rank_eight_accepted PASSED [ 88%]
tests/test_townlet/unit/universe/test_token_spec.py::TestPositionRank::test_rank_nine_refuses_loudly PASSED [ 88%]
tests/test_townlet/unit/universe/test_token_spec.py::TestPositionRank::test_aspatial_rank_zero_accepted PASSED [ 88%]
tests/test_townlet/unit/universe/test_token_spec.py::TestPayloadSchemas::test_affordance_payload_layout PASSED [ 88%]
tests/test_townlet/unit/universe/test_token_spec.py::TestPayloadSchemas::test_meter_payload_carries_value_block_and_signature PASSED [ 88%]
tests/test_townlet/unit/universe/test_token_spec.py::TestPayloadSchemas::test_meter_signature_identifies_the_declared_normalization PASSED [ 88%]
tests/test_townlet/unit/universe/test_token_spec.py::TestPayloadSchemas::test_meter_signature_is_bounded_and_scale_free PASSED [ 88%]
tests/test_townlet/unit/universe/test_token_spec.py::TestPayloadSchemas::test_effect_summary_ranks_by_target_relative_magnitude PASSED [ 88%]
tests/test_townlet/unit/universe/test_token_spec.py::TestPayloadSchemas::test_effect_summary_rejects_non_finite_declared_deltas[nan] PASSED [ 88%]
tests/test_townlet/unit/universe/test_token_spec.py::TestPayloadSchemas::test_effect_summary_rejects_non_finite_declared_deltas[inf] PASSED [ 89%]
tests/test_townlet/unit/universe/test_token_spec.py::TestPayloadSchemas::test_effect_summary_rejects_non_finite_declared_deltas[-inf] PASSED [ 89%]
tests/test_townlet/unit/universe/test_token_spec.py::TestPayloadSchemas::test_effect_summary_ranks_only_unknown_magnitudes_first_then_all_known_by_magnitude PASSED [ 89%]
tests/test_townlet/unit/universe/test_token_spec.py::TestPayloadSchemas::test_effect_summary_keeps_unknown_magnitudes_then_ranks_all_known_writes PASSED [ 89%]
tests/test_townlet/unit/universe/test_token_spec.py::TestPayloadSchemas::test_effect_summary_refuses_more_than_fixed_k_reachable_writes PASSED [ 89%]
tests/test_townlet/unit/universe/test_token_spec.py::TestPayloadSchemas::test_effect_payload_carries_declared_duration_and_reapply_policy PASSED [ 89%]
tests/test_townlet/unit/universe/test_token_spec.py::TestPayloadSchemas::test_variable_element_payload_is_position_value_descriptor PASSED [ 89%]
tests/test_townlet/unit/universe/test_token_spec.py::TestPayloadSchemas::test_effect_payload_scope_one_hot_from_enum PASSED [ 89%]
tests/test_townlet/unit/universe/test_token_spec.py::TestPayloadSchemas::test_every_payload_is_unique_and_nonempty PASSED [ 89%]
tests/test_townlet/unit/universe/test_token_spec.py::TestTokenSpecArtifact::test_total_dims_equals_sum_formula PASSED [ 89%]
tests/test_townlet/unit/universe/test_token_spec.py::TestTokenSpecArtifact::test_width_names_are_explicit_and_compact_layout_is_per_type PASSED [ 89%]
tests/test_townlet/unit/universe/test_token_spec.py::TestTokenSpecArtifact::test_census_counts PASSED [ 89%]
tests/test_townlet/unit/universe/test_token_spec.py::TestTokenSpecArtifact::test_row_layout_presence_leads_each_row PASSED [ 89%]
tests/test_townlet/unit/universe/test_token_spec.py::TestTokenSpecArtifact::test_types_must_follow_roster_order PASSED [ 89%]
tests/test_townlet/unit/universe/test_token_spec.py::TestTokenSpecArtifact::test_duplicate_type_refuses PASSED [ 89%]
tests/test_townlet/unit/universe/test_token_spec.py::TestTokenSpecArtifact::test_capacity_must_equal_bindings PASSED [ 89%]
tests/test_townlet/unit/universe/test_token_spec.py::TestTokenSpecArtifact::test_payload_features_must_match_engine_schema PASSED [ 89%]
tests/test_townlet/unit/universe/test_token_spec.py::TestTokenSpecArtifact::test_slot_binding_indices_are_dense_from_zero PASSED [ 89%]
tests/test_townlet/unit/universe/test_token_spec.py::TestTokenSpecArtifact::test_non_effect_slot_requires_one_complete_context[self] PASSED [ 89%]
tests/test_townlet/unit/universe/test_token_spec.py::TestTokenSpecArtifact::test_non_effect_slot_requires_one_complete_context[meter] PASSED [ 89%]
tests/test_townlet/unit/universe/test_token_spec.py::TestTokenSpecArtifact::test_non_effect_slot_requires_one_complete_context[affordance] PASSED [ 89%]
tests/test_townlet/unit/universe/test_token_spec.py::TestTokenSpecArtifact::test_non_effect_slot_requires_one_complete_context[agent] PASSED [ 89%]
tests/test_townlet/unit/universe/test_token_spec.py::TestTokenSpecArtifact::test_non_effect_slot_requires_one_complete_context[item] PASSED [ 89%]
tests/test_townlet/unit/universe/test_token_spec.py::TestTokenSpecArtifact::test_non_effect_slot_requires_one_complete_context[variable_element] PASSED [ 89%]
tests/test_townlet/unit/universe/test_token_spec.py::TestTokenSpecArtifact::test_non_effect_slot_rejects_wrong_context_width[self] PASSED [ 89%]
tests/test_townlet/unit/universe/test_token_spec.py::TestTokenSpecArtifact::test_non_effect_slot_rejects_wrong_context_width[meter] PASSED [ 89%]
tests/test_townlet/unit/universe/test_token_spec.py::TestTokenSpecArtifact::test_non_effect_slot_rejects_wrong_context_width[affordance] PASSED [ 89%]
tests/test_townlet/unit/universe/test_token_spec.py::TestTokenSpecArtifact::test_non_effect_slot_rejects_wrong_context_width[agent] PASSED [ 89%]
tests/test_townlet/unit/universe/test_token_spec.py::TestTokenSpecArtifact::test_non_effect_slot_rejects_wrong_context_width[item] PASSED [ 89%]
tests/test_townlet/unit/universe/test_token_spec.py::TestTokenSpecArtifact::test_non_effect_slot_rejects_wrong_context_width[variable_element] PASSED [ 89%]
tests/test_townlet/unit/universe/test_token_spec.py::TestTokenSpecArtifact::test_context_payload_rejects_non_finite_features[nan] PASSED [ 89%]
tests/test_townlet/unit/universe/test_token_spec.py::TestTokenSpecArtifact::test_context_payload_rejects_non_finite_features[inf] PASSED [ 89%]
tests/test_townlet/unit/universe/test_token_spec.py::TestTokenSpecArtifact::test_context_payload_rejects_non_finite_features[-inf] PASSED [ 89%]
tests/test_townlet/unit/universe/test_token_spec.py::TestTokenSpecArtifact::test_effect_uses_named_catalog_contexts_only PASSED [ 89%]
tests/test_townlet/unit/universe/test_token_spec.py::TestTokenSpecArtifact::test_encoding_version PASSED [ 89%]
tests/test_townlet/unit/universe/test_token_spec.py::TestCensusAdvisory::test_no_advisory_at_or_below_threshold PASSED [ 89%]
tests/test_townlet/unit/universe/test_token_spec.py::TestCensusAdvisory::test_advisory_names_counts_when_any_type_exceeds PASSED [ 89%]
tests/test_townlet/unit/universe/test_token_spec.py::TestCensusAdvisory::test_no_advisory_for_attention PASSED [ 89%]
tests/test_townlet/unit/universe/test_token_spec.py::TestItemProfileExposureRefusals::test_exposed_item_variable_without_agent_read_access_refuses PASSED [ 89%]
tests/test_townlet/unit/universe/test_token_spec.py::TestItemProfileExposureRefusals::test_exposed_item_variable_with_zero_item_capacity_refuses PASSED [ 89%]
tests/test_townlet/unit/universe/test_token_spec.py::TestItemProfileExposureRefusals::test_exposed_item_variable_with_unmapped_type_refuses[int] PASSED [ 89%]
tests/test_townlet/unit/universe/test_token_spec.py::TestItemProfileExposureRefusals::test_exposed_item_variable_with_unmapped_type_refuses[vec2i] PASSED [ 89%]
tests/test_townlet/unit/universe/test_token_spec.py::TestItemProfileExposureRefusals::test_exposed_item_variable_with_unmapped_type_refuses[vec3i] PASSED [ 89%]
tests/test_townlet/unit/universe/test_validate_compiler_cli_script.py::test_fleet_discovery_and_validation_use_relocated_declarations PASSED [ 90%]
tests/test_townlet/unit/universe/test_validate_compiler_cli_script.py::test_relocated_negative_fixture_still_fails_compiler_validation PASSED [ 90%]
tests/test_townlet/unit/universe/test_vfs_expression_schema.py::test_compiler_generates_vfs_expression_schema PASSED [ 90%]
tests/test_townlet/unit/universe/test_vfs_expression_schema.py::test_vfs_expression_schema_with_empty_variable_roster PASSED [ 90%]
tests/test_townlet/unit/vfs/test_dynamic_needs.py::test_canonical_fixed_slot_dynamic_need_variables_match_spec_fields PASSED [ 90%]
tests/test_townlet/unit/vfs/test_dynamic_needs.py::test_canonical_fixed_slot_dynamic_need_variables_initialize_expected_registry_shape PASSED [ 90%]
tests/test_townlet/unit/vfs/test_dynamic_needs.py::test_canonical_fixed_slot_dynamic_need_variables_require_positive_max_slots PASSED [ 90%]
tests/test_townlet/unit/vfs/test_dynamic_variable_mode.py::test_dynamic_variable_mutations_are_disabled_by_default PASSED [ 90%]
tests/test_townlet/unit/vfs/test_dynamic_variable_mode.py::test_dynamic_mode_adds_internal_variable_and_records_schema_break_metadata PASSED [ 90%]
tests/test_townlet/unit/vfs/test_dynamic_variable_mode.py::test_dynamic_mode_requires_schema_change_ack_for_observable_variables PASSED [ 90%]
tests/test_townlet/unit/vfs/test_dynamic_variable_mode.py::test_dynamic_mode_removes_variables_and_rejects_implicit_observation_shape_changes PASSED [ 90%]
tests/test_townlet/unit/vfs/test_dynamic_variable_mode.py::test_dynamic_mode_rejects_unknown_network_shape_effects PASSED [ 90%]
tests/test_townlet/unit/vfs/test_expression_integration.py::test_expression_result_must_match_runtime_scope_shape[agent-3.0] PASSED [ 90%]
tests/test_townlet/unit/vfs/test_expression_integration.py::test_expression_result_must_match_runtime_scope_shape[global-bar.energy] PASSED [ 90%]
tests/test_townlet/unit/vfs/test_expression_integration.py::test_expression_result_must_match_runtime_scope_shape[global-mean(bar.energy)] PASSED [ 90%]
tests/test_townlet/unit/vfs/test_expression_integration.py::test_agent_expression_static_dependency_retains_batched_shape PASSED [ 90%]
tests/test_townlet/unit/vfs/test_expression_integration.py::test_build_dependency_graph_no_deps PASSED [ 90%]
tests/test_townlet/unit/vfs/test_expression_integration.py::test_build_dependency_graph_with_deps PASSED [ 90%]
tests/test_townlet/unit/vfs/test_expression_integration.py::test_build_dependency_graph_nested_deps PASSED [ 90%]
tests/test_townlet/unit/vfs/test_expression_integration.py::test_build_dependency_graph_with_path_deps PASSED [ 90%]
tests/test_townlet/unit/vfs/test_expression_integration.py::test_detect_circular_dependency_simple PASSED [ 90%]
tests/test_townlet/unit/vfs/test_expression_integration.py::test_detect_circular_dependency_complex PASSED [ 90%]
tests/test_townlet/unit/vfs/test_expression_integration.py::test_topological_sort_no_deps PASSED [ 90%]
tests/test_townlet/unit/vfs/test_expression_integration.py::test_topological_sort_linear_deps PASSED [ 90%]
tests/test_townlet/unit/vfs/test_expression_integration.py::test_compile_variable_with_expression PASSED [ 90%]
tests/test_townlet/unit/vfs/test_expression_integration.py::test_compile_variable_with_initial_value PASSED [ 90%]
tests/test_townlet/unit/vfs/test_expression_integration.py::test_compile_variable_type_mismatch PASSED [ 90%]
tests/test_townlet/unit/vfs/test_expression_integration.py::test_compile_global_profile PASSED [ 90%]
tests/test_townlet/unit/vfs/test_expression_integration.py::test_compile_agent_profile_with_bars PASSED [ 90%]
tests/test_townlet/unit/vfs/test_expression_integration.py::test_eager_agent_static_dependency_refuses_the_scalar_reinitialization_shape PASSED [ 90%]
tests/test_townlet/unit/vfs/test_expression_noise.py::test_perlin_seed_determinism PASSED [ 90%]
tests/test_townlet/unit/vfs/test_expression_noise.py::test_perlin_smoothness_neighbors_close PASSED [ 90%]
tests/test_townlet/unit/vfs/test_expression_noise.py::test_simplex_aliases_perlin PASSED [ 90%]
tests/test_townlet/unit/vfs/test_expression_spatial.py::test_distance_and_in_range_static_affordance PASSED [ 90%]
tests/test_townlet/unit/vfs/test_expression_spatial.py::test_direction_and_metric_euclidean PASSED [ 90%]
tests/test_townlet/unit/vfs/test_expression_spatial.py::test_empty_affordance_returns_inf_false_zero_dir PASSED [ 90%]
tests/test_townlet/unit/vfs/test_expression_spatial.py::test_invalid_metric_raises PASSED [ 90%]
tests/test_townlet/unit/vfs/test_expression_temporal.py::test_delta_warm_and_delta_values PASSED [ 90%]
tests/test_townlet/unit/vfs/test_expression_temporal.py::test_moving_average_window_and_warmup PASSED [ 90%]
tests/test_townlet/unit/vfs/test_expression_temporal.py::test_rate_of_change_promotes_to_float_with_int_inputs PASSED [ 90%]
tests/test_townlet/unit/vfs/test_expression_temporal.py::test_rising_edge_bool_history PASSED [ 90%]
tests/test_townlet/unit/vfs/test_expression_temporal.py::test_history_spec_collects_windows PASSED [ 90%]
tests/test_townlet/unit/vfs/test_generalisation_harness.py::test_held_out_generalisation_split_accepts_surface_label_swaps_with_shared_causal_profiles PASSED [ 91%]
tests/test_townlet/unit/vfs/test_generalisation_harness.py::test_held_out_generalisation_split_rejects_reused_variable_or_affordance_labels PASSED [ 91%]
tests/test_townlet/unit/vfs/test_generalisation_harness.py::test_held_out_generalisation_split_rejects_causal_profile_drift PASSED [ 91%]
tests/test_townlet/unit/vfs/test_generalisation_harness.py::test_operator_grammar_signature_erases_surface_names_but_keeps_operations PASSED [ 91%]
tests/test_townlet/unit/vfs/test_item_profile_expression_refusal.py::test_item_expression_refuses_before_emission PASSED [ 91%]
tests/test_townlet/unit/vfs/test_item_scoped_variables.py::test_item_scope_is_valid PASSED [ 91%]
tests/test_townlet/unit/vfs/test_item_scoped_variables.py::test_item_variable_uses_the_canonical_declaration_contract PASSED [ 91%]
tests/test_townlet/unit/vfs/test_item_vfs_storage.py::test_registry_initializes_item_storage_from_profiles PASSED [ 91%]
tests/test_townlet/unit/vfs/test_item_vfs_storage.py::test_registry_item_storage_has_correct_shape PASSED [ 91%]
tests/test_townlet/unit/vfs/test_message_variables.py::test_message_scope_and_token_type_are_first_class_schema_values PASSED [ 91%]
tests/test_townlet/unit/vfs/test_message_variables.py::test_canonical_l6_message_variables_match_spec_metadata PASSED [ 91%]
tests/test_townlet/unit/vfs/test_message_variables.py::test_canonical_l6_message_variables_initialize_expected_registry_shape PASSED [ 91%]
tests/test_townlet/unit/vfs/test_message_variables.py::test_message_scope_requires_explicit_message_slot_extent PASSED [ 91%]
tests/test_townlet/unit/vfs/test_occupancy_wiring.py::test_claim_action_compiles_into_schedule_with_affordance_row PASSED [ 91%]
tests/test_townlet/unit/vfs/test_occupancy_wiring.py::test_two_agents_contending_resolve_deterministically PASSED [ 91%]
tests/test_townlet/unit/vfs/test_occupancy_wiring.py::test_unknown_source_affordance_fails_at_compile PASSED [ 91%]
tests/test_townlet/unit/vfs/test_occupancy_wiring.py::test_claim_write_without_source_affordance_fails_at_compile PASSED [ 91%]
tests/test_townlet/unit/vfs/test_occupancy_wiring.py::test_write_targeting_unknown_variable_fails_at_compile PASSED [ 91%]
tests/test_townlet/unit/vfs/test_registry.py::TestRegistryInitialization::test_registry_creation_empty PASSED [ 91%]
tests/test_townlet/unit/vfs/test_registry.py::TestRegistryInitialization::test_registry_implements_observation_protocol PASSED [ 91%]
tests/test_townlet/unit/vfs/test_registry.py::TestRegistryInitialization::test_engine_write_path_enforces_declared_shape_and_permissions PASSED [ 91%]
tests/test_townlet/unit/vfs/test_registry.py::TestRegistryInitialization::test_lifetime_reset_methods_restore_tick_and_episode_defaults PASSED [ 91%]
tests/test_townlet/unit/vfs/test_registry.py::TestRegistryInitialization::test_generic_read_write_api_removed_from_variable_registry PASSED [ 91%]
tests/test_townlet/unit/vfs/test_registry.py::TestRegistryInitialization::test_registry_with_global_scalar PASSED [ 91%]
tests/test_townlet/unit/vfs/test_registry.py::TestRegistryInitialization::test_registry_with_agent_scalar PASSED [ 91%]
tests/test_townlet/unit/vfs/test_registry.py::TestRegistryInitialization::test_registry_with_agent_vector PASSED [ 91%]
tests/test_townlet/unit/vfs/test_registry.py::TestRegistryInitialization::test_registry_with_agent_private_vector PASSED [ 91%]
tests/test_townlet/unit/vfs/test_registry.py::TestRegistryInitialization::test_registry_with_mixed_scopes PASSED [ 91%]
tests/test_townlet/unit/vfs/test_registry.py::TestRegistryInitialization::test_duplicate_variable_ids_raise_error PASSED [ 91%]
tests/test_townlet/unit/vfs/test_registry.py::TestRegistryInitialization::test_global_scalar_dtype_is_float32 PASSED [ 91%]
tests/test_townlet/unit/vfs/test_registry.py::TestRegistryInitialization::test_missing_dims_for_vec_variables_raise_value_error PASSED [ 91%]
tests/test_townlet/unit/vfs/test_registry.py::TestRegistryAccessControl::test_read_allowed PASSED [ 91%]
tests/test_townlet/unit/vfs/test_registry.py::TestRegistryAccessControl::test_read_denied PASSED [ 91%]
tests/test_townlet/unit/vfs/test_registry.py::TestRegistryAccessControl::test_agent_cannot_read_agent_private PASSED [ 91%]
tests/test_townlet/unit/vfs/test_registry.py::TestRegistryAccessControl::test_engine_can_read_agent_private PASSED [ 91%]
tests/test_townlet/unit/vfs/test_registry.py::TestRegistryAccessControl::test_write_allowed PASSED [ 91%]
tests/test_townlet/unit/vfs/test_registry.py::TestRegistryAccessControl::test_write_denied PASSED [ 91%]
tests/test_townlet/unit/vfs/test_registry.py::TestRegistryGetSet::test_get_nonexistent_variable PASSED [ 91%]
tests/test_townlet/unit/vfs/test_registry.py::TestRegistryGetSet::test_set_nonexistent_variable PASSED [ 91%]
tests/test_townlet/unit/vfs/test_registry.py::TestRegistryGetSet::test_set_scalar_updates_value PASSED [ 91%]
tests/test_townlet/unit/vfs/test_registry.py::TestRegistryGetSet::test_set_vector_updates_value PASSED [ 91%]
tests/test_townlet/unit/vfs/test_registry.py::TestRegistryGetSet::test_get_returns_clone_for_readers PASSED [ 91%]
tests/test_townlet/unit/vfs/test_registry.py::TestRegistryGetSet::test_set_validates_shape PASSED [ 91%]
tests/test_townlet/unit/vfs/test_registry.py::TestRegistryGetSet::test_set_validates_dtype PASSED [ 92%]
tests/test_townlet/unit/vfs/test_registry.py::TestRegistryGetSet::test_set_global_scalar_updates_single_value PASSED [ 92%]
tests/test_townlet/unit/vfs/test_registry.py::TestRegistryScopeSemantics::test_global_scalar_shape PASSED [ 92%]
tests/test_townlet/unit/vfs/test_registry.py::TestRegistryScopeSemantics::test_global_vector_shape PASSED [ 92%]
tests/test_townlet/unit/vfs/test_registry.py::TestRegistryScopeSemantics::test_agent_scalar_shape PASSED [ 92%]
tests/test_townlet/unit/vfs/test_registry.py::TestRegistryScopeSemantics::test_agent_vector_shape PASSED [ 92%]
tests/test_townlet/unit/vfs/test_registry.py::TestRegistryScopeSemantics::test_agent_private_scalar_shape PASSED [ 92%]
tests/test_townlet/unit/vfs/test_registry.py::TestRegistryScopeSemantics::test_agent_private_vector_shape PASSED [ 92%]
tests/test_townlet/unit/vfs/test_registry.py::TestRegistryRelationalScopes::test_variable_scope_enum_includes_l5_storage_scopes PASSED [ 92%]
tests/test_townlet/unit/vfs/test_registry.py::TestRegistryRelationalScopes::test_registry_initializes_pair_group_affordance_and_zone_scalars PASSED [ 92%]
tests/test_townlet/unit/vfs/test_registry.py::TestRegistryRelationalScopes::test_registry_prefixes_vectors_and_tensors_with_relational_scopes PASSED [ 92%]
tests/test_townlet/unit/vfs/test_registry.py::TestRegistryRelationalScopes::test_registry_requires_explicit_extent_for_non_agent_relational_scope PASSED [ 92%]
tests/test_townlet/unit/vfs/test_registry.py::TestRegistrySparsePairScopes::test_sparse_pair_scope_allocates_edge_rows_not_dense_matrix PASSED [ 92%]
tests/test_townlet/unit/vfs/test_registry.py::TestRegistrySparsePairScopes::test_sparse_pair_scope_requires_explicit_pair_edges PASSED [ 92%]
tests/test_townlet/unit/vfs/test_registry.py::TestRegistrySparsePairScopes::test_sparse_pair_scope_rejects_invalid_pair_edges PASSED [ 92%]
tests/test_townlet/unit/vfs/test_registry.py::TestRegistrySparsePairScopes::test_sparse_pair_scope_rejects_dense_pair_writes PASSED [ 92%]
tests/test_townlet/unit/vfs/test_registry.py::TestRegistrySparsePairScopes::test_sparse_pair_scope_can_materialize_dense_debug_view PASSED [ 92%]
tests/test_townlet/unit/vfs/test_registry.py::TestRegistryVariablesProperty::test_variables_property_exposes_definitions PASSED [ 92%]
tests/test_townlet/unit/vfs/test_registry.py::TestRegistryVariablesProperty::test_variables_property_returns_dict PASSED [ 92%]
tests/test_townlet/unit/vfs/test_registry.py::TestRegistryVariablesProperty::test_variables_property_empty_registry PASSED [ 92%]
tests/test_townlet/unit/vfs/test_registry_scope_arenas.py::TestArenaLayout::test_both_scopes_always_present PASSED [ 92%]
tests/test_townlet/unit/vfs/test_registry_scope_arenas.py::TestArenaLayout::test_global_arena_shape_and_index PASSED [ 92%]
tests/test_townlet/unit/vfs/test_registry_scope_arenas.py::TestArenaLayout::test_agent_arena_shape_and_index PASSED [ 92%]
tests/test_townlet/unit/vfs/test_registry_scope_arenas.py::TestArenaLayout::test_agent_private_never_in_any_arena PASSED [ 92%]
tests/test_townlet/unit/vfs/test_registry_scope_arenas.py::TestArenaLayout::test_initial_values_land_in_arena PASSED [ 92%]
tests/test_townlet/unit/vfs/test_registry_scope_arenas.py::TestWritesLandInArena::test_set_writes_through_to_arena PASSED [ 92%]
tests/test_townlet/unit/vfs/test_registry_scope_arenas.py::TestWritesLandInArena::test_set_engine_value_writes_through PASSED [ 92%]
tests/test_townlet/unit/vfs/test_registry_scope_arenas.py::TestWritesLandInArena::test_reads_are_unchanged_by_the_arena PASSED [ 92%]
tests/test_townlet/unit/vfs/test_registry_scope_arenas.py::TestWritesLandInArena::test_get_still_returns_a_clone_not_an_arena_view PASSED [ 92%]
tests/test_townlet/unit/vfs/test_registry_scope_arenas.py::TestWritesLandInArena::test_lifetime_reset_restores_arena_values PASSED [ 92%]
tests/test_townlet/unit/vfs/test_registry_scope_arenas.py::TestWritesLandInArena::test_shape_and_dtype_refusals_unchanged PASSED [ 92%]
tests/test_townlet/unit/vfs/test_registry_scope_arenas.py::TestNonArenaVariablesUnchanged::test_ref_and_bool_storage_dtypes PASSED [ 92%]
tests/test_townlet/unit/vfs/test_registry_scope_arenas.py::TestNonArenaVariablesUnchanged::test_agent_private_reads_still_work_for_privileged_readers PASSED [ 92%]
tests/test_townlet/unit/vfs/test_registry_scope_arenas.py::TestDynamicVariableMode::test_dynamic_added_variables_stay_out_of_the_arena PASSED [ 92%]
tests/test_townlet/unit/vfs/test_registry_scope_arenas.py::TestDynamicVariableMode::test_removing_an_arena_backed_variable_drops_its_index_entry PASSED [ 92%]
tests/test_townlet/unit/vfs/test_relational_variables.py::test_canonical_l5_relational_variables_match_spec_metadata PASSED [ 92%]
tests/test_townlet/unit/vfs/test_relational_variables.py::test_canonical_l5_relational_variables_initialize_expected_registry_shapes PASSED [ 92%]
tests/test_townlet/unit/vfs/test_schema.py::TestVariableDef::test_scalar_variable_valid PASSED [ 92%]
tests/test_townlet/unit/vfs/test_schema.py::TestVariableDef::test_vecNf_variable_valid PASSED [ 92%]
tests/test_townlet/unit/vfs/test_schema.py::TestVariableDef::test_vecNi_variable_valid PASSED [ 92%]
tests/test_townlet/unit/vfs/test_schema.py::TestVariableDef::test_bool_variable_valid PASSED [ 92%]
tests/test_townlet/unit/vfs/test_schema.py::TestVariableDef::test_global_scope_valid PASSED [ 92%]
tests/test_townlet/unit/vfs/test_schema.py::TestVariableDef::test_agent_private_scope_valid PASSED [ 92%]
tests/test_townlet/unit/vfs/test_schema.py::TestVariableDef::test_invalid_scope_rejected PASSED [ 93%]
tests/test_townlet/unit/vfs/test_schema.py::TestVariableDef::test_invalid_type_rejected PASSED [ 93%]
tests/test_townlet/unit/vfs/test_schema.py::TestVariableDef::test_vecNf_without_dims_rejected PASSED [ 93%]
tests/test_townlet/unit/vfs/test_schema.py::TestVariableDef::test_scalar_with_dims_rejected PASSED [ 93%]
tests/test_townlet/unit/vfs/test_schema.py::TestNormalizationSpec::test_minmax_scalar_valid PASSED [ 93%]
tests/test_townlet/unit/vfs/test_schema.py::TestNormalizationSpec::test_minmax_vector_valid PASSED [ 93%]
tests/test_townlet/unit/vfs/test_schema.py::TestNormalizationSpec::test_zscore_scalar_valid PASSED [ 93%]
tests/test_townlet/unit/vfs/test_schema.py::TestNormalizationSpec::test_zscore_vector_valid PASSED [ 93%]
tests/test_townlet/unit/vfs/test_schema.py::TestNormalizationSpec::test_full_normalization_vocabulary_is_reachable_and_closed PASSED [ 93%]
tests/test_townlet/unit/vfs/test_schema.py::TestNormalizationSpec::test_minmax_without_min_rejected PASSED [ 93%]
tests/test_townlet/unit/vfs/test_schema.py::TestNormalizationSpec::test_zscore_without_mean_rejected PASSED [ 93%]
tests/test_townlet/unit/vfs/test_schema.py::TestNormalizationSpec::test_cyclical_sin_cos_requires_positive_period PASSED [ 93%]
tests/test_townlet/unit/vfs/test_schema.py::TestNormalizationSpec::test_one_hot_requires_at_least_two_categories PASSED [ 93%]
tests/test_townlet/unit/vfs/test_schema.py::TestNormalizationSpec::test_binary_requires_threshold PASSED [ 93%]
tests/test_townlet/unit/vfs/test_schema.py::TestNormalizationSpec::test_log_scaled_requires_ordered_bounds PASSED [ 93%]
tests/test_townlet/unit/vfs/test_schema.py::TestNormalizationSpec::test_masked_value_requires_mask_and_fill PASSED [ 93%]
tests/test_townlet/unit/vfs/test_schema.py::TestWriteSpec::test_write_spec_full_v11_contract_valid PASSED [ 93%]
tests/test_townlet/unit/vfs/test_schema.py::TestWriteSpec::test_write_spec_accepts_explicit_no_condition_or_clamp PASSED [ 93%]
tests/test_townlet/unit/vfs/test_schema.py::TestWriteSpec::test_write_spec_requires_explicit_v11_metadata PASSED [ 93%]
tests/test_townlet/unit/vfs/test_schema.py::TestWriteSpec::test_write_spec_empty_variable_id_rejected PASSED [ 93%]
tests/test_townlet/unit/vfs/test_schema.py::TestWriteSpec::test_write_spec_empty_expression_rejected PASSED [ 93%]
tests/test_townlet/unit/vfs/test_schema.py::TestWriteSpec::test_write_spec_rejects_unknown_composition_mode PASSED [ 93%]
tests/test_townlet/unit/vfs/test_schema.py::TestWriteSpec::test_write_spec_rejects_negative_priority PASSED [ 93%]
tests/test_townlet/unit/vfs/test_schema.py::TestWriteSpec::test_write_spec_rejects_inverted_clamp_bounds PASSED [ 93%]
tests/test_townlet/unit/vfs/test_schema_hashes.py::test_canonical_variable_schema_uses_sorted_contract_fields PASSED [ 93%]
tests/test_townlet/unit/vfs/test_schema_hashes.py::test_variable_schema_hash_is_order_stable PASSED [ 93%]
tests/test_townlet/unit/vfs/test_schema_hashes.py::test_variable_schema_hash_changes_when_abi_field_changes PASSED [ 93%]
tests/test_townlet/unit/vfs/test_schema_hashes.py::test_compiler_surfaces_variable_schema_hash PASSED [ 93%]
tests/test_townlet/unit/vfs/test_schema_hashes.py::test_compiler_surfaces_observation_schema_hash PASSED [ 93%]
tests/test_townlet/unit/vfs/test_schema_hashes.py::test_canonical_action_schema_uses_action_abi_fields PASSED [ 93%]
tests/test_townlet/unit/vfs/test_schema_hashes.py::test_action_schema_hash_sorts_by_action_id PASSED [ 93%]
tests/test_townlet/unit/vfs/test_schema_hashes.py::test_action_schema_hash_changes_when_mask_or_reads_or_writes_change PASSED [ 93%]
tests/test_townlet/unit/vfs/test_schema_hashes.py::test_compiler_surfaces_action_schema_hash PASSED [ 93%]
tests/test_townlet/unit/vfs/test_schema_hashes.py::test_transition_graph_hash_binds_phases_and_compiled_rule_fields PASSED [ 93%]
tests/test_townlet/unit/vfs/test_schema_hashes.py::test_transition_graph_hash_binds_modulation_rules PASSED [ 93%]
tests/test_townlet/unit/vfs/test_schema_hashes.py::test_transition_graph_hash_binds_passive_depletion_rules PASSED [ 93%]
tests/test_townlet/unit/vfs/test_schema_hashes.py::test_transition_graph_hash_binds_interaction_progress_rules PASSED [ 93%]
tests/test_townlet/unit/vfs/test_schema_hashes.py::test_transition_graph_hash_binds_terminal_condition_rules PASSED [ 93%]
tests/test_townlet/unit/vfs/test_schema_hashes.py::test_transition_graph_hash_binds_reward_component_rules PASSED [ 93%]
tests/test_townlet/unit/vfs/test_schema_hashes.py::test_transition_graph_hash_binds_social_residue_rules PASSED [ 93%]
tests/test_townlet/unit/vfs/test_schema_hashes.py::test_vfs_hash_combines_component_hashes_and_transition_graph PASSED [ 93%]
tests/test_townlet/unit/vfs/test_schema_hashes.py::test_compiler_surfaces_vfs_hash PASSED [ 93%]
tests/test_townlet/unit/vfs/test_schema_hashes.py::test_hidden_qualified_item_permissions_enter_variable_identity PASSED [ 94%]
tests/test_townlet/unit/vfs/test_schema_hashes.py::test_item_policy_order_and_profile_order_are_semantically_stable PASSED [ 94%]
tests/test_townlet/unit/vfs/test_schema_hashes.py::test_registry_and_qualified_item_identities_cannot_alias PASSED [ 94%]
tests/test_townlet/unit/vfs/test_schema_hashes.py::test_item_mapping_name_must_match_profile_identity PASSED [ 94%]
tests/test_townlet/unit/vfs/test_scope_extents.py::test_scoped_variable_without_extent_fails_at_compile[zone] PASSED [ 94%]
tests/test_townlet/unit/vfs/test_scope_extents.py::test_scoped_variable_without_extent_fails_at_compile[group] PASSED [ 94%]
tests/test_townlet/unit/vfs/test_scope_extents.py::test_scoped_variable_without_extent_fails_at_compile[message] PASSED [ 94%]
tests/test_townlet/unit/vfs/test_scope_extents.py::test_scoped_variable_without_extent_fails_at_compile[affordance] PASSED [ 94%]
tests/test_townlet/unit/vfs/test_scope_extents.py::test_scoped_variable_with_extent_reaches_runtime[zone-extents0] PASSED [ 94%]
tests/test_townlet/unit/vfs/test_scope_extents.py::test_scoped_variable_with_extent_reaches_runtime[group-extents1] PASSED [ 94%]
tests/test_townlet/unit/vfs/test_scope_extents.py::test_scoped_variable_with_extent_reaches_runtime[message-extents2] PASSED [ 94%]
tests/test_townlet/unit/vfs/test_scope_extents.py::test_extent_of_zero_is_rejected PASSED [ 94%]
tests/test_townlet/unit/vfs/test_scope_extents.py::test_extents_without_scoped_variables_are_allowed PASSED [ 94%]
tests/test_townlet/unit/vfs/test_scoped_registry.py::test_scope_inventory_and_batch_shapes PASSED [ 94%]
tests/test_townlet/unit/vfs/test_scoped_registry.py::test_scoped_values_are_copies_and_checked_writes_reset[world-get_global] PASSED [ 94%]
tests/test_townlet/unit/vfs/test_scoped_registry.py::test_scoped_values_are_copies_and_checked_writes_reset[local-get_agent] PASSED [ 94%]
tests/test_townlet/unit/vfs/test_scoped_registry.py::test_registry_has_one_canonical_namespace PASSED [ 94%]
tests/test_townlet/unit/vfs/test_static_access.py::test_convenience_accessors_enforce_actor_and_clone[global-get_global] PASSED [ 94%]
tests/test_townlet/unit/vfs/test_static_access.py::test_convenience_accessors_enforce_actor_and_clone[agent-get_agent] PASSED [ 94%]
tests/test_townlet/unit/vfs/test_static_access.py::test_mutating_source_policy_cannot_change_runtime_authority PASSED [ 94%]
tests/test_townlet/unit/vfs/test_static_access.py::test_mutated_unknown_policy_is_rejected_before_storage_allocation PASSED [ 94%]
tests/test_townlet/unit/vfs/test_static_access.py::test_same_value_write_denies_without_mutation[set] PASSED [ 94%]
tests/test_townlet/unit/vfs/test_static_access.py::test_same_value_write_denies_without_mutation[set_engine_value] PASSED [ 94%]
tests/test_townlet/unit/vfs/test_static_access.py::test_dynamic_add_snapshots_new_policy_and_cannot_replace_old_policy PASSED [ 94%]
tests/test_townlet/unit/vfs/test_static_access.py::test_item_policies_are_qualified_and_denials_preserve_storage PASSED [ 94%]
tests/test_townlet/unit/vfs/test_static_access.py::test_item_policy_mutation_cannot_change_access_authority PASSED [ 94%]
tests/test_townlet/unit/vfs/test_static_access.py::test_unregistered_item_row_cannot_borrow_public_profile PASSED [ 94%]
tests/test_townlet/unit/vfs/test_transition_graph.py::test_default_transition_phase_graph_matches_vfs_spec_order PASSED [ 94%]
tests/test_townlet/unit/vfs/test_transition_graph.py::test_transition_phase_graph_rejects_duplicate_phase_names PASSED [ 94%]
tests/test_townlet/unit/vfs/test_transition_graph.py::test_transition_phase_graph_rejects_empty_phase_names PASSED [ 94%]
tests/test_townlet/unit/vfs/test_transition_graph.py::test_transition_phase_graph_exposes_canonical_edges PASSED [ 94%]
tests/test_townlet/unit/vfs/test_transition_graph.py::test_transition_phase_graph_rejects_unknown_phase_lookup PASSED [ 94%]
tests/test_townlet/unit/vfs/test_variable_registry_tensor.py::test_variable_registry_initializes_tensor_defaults PASSED [ 94%]
tests/test_townlet/unit/vfs/test_variable_registry_tensor.py::test_variable_registry_tensor_guardrail PASSED [ 94%]
tests/test_townlet/unit/vfs/test_variable_registry_tensor.py::test_variable_registry_tensor_explicit_default_broadcasts_batch PASSED [ 94%]
tests/test_townlet/unit/vfs/test_variable_registry_tensor.py::test_variable_registry_tensor_explicit_default_broadcasts_multi_agent PASSED [ 94%]
tests/test_townlet/unit/vfs/test_vfs_debug_logging.py::test_vfs_debug_logging PASSED [ 94%]
tests/test_townlet/unit/vfs/test_vfs_debug_logging.py::test_vfs_debug_disabled_by_default PASSED [ 94%]
tests/test_townlet/unit/vfs/test_vfs_debug_logging.py::test_vfs_debug_env_var_does_not_enable_logging PASSED [ 94%]
tests/test_townlet/unit/vfs/test_vfs_evaluator.py::test_vfs_evaluator_evaluates_expressions_in_topo_order PASSED [ 94%]
tests/test_townlet/unit/vfs/test_vfs_evaluator.py::test_vfs_evaluator_mark_and_sweep_evaluates_marks_only_when_independent PASSED [ 94%]
tests/test_townlet/unit/vfs/test_vfs_evaluator.py::test_vfs_evaluator_mark_and_sweep_recomputes_dependencies PASSED [ 94%]
tests/test_townlet/unit/vfs/test_vfs_evaluator.py::test_vfs_evaluator_mark_and_sweep_requires_explicit_marks PASSED [ 94%]
tests/test_townlet/unit/vfs/test_vfs_evaluator.py::test_vfs_evaluator_mark_and_sweep_rejects_unknown_marks PASSED [ 95%]
tests/test_townlet/unit/vfs/test_vfs_evaluator.py::test_vfs_evaluator_eager_mode_evaluates_all_vars PASSED [ 95%]
tests/test_townlet/unit/vfs/test_vfs_evaluator.py::test_vfs_evaluator_handles_reference_path_access PASSED [ 95%]
tests/test_townlet/unit/vfs/test_vfs_evaluator.py::test_vfs_evaluator_handles_nested_reference_paths PASSED [ 95%]
tests/test_townlet/unit/vfs/test_vfs_evaluator.py::test_vfs_evaluator_threads_affordance_and_temporal_context PASSED [ 95%]
tests/test_townlet/unit/vfs/test_vtc_action_writes.py::test_vtc_action_writes_applies_write_only_to_selected_active_agents PASSED [ 95%]
tests/test_townlet/unit/vfs/test_vtc_action_writes.py::test_vtc_action_writes_combines_action_mask_with_condition PASSED [ 95%]
tests/test_townlet/unit/vfs/test_vtc_action_writes.py::test_vtc_action_writes_can_target_meter_bars PASSED [ 95%]
tests/test_townlet/unit/vfs/test_vtc_action_writes.py::test_vtc_action_writes_composes_additive_and_multiplicative_writes PASSED [ 95%]
tests/test_townlet/unit/vfs/test_vtc_action_writes.py::test_vtc_action_writes_composes_min_max_and_clamp_writes PASSED [ 95%]
tests/test_townlet/unit/vfs/test_vtc_action_writes.py::test_vtc_action_writes_claim_if_free_keeps_existing_claim_and_first_writer PASSED [ 95%]
tests/test_townlet/unit/vfs/test_vtc_action_writes.py::test_vtc_action_writes_capacity_claim_caps_claim_count_in_batch_order PASSED [ 95%]
tests/test_townlet/unit/vfs/test_vtc_action_writes.py::test_vtc_action_writes_append_event_uses_first_empty_slot PASSED [ 95%]
tests/test_townlet/unit/vfs/test_vtc_action_writes.py::test_vtc_action_writes_resolves_priority_and_last_write_wins PASSED [ 95%]
tests/test_townlet/unit/vfs/test_vtc_action_writes.py::test_vtc_action_writes_reads_phase_snapshot_before_committing_writes PASSED [ 95%]
tests/test_townlet/unit/vfs/test_vtc_action_writes.py::test_vtc_action_writes_rejects_shape_changing_phase_commit PASSED [ 95%]
tests/test_townlet/unit/vfs/test_vtc_action_writes.py::test_vtc_action_writes_uses_spec_phase_order_not_lexical_order PASSED [ 95%]
tests/test_townlet/unit/vfs/test_vtc_action_writes.py::test_vtc_action_writes_accepts_configured_transition_phase_order PASSED [ 95%]
tests/test_townlet/unit/vfs/test_vtc_action_writes.py::test_vtc_action_writes_rejects_unconfigured_transition_phase PASSED [ 95%]
tests/test_townlet/unit/vfs/test_vtc_affordance_gates.py::test_compile_vtc_affordance_gates_emits_action_legality_rule_metadata PASSED [ 95%]
tests/test_townlet/unit/vfs/test_vtc_affordance_gates.py::test_vtc_affordance_gates_evaluate_normal_wraparound_and_24_hour_windows PASSED [ 95%]
tests/test_townlet/unit/vfs/test_vtc_affordance_occupancy.py::test_vtc_affordance_occupancy_claim_if_free_targets_source_affordance_row PASSED [ 95%]
tests/test_townlet/unit/vfs/test_vtc_affordance_occupancy.py::test_vtc_affordance_capacity_claim_fills_first_free_slots_without_overallocating PASSED [ 95%]
tests/test_townlet/unit/vfs/test_vtc_bounds_clamps.py::test_compile_vtc_bounds_clamps_emits_rule_metadata PASSED [ 95%]
tests/test_townlet/unit/vfs/test_vtc_bounds_clamps.py::test_vtc_bounds_clamps_apply_enforces_each_meters_declared_bounds PASSED [ 95%]
tests/test_townlet/unit/vfs/test_vtc_bounds_clamps.py::test_transition_runner_executes_bounds_clamps_in_clamp_and_validate_phase PASSED [ 95%]
tests/test_townlet/unit/vfs/test_vtc_interaction_progress.py::test_compile_vtc_interaction_progress_emits_progress_and_completion_rules PASSED [ 95%]
tests/test_townlet/unit/vfs/test_vtc_interaction_progress.py::test_vtc_interaction_progress_tracks_continuation_completion_and_disengagement PASSED [ 95%]
tests/test_townlet/unit/vfs/test_vtc_kernels.py::test_vtc_hot_transition_kernels_are_plain_eager_functions PASSED [ 95%]
tests/test_townlet/unit/vfs/test_vtc_kernels.py::test_vtc_generated_hot_paths_do_not_call_expression_interpreter PASSED [ 95%]
tests/test_townlet/unit/vfs/test_vtc_kernels.py::test_generated_vtc_programs_do_not_keep_interpreter_fallback_helpers PASSED [ 95%]
tests/test_townlet/unit/vfs/test_vtc_kernels.py::test_eager_vtc_kernels_match_hardcoded_tensor_baselines PASSED [ 95%]
tests/test_townlet/unit/vfs/test_vtc_modulations.py::test_compile_vtc_modulations_emits_modulation_rule_metadata PASSED [ 95%]
tests/test_townlet/unit/vfs/test_vtc_modulations.py::test_vtc_modulations_multiply_matching_affordance_factors_and_mask_inactive PASSED [ 95%]
tests/test_townlet/unit/vfs/test_vtc_passive_depletions.py::test_compile_vtc_passive_depletions_emits_rule_metadata PASSED [ 95%]
tests/test_townlet/unit/vfs/test_vtc_passive_depletions.py::test_vtc_passive_depletions_apply_scaled_decay_clamp_and_masking PASSED [ 95%]
tests/test_townlet/unit/vfs/test_vtc_passive_dynamics_equivalence.py::test_vtc_decay_and_cascades_match_legacy_formulas[1.0-L0_0_minimal] PASSED [ 95%]
tests/test_townlet/unit/vfs/test_vtc_passive_dynamics_equivalence.py::test_vtc_decay_and_cascades_match_legacy_formulas[1.0-L0_5_dual_resource] PASSED [ 95%]
tests/test_townlet/unit/vfs/test_vtc_passive_dynamics_equivalence.py::test_vtc_decay_and_cascades_match_legacy_formulas[1.0-L1_full_observability] PASSED [ 95%]
tests/test_townlet/unit/vfs/test_vtc_passive_dynamics_equivalence.py::test_vtc_decay_and_cascades_match_legacy_formulas[1.0-L2_partial_observability] PASSED [ 95%]
tests/test_townlet/unit/vfs/test_vtc_passive_dynamics_equivalence.py::test_vtc_decay_and_cascades_match_legacy_formulas[1.0-L3_temporal_mechanics] PASSED [ 95%]
tests/test_townlet/unit/vfs/test_vtc_passive_dynamics_equivalence.py::test_vtc_decay_and_cascades_match_legacy_formulas[1.75-L0_0_minimal] PASSED [ 95%]
tests/test_townlet/unit/vfs/test_vtc_passive_dynamics_equivalence.py::test_vtc_decay_and_cascades_match_legacy_formulas[1.75-L0_5_dual_resource] PASSED [ 95%]
tests/test_townlet/unit/vfs/test_vtc_passive_dynamics_equivalence.py::test_vtc_decay_and_cascades_match_legacy_formulas[1.75-L1_full_observability] PASSED [ 96%]
tests/test_townlet/unit/vfs/test_vtc_passive_dynamics_equivalence.py::test_vtc_decay_and_cascades_match_legacy_formulas[1.75-L2_partial_observability] PASSED [ 96%]
tests/test_townlet/unit/vfs/test_vtc_passive_dynamics_equivalence.py::test_vtc_decay_and_cascades_match_legacy_formulas[1.75-L3_temporal_mechanics] PASSED [ 96%]
tests/test_townlet/unit/vfs/test_vtc_passive_dynamics_equivalence.py::test_vtc_modulations_match_legacy_linear_multiplier_formula[L0_0_minimal] PASSED [ 96%]
tests/test_townlet/unit/vfs/test_vtc_passive_dynamics_equivalence.py::test_vtc_modulations_match_legacy_linear_multiplier_formula[L0_5_dual_resource] PASSED [ 96%]
tests/test_townlet/unit/vfs/test_vtc_passive_dynamics_equivalence.py::test_vtc_modulations_match_legacy_linear_multiplier_formula[L1_full_observability] PASSED [ 96%]
tests/test_townlet/unit/vfs/test_vtc_passive_dynamics_equivalence.py::test_vtc_modulations_match_legacy_linear_multiplier_formula[L2_partial_observability] PASSED [ 96%]
tests/test_townlet/unit/vfs/test_vtc_passive_dynamics_equivalence.py::test_vtc_modulations_match_legacy_linear_multiplier_formula[L3_temporal_mechanics] PASSED [ 96%]
tests/test_townlet/unit/vfs/test_vtc_reward_components.py::test_compile_vtc_reward_components_declares_dac_vtc_boundary PASSED [ 96%]
tests/test_townlet/unit/vfs/test_vtc_reward_components.py::test_vtc_reward_program_applies_dac_backend_and_validates_component_contract PASSED [ 96%]
tests/test_townlet/unit/vfs/test_vtc_reward_components.py::test_vtc_reward_program_rejects_missing_declared_component PASSED [ 96%]
tests/test_townlet/unit/vfs/test_vtc_social_residue.py::test_vtc_social_residue_compiles_visibility_social_and_institutional_kinds PASSED [ 96%]
tests/test_townlet/unit/vfs/test_vtc_social_residue.py::test_vtc_social_residue_rejects_removed_target_field PASSED [ 96%]
tests/test_townlet/unit/vfs/test_vtc_social_residue.py::test_vtc_directed_pair_write_moves_trust_ij_without_trust_ji PASSED [ 96%]
tests/test_townlet/unit/vfs/test_vtc_social_residue.py::test_vtc_visibility_effect_updates_directed_pair_state_for_observed_actor_actions PASSED [ 96%]
tests/test_townlet/unit/vfs/test_vtc_social_residue.py::test_vtc_social_and_institutional_residue_updates_pair_and_agent_variables PASSED [ 96%]
tests/test_townlet/unit/vfs/test_vtc_terminal_conditions.py::test_compile_vtc_terminal_conditions_emits_rule_metadata PASSED [ 96%]
tests/test_townlet/unit/vfs/test_vtc_terminal_conditions.py::test_vtc_terminal_conditions_preserve_existing_dones_and_mask_inactive_agents PASSED [ 96%]
tests/test_townlet/unit/vfs/test_vtc_threshold_cascades.py::test_compile_vtc_threshold_cascades_emits_threshold_delta_rule_metadata PASSED [ 96%]
tests/test_townlet/unit/vfs/test_vtc_threshold_cascades.py::test_vtc_threshold_cascades_sum_target_penalties_from_phase_snapshot PASSED [ 96%]
tests/test_townlet/unit/vfs/test_vtc_write_intent.py::test_same_value_or_failed_claim_is_still_an_attempt[overwrite-state] PASSED [ 96%]
tests/test_townlet/unit/vfs/test_vtc_write_intent.py::test_same_value_or_failed_claim_is_still_an_attempt[additive_delta-0] PASSED [ 96%]
tests/test_townlet/unit/vfs/test_vtc_write_intent.py::test_same_value_or_failed_claim_is_still_an_attempt[claim_if_free-7] PASSED [ 96%]
tests/test_townlet/unit/vfs/test_vtc_write_intent.py::test_unselected_action_write_has_no_intent[0-True-None] PASSED [ 96%]
tests/test_townlet/unit/vfs/test_vtc_write_intent.py::test_unselected_action_write_has_no_intent[2-False-None] PASSED [ 96%]
tests/test_townlet/unit/vfs/test_vtc_write_intent.py::test_unselected_action_write_has_no_intent[2-True-false] PASSED [ 96%]
tests/test_townlet/unit/vfs/test_vtc_write_intent.py::test_scalar_social_write_respects_active_selection[True-None-True] PASSED [ 96%]
tests/test_townlet/unit/vfs/test_vtc_write_intent.py::test_scalar_social_write_respects_active_selection[False-None-False] PASSED [ 96%]
tests/test_townlet/unit/vfs/test_vtc_write_intent.py::test_scalar_social_write_respects_active_selection[True-false-False] PASSED [ 96%]
tests/test_townlet/unit/world/expression/test_ast_nodes.py::test_astnode_defaults_are_none PASSED [ 96%]
tests/test_townlet/unit/world/expression/test_ast_nodes.py::test_astnode_metadata_can_be_set PASSED [ 96%]
tests/test_townlet/unit/world/expression/test_ast_nodes.py::test_nodes_are_frozen PASSED [ 96%]
tests/test_townlet/unit/world/expression/test_ast_nodes.py::test_path_access_segments_preserved PASSED [ 96%]
tests/test_townlet/unit/world/expression/test_ast_nodes.py::test_binary_op_fields_set PASSED [ 96%]
tests/test_townlet/unit/world/expression/test_ast_nodes.py::test_unary_op_fields_set PASSED [ 96%]
tests/test_townlet/unit/world/expression/test_ast_nodes.py::test_function_call_arguments_immutable_binding PASSED [ 96%]
tests/test_townlet/unit/world/expression/test_ast_nodes.py::test_if_then_else_fields_set PASSED [ 96%]
tests/test_townlet/unit/world/expression/test_ast_nodes.py::test_index_access_fields_set PASSED [ 96%]
tests/test_townlet/unit/world/expression/test_ast_nodes.py::test_dataclass_equality_and_hash PASSED [ 96%]
tests/test_townlet/unit/world/expression/test_ast_nodes.py::test_astnode_is_base_class PASSED [ 96%]
tests/test_townlet/unit/world/expression/test_ast_nodes.py::test_switch_fields_set_and_default_none PASSED [ 96%]
tests/test_townlet/unit/world/expression/test_ast_nodes.py::test_reduce_fields_set PASSED [ 96%]
tests/test_townlet/unit/world/expression/test_context.py::test_execution_context_get_bar PASSED [ 97%]
tests/test_townlet/unit/world/expression/test_context.py::test_execution_context_get_vfs PASSED [ 97%]
tests/test_townlet/unit/world/expression/test_context.py::test_execution_context_path_not_found PASSED [ 97%]
tests/test_townlet/unit/world/expression/test_context.py::test_execution_context_agent_ref_traversal PASSED [ 97%]
tests/test_townlet/unit/world/expression/test_context.py::test_execution_context_agent_ref_invalid_index PASSED [ 97%]
tests/test_townlet/unit/world/expression/test_context.py::test_execution_context_agent_ref_masks_sentinel_reference PASSED [ 97%]
tests/test_townlet/unit/world/expression/test_context.py::test_execution_context_item_ref_masks_sentinel_reference PASSED [ 97%]
tests/test_townlet/unit/world/expression/test_context.py::test_execution_context_strips_ref_segments PASSED [ 97%]
tests/test_townlet/unit/world/expression/test_context.py::test_vfs_root_honors_global_scope_no_agent_gather PASSED [ 97%]
tests/test_townlet/unit/world/expression/test_context.py::test_vfs_root_still_gathers_agent_scoped PASSED [ 97%]
tests/test_townlet/unit/world/expression/test_context.py::test_vfs_root_without_scopes_preserves_legacy_gather PASSED [ 97%]
tests/test_townlet/unit/world/expression/test_context.py::test_global_root_resolves_global_tensor_raw PASSED [ 97%]
tests/test_townlet/unit/world/expression/test_evaluator.py::test_evaluate_constant PASSED [ 97%]
tests/test_townlet/unit/world/expression/test_evaluator.py::test_evaluate_binary_op_arithmetic_add PASSED [ 97%]
tests/test_townlet/unit/world/expression/test_evaluator.py::test_evaluate_binary_op_arithmetic_mul PASSED [ 97%]
tests/test_townlet/unit/world/expression/test_evaluator.py::test_evaluate_binary_op_comparison_lt PASSED [ 97%]
tests/test_townlet/unit/world/expression/test_evaluator.py::test_evaluate_binary_op_logical_and PASSED [ 97%]
tests/test_townlet/unit/world/expression/test_evaluator.py::test_evaluate_unary_op_negation PASSED [ 97%]
tests/test_townlet/unit/world/expression/test_evaluator.py::test_evaluate_unary_op_not PASSED [ 97%]
tests/test_townlet/unit/world/expression/test_evaluator.py::test_evaluate_path_access_bar PASSED [ 97%]
tests/test_townlet/unit/world/expression/test_evaluator.py::test_evaluate_path_access_vfs PASSED [ 97%]
tests/test_townlet/unit/world/expression/test_evaluator.py::test_evaluate_variable PASSED [ 97%]
tests/test_townlet/unit/world/expression/test_evaluator.py::test_evaluate_index_access PASSED [ 97%]
tests/test_townlet/unit/world/expression/test_evaluator.py::test_evaluate_function_call_max PASSED [ 97%]
tests/test_townlet/unit/world/expression/test_evaluator.py::test_evaluate_function_call_min PASSED [ 97%]
tests/test_townlet/unit/world/expression/test_evaluator.py::test_evaluate_function_call_abs PASSED [ 97%]
tests/test_townlet/unit/world/expression/test_evaluator.py::test_evaluate_function_call_clamp PASSED [ 97%]
tests/test_townlet/unit/world/expression/test_evaluator.py::test_evaluate_function_call_unknown PASSED [ 97%]
tests/test_townlet/unit/world/expression/test_evaluator.py::test_evaluate_if_then_else_vectorized PASSED [ 97%]
tests/test_townlet/unit/world/expression/test_evaluator.py::test_full_integration_if_then_else PASSED [ 97%]
tests/test_townlet/unit/world/expression/test_integration.py::test_full_pipeline PASSED [ 97%]
tests/test_townlet/unit/world/expression/test_integration.py::test_pipeline_with_complex_expression PASSED [ 97%]
tests/test_townlet/unit/world/expression/test_integration.py::test_pipeline_with_comparison PASSED [ 97%]
tests/test_townlet/unit/world/expression/test_integration.py::test_pipeline_with_logical_operators PASSED [ 97%]
tests/test_townlet/unit/world/expression/test_integration.py::test_pipeline_with_function_call SKIPPED [ 97%]
tests/test_townlet/unit/world/expression/test_integration.py::test_pipeline_type_error_detection PASSED [ 97%]
tests/test_townlet/unit/world/expression/test_integration.py::test_pipeline_with_unary_negation PASSED [ 97%]
tests/test_townlet/unit/world/expression/test_integration.py::test_pipeline_with_logical_not PASSED [ 97%]
tests/test_townlet/unit/world/expression/test_integration.py::test_pipeline_with_index_access SKIPPED [ 97%]
tests/test_townlet/unit/world/expression/test_integration.py::test_pipeline_multiple_expressions PASSED [ 97%]
tests/test_townlet/unit/world/expression/test_parser.py::test_parse_float_constant PASSED [ 97%]
tests/test_townlet/unit/world/expression/test_parser.py::test_parse_integer_constant PASSED [ 97%]
tests/test_townlet/unit/world/expression/test_parser.py::test_parse_boolean_true PASSED [ 97%]
tests/test_townlet/unit/world/expression/test_parser.py::test_parse_boolean_false PASSED [ 98%]
tests/test_townlet/unit/world/expression/test_parser.py::test_parse_string_constant PASSED [ 98%]
tests/test_townlet/unit/world/expression/test_parser.py::test_parse_string_with_single_quotes PASSED [ 98%]
tests/test_townlet/unit/world/expression/test_parser.py::test_parse_integer_vs_float_distinction PASSED [ 98%]
tests/test_townlet/unit/world/expression/test_parser.py::test_parse_simple_variable PASSED [ 98%]
tests/test_townlet/unit/world/expression/test_parser.py::test_parse_variable_with_underscore PASSED [ 98%]
tests/test_townlet/unit/world/expression/test_parser.py::test_parse_variable_with_numbers PASSED [ 98%]
tests/test_townlet/unit/world/expression/test_parser.py::test_parse_path_access_two_segments PASSED [ 98%]
tests/test_townlet/unit/world/expression/test_parser.py::test_parse_path_access_three_segments PASSED [ 98%]
tests/test_townlet/unit/world/expression/test_parser.py::test_parse_path_access_deep PASSED [ 98%]
tests/test_townlet/unit/world/expression/test_parser.py::test_parse_addition PASSED [ 98%]
tests/test_townlet/unit/world/expression/test_parser.py::test_parse_multiplication PASSED [ 98%]
tests/test_townlet/unit/world/expression/test_parser.py::test_parse_comparison PASSED [ 98%]
tests/test_townlet/unit/world/expression/test_parser.py::test_parse_logical_and PASSED [ 98%]
tests/test_townlet/unit/world/expression/test_parser.py::test_parse_operator_precedence PASSED [ 98%]
tests/test_townlet/unit/world/expression/test_parser.py::test_parse_parentheses_override_precedence PASSED [ 98%]
tests/test_townlet/unit/world/expression/test_parser.py::test_parse_unary_minus PASSED [ 98%]
tests/test_townlet/unit/world/expression/test_parser.py::test_parse_unary_not PASSED [ 98%]
tests/test_townlet/unit/world/expression/test_parser.py::test_parse_double_negation PASSED [ 98%]
tests/test_townlet/unit/world/expression/test_parser.py::test_parse_function_call_no_args PASSED [ 98%]
tests/test_townlet/unit/world/expression/test_parser.py::test_parse_function_call_single_arg PASSED [ 98%]
tests/test_townlet/unit/world/expression/test_parser.py::test_parse_function_call_multiple_args PASSED [ 98%]
tests/test_townlet/unit/world/expression/test_parser.py::test_parse_function_call_string_arg PASSED [ 98%]
tests/test_townlet/unit/world/expression/test_parser.py::test_parse_nested_function_calls PASSED [ 98%]
tests/test_townlet/unit/world/expression/test_parser.py::test_parse_if_then_else PASSED [ 98%]
tests/test_townlet/unit/world/expression/test_parser.py::test_parse_nested_if_then_else PASSED [ 98%]
tests/test_townlet/unit/world/expression/test_parser.py::test_parse_exponentiation_right_associative PASSED [ 98%]
tests/test_townlet/unit/world/expression/test_parser.py::test_parse_index_access_constant PASSED [ 98%]
tests/test_townlet/unit/world/expression/test_parser.py::test_parse_index_access_variable PASSED [ 98%]
tests/test_townlet/unit/world/expression/test_parser.py::test_parse_index_access_expression PASSED [ 98%]
tests/test_townlet/unit/world/expression/test_parser.py::test_parse_nested_index_access PASSED [ 98%]
tests/test_townlet/unit/world/expression/test_parser.py::test_parse_float_with_trailing_dot PASSED [ 98%]
tests/test_townlet/unit/world/expression/test_parser.py::test_parse_scientific_notation_positive_exponent PASSED [ 98%]
tests/test_townlet/unit/world/expression/test_parser.py::test_parse_nested_index_expression PASSED [ 98%]
tests/test_townlet/unit/world/expression/test_parser.py::test_parse_raises_on_trailing_operator PASSED [ 98%]
tests/test_townlet/unit/world/expression/test_parser.py::test_parse_raises_on_unclosed_parenthesis PASSED [ 98%]
tests/test_townlet/unit/world/expression/test_parser.py::test_parse_raises_on_double_comma_in_arguments PASSED [ 98%]
tests/test_townlet/unit/world/expression/test_parser.py::test_parse_raises_on_invalid_token PASSED [ 98%]
tests/test_townlet/unit/world/expression/test_parser.py::test_parse_rejects_keyword_as_identifier PASSED [ 98%]
tests/test_townlet/unit/world/expression/test_type_checker.py::TestConstantInference::test_infer_int_constant PASSED [ 98%]
tests/test_townlet/unit/world/expression/test_type_checker.py::TestConstantInference::test_infer_float_constant PASSED [ 98%]
tests/test_townlet/unit/world/expression/test_type_checker.py::TestConstantInference::test_infer_bool_constant PASSED [ 98%]
tests/test_townlet/unit/world/expression/test_type_checker.py::TestConstantInference::test_infer_string_constant PASSED [ 98%]
tests/test_townlet/unit/world/expression/test_type_checker.py::TestBinaryOperators::test_type_check_arithmetic_operators PASSED [ 99%]
tests/test_townlet/unit/world/expression/test_type_checker.py::TestBinaryOperators::test_type_check_comparison_operators PASSED [ 99%]
tests/test_townlet/unit/world/expression/test_type_checker.py::TestBinaryOperators::test_type_check_equality_allows_matching_types PASSED [ 99%]
tests/test_townlet/unit/world/expression/test_type_checker.py::TestBinaryOperators::test_type_check_logical_operators PASSED [ 99%]
tests/test_townlet/unit/world/expression/test_type_checker.py::TestBinaryOperators::test_type_check_incompatible_operands PASSED [ 99%]
tests/test_townlet/unit/world/expression/test_type_checker.py::TestUnaryOperators::test_type_check_negation PASSED [ 99%]
tests/test_townlet/unit/world/expression/test_type_checker.py::TestUnaryOperators::test_type_check_logical_not PASSED [ 99%]
tests/test_townlet/unit/world/expression/test_type_checker.py::TestUnaryOperators::test_type_check_negation_wrong_type PASSED [ 99%]
tests/test_townlet/unit/world/expression/test_type_checker.py::TestPathAccess::test_type_check_path_access_valid PASSED [ 99%]
tests/test_townlet/unit/world/expression/test_type_checker.py::TestPathAccess::test_type_check_path_access_invalid PASSED [ 99%]
tests/test_townlet/unit/world/expression/test_type_checker.py::TestPathAccess::test_type_check_nested_path PASSED [ 99%]
tests/test_townlet/unit/world/expression/test_type_checker.py::TestPathAccess::test_type_check_agent_reference_traversal PASSED [ 99%]
tests/test_townlet/unit/world/expression/test_type_checker.py::TestPathAccess::test_type_check_item_reference_traversal PASSED [ 99%]
tests/test_townlet/unit/world/expression/test_type_checker.py::TestPathAccess::test_type_check_target_reference_traversal PASSED [ 99%]
tests/test_townlet/unit/world/expression/test_type_checker.py::TestPathAccess::test_type_check_self_reference_traversal PASSED [ 99%]
tests/test_townlet/unit/world/expression/test_type_checker.py::TestPathAccess::test_type_check_multi_hop_reference_traversal PASSED [ 99%]
tests/test_townlet/unit/world/expression/test_type_checker.py::TestPathAccess::test_type_check_nested_reference_traversal PASSED [ 99%]
tests/test_townlet/unit/world/expression/test_type_checker.py::TestPathAccess::test_type_check_target_prefixed_multi_hop_reference PASSED [ 99%]
tests/test_townlet/unit/world/expression/test_type_checker.py::TestVariable::test_type_check_variable_in_schema PASSED [ 99%]
tests/test_townlet/unit/world/expression/test_type_checker.py::TestVariable::test_type_check_variable_not_in_schema PASSED [ 99%]
tests/test_townlet/unit/world/expression/test_type_checker.py::TestIntegration::test_integration_parse_and_typecheck PASSED [ 99%]
tests/test_townlet/unit/world/expression/test_type_checker.py::TestIntegration::test_integration_type_error_from_parsed_expr PASSED [ 99%]
tests/test_townlet/unit/world/expression/test_type_checker.py::TestIntegration::test_type_check_if_then_else PASSED [ 99%]
tests/test_townlet/unit/world/expression/test_type_checker.py::TestIntegration::test_type_check_if_non_bool_condition PASSED [ 99%]
tests/test_townlet/unit/world/expression/test_type_checker.py::TestIntegration::test_type_check_if_mismatched_branches PASSED [ 99%]
tests/test_townlet/unit/world/test_type_checker_functions.py::test_numeric_functions_type[max(bar, 1)-float] PASSED [ 99%]
tests/test_townlet/unit/world/test_type_checker_functions.py::test_numeric_functions_type[min(bar, 1)-float] PASSED [ 99%]
tests/test_townlet/unit/world/test_type_checker_functions.py::test_numeric_functions_type[abs(bar)-float] PASSED [ 99%]
tests/test_townlet/unit/world/test_type_checker_functions.py::test_numeric_functions_type[clamp(bar, 0.0, 1.0)-float] PASSED [ 99%]
tests/test_townlet/unit/world/test_type_checker_functions.py::test_numeric_functions_type[clamp(health, 0, 1)-int] PASSED [ 99%]
tests/test_townlet/unit/world/test_type_checker_functions.py::test_function_type_errors PASSED [ 99%]
tests/test_townlet/unit/world/types/test_primitive.py::TestScalarType::test_validate_valid PASSED [ 99%]
tests/test_townlet/unit/world/types/test_primitive.py::TestScalarType::test_validate_invalid_dtype PASSED [ 99%]
tests/test_townlet/unit/world/types/test_primitive.py::TestScalarType::test_validate_invalid_shape PASSED [ 99%]
tests/test_townlet/unit/world/types/test_primitive.py::TestBoolType::test_validate_valid PASSED [ 99%]
tests/test_townlet/unit/world/types/test_primitive.py::TestBoolType::test_validate_invalid_dtype PASSED [ 99%]
tests/test_townlet/unit/world/types/test_primitive.py::TestVec2Type::test_validate_valid PASSED [ 99%]
tests/test_townlet/unit/world/types/test_primitive.py::TestVec2Type::test_validate_invalid_shape PASSED [ 99%]
tests/test_townlet/unit/world/types/test_primitive.py::TestVec2Type::test_validate_invalid_dtype PASSED [ 99%]
tests/test_townlet/unit/world/types/test_primitive.py::TestVec3Type::test_validate_valid PASSED [ 99%]
tests/test_townlet/unit/world/types/test_primitive.py::TestVec3Type::test_validate_invalid_shape PASSED [ 99%]
tests/test_townlet/unit/world/types/test_primitive.py::TestVec4Type::test_validate_valid PASSED [ 99%]
tests/test_townlet/unit/world/types/test_primitive.py::TestVec4Type::test_validate_invalid_shape PASSED [100%]

=============================== warnings summary ===============================
tests/test_townlet/integration/test_substrate_factory_nd.py::TestFactoryEdgeCases::test_gridnd_max_dimensions
  /tmp/hamlet-static-epistemic-access/src/townlet/substrate/gridnd.py:70: UserWarning: GridND with 100 dimensions has 202 actions. Large action spaces may be challenging to train. Verify this is intentional for your research.
    warnings.warn(

tests/test_townlet/integration/test_substrate_factory_nd.py::TestFactoryEdgeCases::test_continuousnd_max_dimensions
  /tmp/hamlet-static-epistemic-access/src/townlet/substrate/continuousnd.py:83: UserWarning: ContinuousND with 100 dimensions has 202 actions. Large action spaces may be challenging to train. Verify this is intentional for your research.
    warnings.warn(

tests/test_townlet/unit/substrate/test_continuous_comprehensive.py::TestContinuousBounceEdgeCases::test_bounce_boundary_multiple_reflections_positive
tests/test_townlet/unit/substrate/test_continuous_comprehensive.py::TestContinuousBounceEdgeCases::test_bounce_boundary_exceed_half_reflection
  /tmp/hamlet-static-epistemic-access/src/townlet/substrate/continuous.py:100: UserWarning: interaction_radius (0.5) < movement_delta (1.0). Agent may step over affordances without interaction. This may be intentional for challenge, but verify configuration.
    warnings.warn(

tests/test_townlet/unit/substrate/test_continuousnd_comprehensive.py::TestContinuousNDActionGeneration::test_get_default_actions_10d_count
  /tmp/hamlet-static-epistemic-access/src/townlet/substrate/continuousnd.py:83: UserWarning: ContinuousND with 10 dimensions has 22 actions. Large action spaces may be challenging to train. Verify this is intentional for your research.
    warnings.warn(

tests/test_townlet/unit/substrate/test_continuousnd_comprehensive.py::TestContinuousNDActionGeneration::test_get_default_actions_description_includes_movement_delta
  /tmp/hamlet-static-epistemic-access/src/townlet/substrate/continuousnd.py:118: UserWarning: interaction_radius (1.0) < movement_delta (2.5). Agent may step over affordances without interaction. This may be intentional for challenge, but verify configuration.
    warnings.warn(

tests/test_townlet/unit/substrate/test_continuousnd_comprehensive.py::TestContinuousNDBounceEdgeCases::test_bounce_boundary_multiple_reflections_4d
tests/test_townlet/unit/substrate/test_continuousnd_comprehensive.py::TestContinuousNDBounceEdgeCases::test_bounce_boundary_negative_direction_4d
tests/test_townlet/unit/substrate/test_continuousnd_edge_cases.py::test_continuousnd_bounce_boundary_single_reflection
tests/test_townlet/unit/substrate/test_continuousnd_edge_cases.py::test_continuousnd_bounce_boundary_negative
tests/test_townlet/unit/substrate/test_continuousnd_edge_cases.py::test_continuousnd_sticky_boundary
tests/test_townlet/unit/substrate/test_continuousnd_edge_cases.py::test_continuousnd_negative_bounds
tests/test_townlet/unit/substrate/test_continuousnd_edge_cases.py::test_continuousnd_mixed_positive_negative_bounds
  /tmp/hamlet-static-epistemic-access/src/townlet/substrate/continuousnd.py:118: UserWarning: interaction_radius (0.5) < movement_delta (1.0). Agent may step over affordances without interaction. This may be intentional for challenge, but verify configuration.
    warnings.warn(

tests/test_townlet/unit/substrate/test_continuousnd_edge_cases.py::test_continuousnd_large_movement_delta
  /tmp/hamlet-static-epistemic-access/src/townlet/substrate/continuousnd.py:118: UserWarning: interaction_radius (1.0) < movement_delta (100.0). Agent may step over affordances without interaction. This may be intentional for challenge, but verify configuration.
    warnings.warn(

tests/test_townlet/unit/substrate/test_gridnd.py::test_gridnd_topology_is_hypercube_for_all_dimensions
  /tmp/hamlet-static-epistemic-access/src/townlet/substrate/gridnd.py:70: UserWarning: GridND with 10 dimensions has 22 actions. Large action spaces may be challenging to train. Verify this is intentional for your research.
    warnings.warn(

-- Docs: https://docs.pytest.org/en/stable/how-to/capture-warnings.html
================================ tests coverage ================================
_______________ coverage: platform linux, python 3.13.1-final-0 ________________

Name                                                    Stmts   Miss Branch BrPart  Cover   Missing
---------------------------------------------------------------------------------------------------
src/townlet/__init__.py                                     0      0      0      0   100%
src/townlet/agent/__init__.py                               0      0      0      0   100%
src/townlet/agent/loss_factory.py                          13      1      6      1    89%   42
src/townlet/agent/network_factory.py                       34      0      6      0   100%
src/townlet/agent/networks.py                             219      5     54      5    96%   243, 379, 381, 426, 428
src/townlet/agent/optimizer_factory.py                     45      2     16      2    93%   106, 162
src/townlet/agent/token_diagnostics.py                     74      3     32      5    92%   88, 127, 130, 174->177, 177->180
src/townlet/agent/token_input.py                           77      4     32      4    93%   67, 70, 75, 81
src/townlet/config/__init__.py                             11      0      0      0   100%
src/townlet/config/actions_config.py                       36      3      4      0    92%   112-114
src/townlet/config/affordance_masking.py                   30      1     10      1    95%   38
src/townlet/config/affordances_v2_config.py               104      7     20      5    90%   68, 87, 182, 233, 270, 295-296
src/townlet/config/bars_v2_config.py                       80      7     10      5    87%   66, 98, 132, 172, 182, 217-218
src/townlet/config/base.py                                 19      0      6      0   100%
src/townlet/config/brain_config.py                        225      9     82     10    94%   178, 283->292, 318, 321, 349, 400, 402, 404, 406, 414
src/townlet/config/capability_config.py                    53     53      8      0     0%   3-104
src/townlet/config/curriculum.py                            6      0      0      0   100%
src/townlet/config/curriculum_config.py                    29      0      8      0   100%
src/townlet/config/drive_as_code.py                       178      7     24      7    93%   46, 80, 82, 92, 99, 107, 648
src/townlet/config/effects_config.py                      153     12     60     16    87%   40->39, 42, 64->63, 66, 175, 189, 195, 200, 202, 204, 216, 219, 308, 314
src/townlet/config/environment_config.py                   78      0      2      1    99%   117->120
src/townlet/config/experiment_config.py                    24      3      0      0    88%   73-75
src/townlet/config/exploration.py                          14      1      2      1    88%   19
src/townlet/config/interaction_type.py                      6      0      0      0   100%
src/townlet/config/items_config.py                        127      7     26      7    91%   41, 43, 51, 54, 106, 184, 192
src/townlet/config/presentation_config.py                  32      0      0      0   100%
src/townlet/config/stratum_config.py                       92      4     26      4    93%   40, 52, 69, 164
src/townlet/config/training_v2_config.py                  171     11     26     10    89%   79, 270, 279, 301, 321, 380, 421, 431, 434, 437-438
src/townlet/config/transition_rules_config.py              53      1     12      2    95%   100->104, 149
src/townlet/config/variables_config.py                    177     28    114     28    81%   66, 72, 82, 88, 92, 99, 102, 104, 106, 109, 111, 114, 117, 126, 135->141, 138, 147, 151, 155, 157, 160-161, 173, 175, 178, 200, 202, 219, 224
src/townlet/curriculum/__init__.py                          0      0      0      0   100%
src/townlet/curriculum/adversarial.py                     213     26     52     13    85%   204-213, 229, 233, 237, 243, 247, 271, 275, 306, 369, 422-426, 475, 493, 495, 508, 521, 540, 543
src/townlet/curriculum/base.py                             18      5      0      0    72%   28, 53, 68, 73, 86
src/townlet/curriculum/factory.py                          21      2      6      2    85%   61, 70
src/townlet/curriculum/static.py                           54      3     12      3    91%   102, 113, 115
src/townlet/demo/__init__.py                                0      0      0      0   100%
src/townlet/demo/database.py                               89      4     18      0    96%   204-206, 257
src/townlet/demo/live_inference.py                        526    277    168     21    44%   99, 139-141, 149-153, 174, 185, 289-291, 418, 424-425, 444, 446, 448, 450, 497-531, 541, 544, 547, 551-559, 562-567, 571-575, 578-587, 591-596, 600-604, 613-614, 621-632, 636-784, 789-900, 920, 943, 965-1009, 1013-1035, 1044-1067, 1071-1087, 1091-1095, 1099-1167, 1192-1220
src/townlet/demo/presentation.py                           51      0     14      0   100%
src/townlet/demo/runner.py                                439     51    154     24    87%   113, 116, 123, 141, 190-193, 197-198, 208-212, 215->222, 218-219, 222->exit, 225-226, 249, 354, 479-492, 521-522, 539-559, 581->693, 613-623, 636->652, 638->637, 666-672, 745-761, 798->796, 851->857, 887->892, 928, 940->949, 946->949
src/townlet/demo/unified_server.py                        252    149     56      8    37%   67, 105-106, 116-198, 203, 218, 226, 282-283, 291-301, 305-313, 318->exit, 329-363, 441-514, 522-540
src/townlet/determinism.py                                  9      0      0      0   100%
src/townlet/effects/__init__.py                             9      0      0      0   100%
src/townlet/effects/affordance_identity.py                219     37    112     22    79%   59, 66, 68, 70, 87, 89, 91, 95, 97, 99, 102-106, 132, 234-238, 249, 262, 268-278, 316, 360, 371, 399, 409, 437
src/townlet/effects/catalog.py                             74      1     18      1    98%   147
src/townlet/effects/collections.py                         52      0     22      0   100%
src/townlet/effects/compiler.py                           253     27    154     29    86%   44-46, 72, 74, 76, 84, 94, 96, 98, 109, 133, 139, 146, 155, 163-165, 180->183, 183->398, 196, 206->212, 216, 251, 260, 283, 313, 316, 328, 336, 368, 370, 384->398
src/townlet/effects/context.py                            299     65    184     50    74%   98, 101, 104-109, 122, 125, 133, 146, 171, 176, 178, 187, 201, 209, 213, 219, 223, 232, 238, 246, 251, 255-272, 278, 286, 289, 294, 301, 309-311, 316, 326, 334, 338, 340, 351, 354, 358, 361, 366, 368, 374, 377, 384, 389, 392, 398, 403, 406, 408->410, 415, 425
src/townlet/effects/executor.py                           476     82    278     57    80%   73, 83, 86, 92, 94-99, 168, 170, 235, 248, 253, 257, 262, 266, 270, 295, 305, 310, 315, 322, 325, 329, 350, 353, 360->367, 370-372, 390-393, 395-398, 400-404, 412, 417, 426, 430, 484, 486, 494, 520-525, 528, 538, 541, 557, 569-573, 583, 589-590, 605, 617, 621, 628, 643, 662, 667, 677, 680, 695-696, 725->731, 729-730, 732, 734, 759-761
src/townlet/effects/manager.py                            245     16    120     18    90%   274->276, 277->exit, 281->283, 324, 333->exit, 344, 354->exit, 360, 365->exit, 393->397, 406->exit, 411, 455-460, 462-466, 488->442, 491, 502->519, 531->551
src/townlet/effects/parser.py                              59      4     32      3    92%   46, 86->97, 91-92, 147
src/townlet/effects/scheduler.py                           48      2     14      2    94%   42, 66
src/townlet/effects/schema.py                              77      0     12      0   100%
src/townlet/environment/__init__.py                         0      0      0      0   100%
src/townlet/environment/action_builder.py                  36      4      8      1    89%   58, 62, 70, 74
src/townlet/environment/action_config.py                   26      0      6      0   100%
src/townlet/environment/action_executor.py                171     20     94     14    86%   36, 39, 42, 45-46, 56->54, 66-67, 69->81, 81->120, 86-87, 89->82, 105-106, 108->101, 123-124, 140->161, 152->150, 196, 199-208, 226
src/townlet/environment/action_labels.py                   68      1     26      1    98%   359
src/townlet/environment/action_mask_builder.py            113     11     68     18    84%   87-88, 90->112, 95, 97->112, 100, 115-116, 119-120, 123, 128->130, 130->112, 154->158, 158->162, 162->166, 166->171, 176, 181->185, 184, 185->191, 187->191, 201->208, 208->211
src/townlet/environment/affordance_engine.py              155     12     62      9    89%   186, 189, 277, 280, 286, 352, 354, 451, 463-471
src/townlet/environment/affordance_layout.py               27     27     16      0     0%   11-73
src/townlet/environment/dac_engine.py                     432     36    154     18    88%   128, 175->174, 210-213, 236->235, 267-270, 302-305, 336-339, 358->367, 368-371, 397-400, 437-440, 807->459, 887, 890-892, 896, 900, 904, 921->920
src/townlet/environment/env_factory.py                     33      2     16      2    92%   42, 66
src/townlet/environment/null_managers.py                   12      5      0      0    58%   47, 57-58, 66-67
src/townlet/environment/observation_encoder.py            107      3     62      4    96%   60->65, 74, 153, 219
src/townlet/environment/reward_calculator.py               20      0      4      0   100%
src/townlet/environment/substrate_action_validator.py      62     10     28      5    79%   45-46, 65, 71, 84, 87-97, 102
src/townlet/environment/token_publishers.py               611     48    200     44    88%   104, 109->130, 166, 168-175, 216->203, 258-260, 268-269, 274, 284, 286, 369->exit, 373, 405, 413->exit, 451, 457, 464, 474, 510, 516, 581, 618, 638, 681, 695, 699, 702, 711, 713, 716, 788, 819, 829, 835, 850, 857, 882, 945, 960, 967, 978, 990, 996, 1003, 1036, 1058->1056
src/townlet/environment/vectorized_env.py                 678     60    274     48    88%   96, 121, 132, 143, 154, 169, 216, 226->224, 238, 244-246, 444-448, 458, 461, 464, 466-472, 475-478, 481, 503-504, 640, 824->832, 827, 832->843, 890, 900, 904-905, 934, 937, 953, 956, 960, 1000, 1014, 1021, 1232, 1290, 1331, 1350, 1433, 1443, 1453, 1471, 1505, 1514, 1523, 1535, 1542-1543, 1547, 1551, 1575, 1590->1614, 1642
src/townlet/exploration/__init__.py                         0      0      0      0   100%
src/townlet/exploration/action_selection.py                26      0      6      0   100%
src/townlet/exploration/adaptive_intrinsic.py              59      0      6      0   100%
src/townlet/exploration/base.py                            20      5      0      0    75%   48, 72, 89, 105, 118
src/townlet/exploration/epsilon_greedy.py                  25      0      0      0   100%
src/townlet/exploration/rnd.py                             99      0     12      0   100%
src/townlet/items/__init__.py                               5      0      0      0   100%
src/townlet/items/action_handlers.py                      143     16     78     15    85%   24, 86, 93-96, 135, 221, 246, 274-275, 286->282, 309, 315, 320->328, 323, 325->320, 329, 336->340, 341, 374
src/townlet/items/instance.py                              23      0      2      0   100%
src/townlet/items/inventory.py                             52      6     12      3    86%   63, 67, 126, 158-162
src/townlet/items/manager.py                              547     88    312     61    79%   234->exit, 241-251, 263, 268, 273, 281, 284, 290, 292, 303, 308, 310, 315, 349, 355, 416, 421, 428->435, 430->435, 481->494, 483->494, 485->494, 488-491, 499, 523->551, 529-546, 576, 614, 640, 681, 683, 690->695, 694, 695->707, 697, 704, 710, 716, 738-744, 747-758, 765->770, 769, 776, 779, 785, 798, 804, 808, 848, 919-920, 926->942, 928, 931, 935->942, 950, 954, 956-957, 981->910, 983, 985-986, 988-989
src/townlet/numeric.py                                     21      3      6      1    85%   13-14, 26
src/townlet/oracle/__init__.py                              2      0      0      0   100%
src/townlet/oracle/driver.py                               71     17     14      0    80%   172-198
src/townlet/oracle/harness.py                             217      8     94      3    95%   118-119, 331-332, 478->483, 639-642
src/townlet/oracle/matrix.py                               91      0     28      0   100%
src/townlet/oracle/trace_io.py                            128      1     48      2    98%   236->254, 296
src/townlet/population/__init__.py                          0      0      0      0   100%
src/townlet/population/base.py                             10      2      0      0    80%   52, 69
src/townlet/population/runtime_registry.py                 62      0      8      0   100%
src/townlet/population/vectorized.py                      843    126    390     77    81%   354->352, 373, 387->exit, 428-429, 442, 447, 709-711, 769->775, 935-938, 962, 970, 980-985, 1013-1021, 1044-1059, 1128->exit, 1152, 1205, 1208-1210, 1222, 1232, 1237-1239, 1244, 1258, 1273, 1275, 1277, 1290, 1294-1296, 1313, 1315, 1325, 1333, 1338, 1340, 1348, 1351, 1355-1357, 1361, 1364, 1367, 1370, 1375, 1379, 1385-1393, 1401-1407, 1410, 1418, 1420->1422, 1433, 1435-1444, 1464, 1471, 1475, 1481, 1484, 1486, 1497, 1499, 1504, 1507, 1519, 1526, 1537-1538, 1554, 1558->1543, 1562, 1565, 1570, 1585, 1615, 1622, 1639, 1650, 1667, 1672, 1682, 1704, 1843->exit
src/townlet/recording/__init__.py                           0      0      0      0   100%
src/townlet/recording/__main__.py                          49     49      6      0     0%   9-143
src/townlet/recording/criteria.py                         103      2     46      4    96%   126, 174->185, 185->193, 204
src/townlet/recording/data_structures.py                   41      0      2      0   100%
src/townlet/recording/recorder.py                          95      4     24      2    93%   114, 215-220
src/townlet/recording/replay.py                            82      9     14      4    86%   62-63, 86-88, 97, 159, 174, 216
src/townlet/recording/video_export.py                      89      0     18      0   100%
src/townlet/recording/video_renderer.py                   137      5     24      2    96%   76-79, 161
src/townlet/substrate/__init__.py                           9      0      0      0   100%
src/townlet/substrate/aspatial.py                          38      3      0      0    92%   92, 113, 117
src/townlet/substrate/base.py                              65     13     12      2    81%   40, 42, 82, 99, 143, 157, 176, 198, 226, 243, 264, 278, 299
src/townlet/substrate/continuous.py                       197     15     60      9    90%   60, 88, 94, 190->160, 209->exit, 260-273, 289, 487->493, 489, 510, 519
src/townlet/substrate/continuousnd.py                     146     12     50      3    91%   140, 215->187, 246->exit, 265-278, 282, 310, 362
src/townlet/substrate/factory.py                           42      4     22      4    88%   60, 71, 118, 145
src/townlet/substrate/grid2d.py                           118     10     28      5    90%   58, 61, 64, 129->137, 157->exit, 346-363, 379, 472
src/townlet/substrate/grid3d.py                           123     11     38      6    89%   68, 81, 122->127, 135->exit, 362-379, 395, 412, 471, 482->485, 489
src/townlet/substrate/gridnd.py                           156      8     58      4    94%   168->173, 199->exit, 313-330, 334, 398, 414->420, 494
src/townlet/training/__init__.py                            0      0      0      0   100%
src/townlet/training/checkpoint_utils.py                  280     36    132     23    85%   68, 101, 104-106, 110, 118, 120, 126, 149, 250, 268, 279, 281, 283, 297, 299, 309, 311, 321, 323, 333, 335, 378, 430, 674-681, 693-702
src/townlet/training/prioritized_replay_buffer.py         361     39    122     35    84%   164, 168, 173, 175, 179, 184, 186, 188, 192, 199, 208, 210, 283, 285, 496, 498, 507, 514, 518, 520, 564, 566, 572, 576, 579, 585, 591, 594, 596, 599-602, 621, 624, 626, 630, 662, 734
src/townlet/training/replay_buffer.py                     341     29    104     29    87%   132, 134, 136, 138, 140, 142, 146, 160, 162, 164, 166, 168, 170, 177, 186, 188, 259->263, 263->267, 268-270, 468, 474, 480, 482, 514, 522, 529, 534, 537, 543
src/townlet/training/sequential_replay_buffer.py          240     36    126     32    81%   88, 170, 175, 184, 186, 188, 190, 192, 194, 196, 198, 200, 202, 204, 209, 220-221, 225, 229, 383, 385, 392, 402, 438, 440, 448, 451-453, 459, 464, 468, 473, 477, 503, 530
src/townlet/training/state.py                              60      3      0      0    95%   114, 124, 129
src/townlet/training/tensorboard_logger.py                128      5     46      1    95%   115, 341-345
src/townlet/universe/__init__.py                            2      0      0      0   100%
src/townlet/universe/__main__.py                          132     12     38     10    86%   85, 101->107, 127, 146->148, 148->150, 151, 159-164, 167, 203, 227-230
src/townlet/universe/compiled.py                          503     46    194     40    87%   263, 273, 288, 315, 557, 599, 624, 661, 705, 707, 739, 758, 765, 799, 811, 859, 865, 928, 933, 952, 957, 972, 977, 990, 994, 999, 1004, 1008, 1013, 1355->1358, 1360, 1364, 1367-1372, 1375, 1378, 1381-1382, 1385, 1387, 1389, 1392, 1395, 1407
src/townlet/universe/compiler.py                          248     19     44      9    89%   136, 221, 377, 537, 549-558, 605, 618-623, 649, 652, 661, 679
src/townlet/universe/compilers/__init__.py                  0      0      0      0   100%
src/townlet/universe/compilers/actions.py                 127      7     74      9    92%   73->95, 82, 110, 131, 137-138, 146, 152, 159->180, 177->161
src/townlet/universe/compilers/effects.py                  43      0     20      0   100%
src/townlet/universe/compilers/metadata.py                 72      3     16      1    95%   103, 152-153
src/townlet/universe/compilers/observation.py              41      2     10      2    92%   128, 131
src/townlet/universe/compilers/optimization.py             45      1     16      2    95%   44->46, 47
src/townlet/universe/compilers/vfs.py                     114     20     64      5    78%   25, 148, 183-192, 212->220, 216->220, 224-234
src/townlet/universe/declarations.py                      394     31    204     25    91%   66, 68, 142->130, 147-148, 161, 165, 188, 190-191, 193-194, 297, 299, 302, 318, 324-327, 340, 352-353, 419, 425, 439, 492, 499, 520, 524, 530, 535->537, 556
src/townlet/universe/dto/__init__.py                        5      0      0      0   100%
src/townlet/universe/dto/action_metadata.py                95      9     24      8    86%   49, 53, 58, 63, 96, 112, 114, 116, 118
src/townlet/universe/dto/affordance_metadata.py            25      1      6      1    94%   23
src/townlet/universe/dto/meter_metadata.py                 20      0      4      0   100%
src/townlet/universe/dto/token_spec.py                    789     63    342     64    89%   216, 218, 251, 261, 263, 265, 277->exit, 293, 298, 304, 405, 407, 409, 411, 420, 469, 478, 484, 492, 500->exit, 516, 518, 520, 537, 539, 541, 567, 609, 623, 691, 696, 732, 756, 758, 760, 944, 969, 981, 988, 994, 1000, 1017, 1027, 1039, 1041, 1043, 1045, 1065, 1067, 1087, 1129, 1175, 1222, 1228, 1290, 1300, 1313, 1329, 1356, 1464, 1563, 1571, 1609, 1706, 1709
src/townlet/universe/dto/universe_metadata.py              39      0      0      0   100%
src/townlet/universe/error_codes.py                        66      0      0      0   100%
src/townlet/universe/errors.py                             65      6     20      1    89%   49-50, 71, 87-90
src/townlet/universe/loaders/__init__.py                    0      0      0      0   100%
src/townlet/universe/loaders/preflight.py                  15      1      6      1    90%   37
src/townlet/universe/loaders/v21.py                         5      0      0      0   100%
src/townlet/universe/optimization.py                        9      0      0      0   100%
src/townlet/universe/pipeline.py                           19      0      0      0   100%
src/townlet/universe/raw_configs_v21.py                   115      4     18      2    95%   64, 96, 124->142, 129-130
src/townlet/universe/source_map.py                         41      3     18      1    90%   51, 55-56
src/townlet/universe/stages.py                             18      0      0      0   100%
src/townlet/universe/symbol_table.py                       95     17     28      4    81%   49, 68, 72, 80, 86, 89, 92-94, 97, 100, 103, 106, 110, 114, 122, 125
src/townlet/universe/token_hashes.py                       33      0      4      0   100%
src/townlet/universe/validation/__init__.py                 0      0      0      0   100%
src/townlet/universe/validation/feasibility.py             16      0      6      0   100%
src/townlet/universe/validation/limits.py                  49      0     20      0   100%
src/townlet/universe/validation/references.py             143     34    124     22    70%   72, 96->84, 99, 109-111, 132->134, 135, 147, 157, 165-167, 175-178, 186-188, 196-198, 206-208, 216-218, 226-229, 236->143, 238->240, 241, 273, 281, 297->291, 322->321
src/townlet/universe/validation/semantics.py              171     17    112     16    88%   47-48, 71, 90, 113, 119, 133, 139, 148, 209->211, 212, 222->224, 225, 261, 268, 316-321, 324, 331
src/townlet/universe/validation/static_access.py           87      4     70      4    95%   42, 77, 93, 96
src/townlet/vfs/__init__.py                                11      0      0      0   100%
src/townlet/vfs/access_policy.py                           21      4     20      4    80%   15, 19, 21, 27
src/townlet/vfs/communication.py                            7      1      2      1    78%   13
src/townlet/vfs/dynamic_needs.py                           12      0      2      0   100%
src/townlet/vfs/evaluator.py                               99      9     50      9    87%   51, 64, 66, 74-78, 80->70, 88, 139, 228->232, 232->235
src/townlet/vfs/generalisation.py                         215     28     90     11    83%   171, 173, 300-301, 318, 329, 336-371, 376, 397, 400, 403, 411, 439-446
src/townlet/vfs/history.py                                 65     11     26      3    82%   14-16, 21, 45, 48-50, 53-54, 76
src/townlet/vfs/profiles.py                               197     15     94     16    89%   83->exit, 161, 166, 168, 170, 172, 174, 327, 360, 365, 368, 372, 391, 398, 401, 424
src/townlet/vfs/registry.py                               581     78    266     45    82%   100->exit, 102->exit, 104->exit, 106->exit, 190, 271, 277, 283-284, 295, 297, 302, 304, 322, 333->335, 339-343, 348, 352, 363->365, 369-379, 402, 414->420, 581, 603, 615, 638-642, 734, 771, 773-776, 785->789, 794, 813-828, 836-844, 850, 854-855, 875, 880, 950, 958, 962->961, 983, 1009, 1031, 1033, 1036, 1058, 1060, 1063, 1078
src/townlet/vfs/relational.py                               7      0      0      0   100%
src/townlet/vfs/schema.py                                 172     21     92     21    84%   173, 182, 184, 189, 191, 203, 210, 216, 220, 222, 224, 323, 325, 327, 488, 490, 494, 496, 498, 500, 503
src/townlet/vfs/schema_hashes.py                          109      1     66      1    99%   216
src/townlet/vfs/semantic_type.py                           11      3      2      0    62%   58-64
src/townlet/vfs/transition_graph.py                        30      1      8      1    95%   37
src/townlet/vfs/transition_schedule.py                    155     10     40      6    91%   93, 133, 219, 300, 302, 321, 350, 374-376
src/townlet/vfs/vtc.py                                   1591    209    608    170    81%   24->exit, 27->exit, 30->exit, 33->exit, 40->exit, 43->exit, 46->exit, 49->exit, 56->exit, 59->exit, 62->exit, 69->exit, 72->exit, 75->exit, 78->exit, 81->exit, 88->exit, 91->exit, 98->exit, 101->exit, 104->exit, 111->exit, 114->exit, 121->exit, 124->exit, 127->exit, 130->exit, 137->exit, 140->exit, 143->exit, 146->exit, 149->exit, 152->exit, 445, 450, 486->488, 515, 629, 635, 640, 662, 674, 678, 693, 695, 702, 707, 712, 716, 740, 742, 744, 758, 776, 782, 788, 795, 801, 807-808, 813, 868, 876, 910, 913, 921, 925-929, 941, 946-951, 956, 958, 964, 984, 986, 997, 999, 1031-1033, 1036->1038, 1052, 1064, 1066, 1076, 1107-1109, 1112->1114, 1138, 1160, 1174, 1199, 1213-1215, 1234-1235, 1237, 1255, 1262-1264, 1276, 1367, 1387, 1389, 1394, 1398, 1400, 1410, 1418, 1442, 1446, 1455, 1477, 1479, 1482, 1501, 1508, 1536-1538, 1541->1543, 1569, 1617, 1641-1646, 1664-1671, 1704, 1755-1773, 1794, 1800, 1806, 1812, 1815, 1851, 1853, 1857, 1865, 1867, 1928, 1932-1933, 1937, 1941, 1947, 1952, 1957, 1979-1988, 2011, 2014, 2016, 2018, 2020, 2022, 2024, 2026, 2028, 2030, 2051, 2055, 2305, 2307, 2337, 2599, 2644-2648, 2657, 2763, 2769, 2772, 2947, 2980-2983, 3009-3014, 3025, 3029, 3051->3081, 3056->3081, 3059, 3061-3062, 3065-3079, 3092, 3098, 3122->3121, 3131-3134, 3137, 3143, 3157
src/townlet/vfs/vtc_kernels.py                             26      0      6      2    94%   38->40, 56->59
src/townlet/world/__init__.py                               3      0      0      0   100%
src/townlet/world/expression/__init__.py                    6      0      0      0   100%
src/townlet/world/expression/ast_nodes.py                 100      2      0      0    98%   288, 309
src/townlet/world/expression/context.py                   232     55    134     39    70%   56, 68, 78, 81-88, 92, 103-105, 107-111, 114, 124, 134, 136, 152, 156, 160, 170, 174, 176, 178, 180, 194, 197, 206, 211, 215, 221, 223-226, 230-232, 236, 241, 246, 268->267, 283, 286, 291, 297->299, 304-305, 307, 312, 314
src/townlet/world/expression/evaluator.py                  74      4     34      4    93%   60, 62, 80, 93
src/townlet/world/expression/functions.py                 324     55     94     28    75%   31, 33, 47-48, 53, 58, 64-66, 71, 100, 107, 114-115, 120-124, 130, 160, 169, 177, 180, 189-191, 196, 208, 707, 713, 718-720, 724-726, 750, 764-766, 771, 970-976, 988, 991, 1013, 1015, 1025, 1034
src/townlet/world/expression/history.py                   143     41     58     16    65%   36, 38, 40, 58, 77, 79, 94, 99, 102, 104, 115, 125, 131, 135-146, 150, 159, 165, 169-173, 178-188
src/townlet/world/expression/parser.py                     93      3     18      3    95%   160, 189, 210
src/townlet/world/expression/type_checker.py              163     35     86     13    76%   107, 154, 164, 172, 186, 192, 196, 202, 209, 216-222, 226-230, 234-238, 303, 318, 352, 356, 420-425
src/townlet/world/types/__init__.py                         2      0      0      0   100%
src/townlet/world/types/primitive.py                       20      1      0      0    95%   28
---------------------------------------------------------------------------------------------------
TOTAL                                                   21648   2611   8256   1478    85%

---------------------------------------------------------------------------------------------------- benchmark: 6 tests ---------------------------------------------------------------------------------------------------
Name (time in us)                           Min                    Max                  Mean              StdDev                Median                 IQR             Outliers           OPS            Rounds  Iterations
---------------------------------------------------------------------------------------------------------------------------------------------------------------------------------------------------------------------------
test_effects_tick                        1.0020 (1.0)          47.7990 (1.0)          1.1454 (1.0)        0.4251 (1.0)          1.0920 (1.0)        0.0400 (1.0)      7203;8117  873,067.0571 (1.0)      120411           1
test_evaluate_simple_expression          5.7910 (5.78)        646.8520 (13.53)        7.4803 (6.53)       5.4162 (12.74)        7.3040 (6.69)       0.2600 (6.49)        44;851  133,685.0109 (0.15)      16238           1
test_vfs_evaluation                      7.3039 (7.29)         49.6019 (1.04)         8.6793 (7.58)       2.4338 (5.73)         7.6441 (7.00)       0.3109 (7.76)     1522;1656  115,216.4286 (0.13)       8385           1
test_evaluate_complex_expression        14.1769 (14.15)       467.0940 (9.77)        17.0392 (14.88)      7.4210 (17.46)       16.6610 (15.26)      0.7520 (18.78)       44;458   58,688.3509 (0.07)      10620           1
test_batch_expression_evaluation       759.5321 (758.03)   10,012.1710 (209.46)   1,043.4669 (911.02)   823.0472 (>1000.0)    921.6260 (844.00)    53.4447 (>1000.0)      21;83      958.3438 (0.00)        903           1
test_parse_simple_expression         1,016.4829 (>1000.0)   3,317.1930 (69.40)    1,892.1825 (>1000.0)  341.6260 (803.71)   1,912.3009 (>1000.0)  410.4530 (>1000.0)      23;12      528.4902 (0.00)        217           1
---------------------------------------------------------------------------------------------------------------------------------------------------------------------------------------------------------------------------

-------------------------------------------------------------------------------------- benchmark 'action-mask': 4 tests --------------------------------------------------------------------------------------
Name (time in us)                   Min                   Max                  Mean              StdDev                Median                IQR            Outliers         OPS            Rounds  Iterations
--------------------------------------------------------------------------------------------------------------------------------------------------------------------------------------------------------------
test_action_mask_build[1]      183.0020 (1.0)      6,332.1590 (2.94)       273.3594 (1.0)      334.8594 (4.07)       206.4171 (1.0)      93.8399 (2.90)        30;41  3,658.1871 (1.0)        1983           1
test_action_mask_build[4]      221.4240 (1.21)     2,155.1461 (1.0)        444.5958 (1.63)      82.2004 (1.0)        471.2730 (2.28)     58.2423 (1.80)      609;540  2,249.2342 (0.61)       2541           1
test_action_mask_build[16]     284.7731 (1.56)     3,650.2760 (1.69)       526.8630 (1.93)     101.5408 (1.24)       539.0791 (2.61)     32.3482 (1.0)       132;217  1,898.0265 (0.52)       1605           1
test_action_mask_build[64]     522.3990 (2.85)     5,052.7130 (2.34)     1,008.1327 (3.69)     340.3872 (4.14)     1,042.6131 (5.05)     83.4785 (2.58)      210;265    991.9329 (0.27)       1421           1
--------------------------------------------------------------------------------------------------------------------------------------------------------------------------------------------------------------

--------------------------------------------------------------------------------------- benchmark 'env-step': 2 tests ---------------------------------------------------------------------------------------
Name (time in us)                Min                    Max                  Mean                StdDev                Median                 IQR            Outliers       OPS            Rounds  Iterations
-------------------------------------------------------------------------------------------------------------------------------------------------------------------------------------------------------------
test_vfs_enabled_step       796.3820 (1.0)       2,674.9290 (1.0)      1,082.8857 (1.0)        266.6872 (1.0)        951.3720 (1.0)      447.2520 (1.0)         125;4  923.4585 (1.0)         584           1
test_baseline_step        1,307.7901 (1.64)     22,419.7900 (8.38)     2,099.7469 (1.94)     1,110.0913 (4.16)     2,115.3470 (2.22)     630.0090 (1.41)          6;6  476.2479 (0.52)        498           1
-------------------------------------------------------------------------------------------------------------------------------------------------------------------------------------------------------------

----------------------------------------------------------------------------- benchmark 'env-step-scale': 4 tests -----------------------------------------------------------------------------
Name (time in ms)                    Min                Max              Mean            StdDev            Median               IQR            Outliers       OPS            Rounds  Iterations
-----------------------------------------------------------------------------------------------------------------------------------------------------------------------------------------------
test_baseline_step_scales[1]      1.2706 (1.0)       2.8600 (1.0)      1.8296 (1.0)      0.3878 (1.0)      1.9579 (1.03)     0.7455 (1.0)         260;0  546.5808 (1.0)         592           1
test_baseline_step_scales[4]      1.3029 (1.03)      8.1867 (2.86)     1.9221 (1.05)     0.7801 (2.01)     1.8951 (1.0)      0.8503 (1.14)        30;18  520.2649 (0.95)        613           1
test_baseline_step_scales[16]     1.3163 (1.04)     17.3972 (6.08)     2.7731 (1.52)     1.8606 (4.80)     2.2065 (1.16)     0.9253 (1.24)        80;84  360.6130 (0.66)        445           1
test_baseline_step_scales[64]     1.4574 (1.15)     20.1571 (7.05)     3.3001 (1.80)     1.7369 (4.48)     2.6824 (1.42)     1.4743 (1.98)        93;12  303.0168 (0.55)        391           1
-----------------------------------------------------------------------------------------------------------------------------------------------------------------------------------------------

------------------------------------------------------------------------------------------- benchmark 'reward': 4 tests --------------------------------------------------------------------------------------------
Name (time in us)                          Min                   Max                Mean              StdDev              Median                 IQR            Outliers  OPS (Kops/s)            Rounds  Iterations
--------------------------------------------------------------------------------------------------------------------------------------------------------------------------------------------------------------------
test_calculate_shaped_rewards[64]     104.6871 (1.0)      6,436.8551 (3.50)     205.5126 (1.48)     310.3907 (9.94)     197.6000 (1.45)     109.9460 (18.24)       21;23        4.8659 (0.67)       3782           1
test_calculate_shaped_rewards[1]      121.9480 (1.16)     3,373.1980 (1.84)     202.9603 (1.46)     177.7531 (5.69)     202.3281 (1.48)      55.0408 (9.13)        22;28        4.9271 (0.68)       2877           1
test_calculate_shaped_rewards[4]      125.7060 (1.20)     1,837.0310 (1.0)      138.6698 (1.0)       31.2177 (1.0)      136.3551 (1.0)        6.0285 (1.0)        33;140        7.2114 (1.0)        3563           1
test_calculate_shaped_rewards[16]     152.2249 (1.45)     3,994.3709 (2.17)     201.6330 (1.45)     136.3749 (4.37)     195.1951 (1.43)      17.3154 (2.87)       12;106        4.9595 (0.69)       2809           1
--------------------------------------------------------------------------------------------------------------------------------------------------------------------------------------------------------------------

---------------------------------------------------------------------------------------------- benchmark 'vtc-runner': 12 tests ---------------------------------------------------------------------------------------------
Name (time in us)                                  Min                    Max                Mean              StdDev              Median                 IQR            Outliers  OPS (Kops/s)            Rounds  Iterations
-----------------------------------------------------------------------------------------------------------------------------------------------------------------------------------------------------------------------------
test_vtc_interaction_progress_program[1]       18.2940 (1.0)         800.4589 (1.94)      25.0798 (1.0)        8.5397 (1.0)       24.7270 (1.0)        2.7250 (1.0)       141;551       39.8728 (1.0)       15564           1
test_vtc_interaction_progress_program[4]       20.2579 (1.11)      6,096.3581 (14.75)     46.5049 (1.85)     169.8216 (19.89)     39.9350 (1.62)       4.6481 (1.71)      50;1510       21.5031 (0.54)      19707           1
test_vtc_interaction_progress_program[16]      55.2940 (3.02)     10,527.2370 (25.48)    146.8707 (5.86)     374.6092 (43.87)    113.4319 (4.59)      26.7575 (9.82)       95;276        6.8087 (0.17)       6207           1
test_vtc_passive_depletion[1]                 122.2191 (6.68)      9,123.2969 (22.08)    218.2014 (8.70)     241.2890 (28.25)    228.5980 (9.24)     102.7278 (37.70)       13;16        4.5829 (0.11)       2895           1
test_vtc_passive_depletion[16]                125.1140 (6.84)        413.2240 (1.0)      209.8584 (8.37)      48.2328 (5.65)     205.1400 (8.30)      44.0731 (16.17)    1497;382        4.7651 (0.12)       4178           1
test_vtc_passive_depletion[64]                134.1510 (7.33)        877.6441 (2.12)     220.0313 (8.77)      37.8972 (4.44)     206.3360 (8.34)      47.9840 (17.61)      496;19        4.5448 (0.11)       3223           1
test_vtc_threshold_cascades[1]                164.6290 (9.00)      6,514.6310 (15.77)    333.6849 (13.30)    290.9870 (34.07)    335.0026 (13.55)     88.6159 (32.52)       24;29        2.9968 (0.08)       2814           1
test_vtc_threshold_cascades[16]               167.2429 (9.14)        895.3371 (2.17)     250.0982 (9.97)      32.6874 (3.83)     253.1450 (10.24)     15.3037 (5.62)      404;392        3.9984 (0.10)       3111           1
test_vtc_threshold_cascades[64]               170.7500 (9.33)        652.3320 (1.58)     252.6641 (10.07)     85.0615 (9.96)     194.0490 (7.85)     165.7206 (60.81)       710;1        3.9578 (0.10)       2588           1
test_vtc_passive_depletion[4]                 193.1019 (10.56)     3,283.8500 (7.95)     265.4503 (10.58)     76.4137 (8.95)     262.7419 (10.63)     36.2463 (13.30)       41;44        3.7672 (0.09)       2539           1
test_vtc_interaction_progress_program[64]     193.8930 (10.60)     3,441.5950 (8.33)     400.3848 (15.96)    261.6977 (30.64)    396.2620 (16.03)     62.6095 (22.98)      30;166        2.4976 (0.06)       3013           1
test_vtc_threshold_cascades[4]                232.1841 (12.69)     3,361.5560 (8.13)     293.1772 (11.69)    201.9635 (23.65)    268.9535 (10.88)     41.1060 (15.08)      13;164        3.4109 (0.09)       2518           1
-----------------------------------------------------------------------------------------------------------------------------------------------------------------------------------------------------------------------------

Legend:
  Outliers: 1 Standard Deviation from Mean; 1.5 IQR (InterQuartile Range) from 1st Quartile and 3rd Quartile.
  OPS: Operations Per Second, computed as 1 / Mean
========== 4250 passed, 18 skipped, 15 warnings in 1561.29s (0:26:01) ==========
