episode,survival_steps_agent0,epsilon,intrinsic_weight,env_steps_all_agents,total_env_steps_cumulative
0,45,1.000000,1.000000,360,360
1,44,0.995000,1.000000,352,712
2,55,0.990025,1.000000,440,1152
3,46,0.985075,1.000000,368,1520
4,54,0.980150,1.000000,432,1952
5,46,0.975249,1.000000,368,2320
6,47,0.970373,1.000000,376,2696
7,46,0.965521,1.000000,368,3064
8,65,0.960693,1.000000,520,3584
9,45,0.955890,1.000000,360,3944
10,70,0.951110,1.000000,560,4504
11,62,0.946355,1.000000,496,5000
12,46,0.941623,1.000000,368,5368
13,44,0.936915,1.000000,352,5720
14,46,0.932230,1.000000,368,6088
15,45,0.927569,1.000000,360,6448
16,44,0.922931,1.000000,352,6800
17,46,0.918316,1.000000,368,7168
18,48,0.913725,1.000000,384,7552
19,69,0.909156,1.000000,552,8104
20,43,0.904610,1.000000,344,8448
21,46,0.900087,1.000000,368,8816
22,43,0.895587,1.000000,344,9160
23,45,0.891109,1.000000,360,9520
24,64,0.886654,1.000000,512,10032
25,68,0.882220,1.000000,544,10576
26,43,0.877809,1.000000,344,10920
27,64,0.873420,1.000000,512,11432
28,62,0.869053,1.000000,496,11928
29,43,0.864708,1.000000,344,12272
30,46,0.860384,1.000000,368,12640
31,63,0.856082,1.000000,504,13144
32,44,0.851802,1.000000,352,13496
33,47,0.847543,1.000000,376,13872
34,46,0.843305,1.000000,368,14240
35,52,0.839089,1.000000,416,14656
36,53,0.834893,1.000000,424,15080
37,55,0.830719,1.000000,440,15520
38,46,0.826565,1.000000,368,15888
39,58,0.822432,1.000000,464,16352
40,44,0.818320,1.000000,352,16704
41,47,0.814229,1.000000,376,17080
42,47,0.810157,1.000000,376,17456
43,49,0.806107,1.000000,392,17848
44,49,0.802076,1.000000,392,18240
45,50,0.798066,1.000000,400,18640
46,79,0.794075,1.000000,632,19272
47,45,0.790105,1.000000,360,19632
48,56,0.786154,1.000000,448,20080
49,77,0.782224,1.000000,616,20696
50,67,0.778313,1.000000,536,21232
51,47,0.774421,1.000000,376,21608
52,47,0.770549,1.000000,376,21984
53,73,0.766696,1.000000,584,22568
54,45,0.762863,1.000000,360,22928
55,49,0.759048,1.000000,392,23320
56,91,0.755253,1.000000,728,24048
57,78,0.751477,1.000000,624,24672
58,72,0.747719,1.000000,576,25248
59,46,0.743981,1.000000,368,25616
60,48,0.740261,1.000000,384,26000
61,45,0.736560,1.000000,360,26360
62,41,0.732877,1.000000,328,26688
63,49,0.729212,1.000000,392,27080
64,55,0.725566,1.000000,440,27520
65,48,0.721939,1.000000,384,27904
66,49,0.718329,1.000000,392,28296
67,46,0.714737,1.000000,368,28664
68,47,0.711164,1.000000,376,29040
69,44,0.707608,1.000000,352,29392
70,49,0.704070,1.000000,392,29784
71,42,0.700549,1.000000,336,30120
72,49,0.697047,1.000000,392,30512
73,52,0.693561,1.000000,416,30928
74,52,0.690094,1.000000,416,31344
75,47,0.686643,1.000000,376,31720
76,71,0.683210,1.000000,568,32288
77,56,0.679794,1.000000,448,32736
78,53,0.676395,1.000000,424,33160
79,46,0.673013,1.000000,368,33528
80,43,0.669648,1.000000,344,33872
81,65,0.666300,1.000000,520,34392
82,53,0.662968,1.000000,424,34816
83,48,0.659653,1.000000,384,35200
84,62,0.656355,1.000000,496,35696
85,51,0.653073,1.000000,408,36104
86,51,0.649808,1.000000,408,36512
87,48,0.646559,1.000000,384,36896
88,44,0.643326,1.000000,352,37248
89,70,0.640109,1.000000,560,37808
90,49,0.636909,1.000000,392,38200
91,46,0.633724,1.000000,368,38568
92,49,0.630556,1.000000,392,38960
93,47,0.627403,1.000000,376,39336
94,76,0.624266,1.000000,608,39944
95,49,0.621145,1.000000,392,40336
96,43,0.618039,1.000000,344,40680
97,49,0.614949,1.000000,392,41072
98,54,0.611874,1.000000,432,41504
99,57,0.608815,1.000000,456,41960
100,49,0.605770,1.000000,392,42352
101,71,0.602742,1.000000,568,42920
102,53,0.599728,1.000000,424,43344
103,49,0.596729,1.000000,392,43736
104,49,0.593746,1.000000,392,44128
105,47,0.590777,1.000000,376,44504
106,43,0.587823,1.000000,344,44848
107,50,0.584884,1.000000,400,45248
108,52,0.581959,1.000000,416,45664
109,49,0.579050,1.000000,392,46056
110,53,0.576154,1.000000,424,46480
111,47,0.573274,1.000000,376,46856
112,59,0.570407,1.000000,472,47328
113,51,0.567555,1.000000,408,47736
114,43,0.564717,1.000000,344,48080
115,46,0.561894,1.000000,368,48448
116,56,0.559084,1.000000,448,48896
117,43,0.556289,1.000000,344,49240
118,45,0.553508,1.000000,360,49600
119,71,0.550740,1.000000,568,50168
120,54,0.547986,1.000000,432,50600
121,55,0.545246,1.000000,440,51040
122,50,0.542520,1.000000,400,51440
123,47,0.539808,1.000000,376,51816
124,61,0.537108,1.000000,488,52304
125,56,0.534423,1.000000,448,52752
126,50,0.531751,1.000000,400,53152
127,57,0.529092,1.000000,456,53608
128,49,0.526447,1.000000,392,54000
129,76,0.523814,1.000000,608,54608
130,55,0.521195,1.000000,440,55048
131,47,0.518589,1.000000,376,55424
132,58,0.515996,1.000000,464,55888
133,52,0.513416,1.000000,416,56304
134,52,0.510849,1.000000,416,56720
135,42,0.508295,1.000000,336,57056
136,55,0.505754,1.000000,440,57496
137,88,0.503225,1.000000,704,58200
138,49,0.500709,1.000000,392,58592
139,48,0.498205,1.000000,384,58976
140,50,0.495714,1.000000,400,59376
141,49,0.493236,1.000000,392,59768
142,45,0.490769,1.000000,360,60128
143,39,0.488316,1.000000,312,60440
144,44,0.485874,1.000000,352,60792
145,52,0.483445,1.000000,416,61208
146,61,0.481027,1.000000,488,61696
147,55,0.478622,1.000000,440,62136
148,48,0.476229,1.000000,384,62520
149,52,0.473848,1.000000,416,62936
150,46,0.471479,1.000000,368,63304
151,45,0.469121,1.000000,360,63664
152,49,0.466776,1.000000,392,64056
153,60,0.464442,1.000000,480,64536
154,59,0.462120,1.000000,472,65008
155,53,0.459809,1.000000,424,65432
156,57,0.457510,1.000000,456,65888
157,57,0.455222,1.000000,456,66344
158,60,0.452946,1.000000,480,66824
159,54,0.450682,1.000000,432,67256
160,69,0.448428,1.000000,552,67808
161,49,0.446186,1.000000,392,68200
162,54,0.443955,1.000000,432,68632
163,55,0.441735,1.000000,440,69072
164,49,0.439527,1.000000,392,69464
165,63,0.437329,1.000000,504,69968
166,72,0.435142,1.000000,576,70544
167,59,0.432967,1.000000,472,71016
168,59,0.430802,1.000000,472,71488
169,53,0.428648,1.000000,424,71912
170,51,0.426505,1.000000,408,72320
171,47,0.424372,1.000000,376,72696
172,53,0.422250,1.000000,424,73120
173,58,0.420139,1.000000,464,73584
174,82,0.418038,1.000000,656,74240
175,57,0.415948,1.000000,456,74696
176,77,0.413868,1.000000,616,75312
177,42,0.411799,1.000000,336,75648
178,51,0.409740,1.000000,408,76056
179,76,0.407691,1.000000,608,76664
180,56,0.405653,1.000000,448,77112
181,51,0.403625,1.000000,408,77520
182,60,0.401606,1.000000,480,78000
183,47,0.399598,1.000000,376,78376
184,49,0.397600,1.000000,392,78768
185,63,0.395612,1.000000,504,79272
186,106,0.393634,1.000000,848,80120
187,60,0.391666,1.000000,480,80600
188,46,0.389708,1.000000,368,80968
189,46,0.387759,1.000000,368,81336
190,61,0.385821,1.000000,488,81824
191,65,0.383891,1.000000,520,82344
192,62,0.381972,1.000000,496,82840
193,51,0.380062,1.000000,408,83248
194,80,0.378162,1.000000,640,83888
195,55,0.376271,1.000000,440,84328
196,81,0.374390,1.000000,648,84976
197,101,0.372518,1.000000,808,85784
198,63,0.370655,1.000000,504,86288
199,107,0.368802,1.000000,856,87144
200,57,0.366958,1.000000,456,87600
201,141,0.365123,1.000000,1128,88728
202,95,0.363297,1.000000,760,89488
203,57,0.361481,1.000000,456,89944
204,94,0.359674,1.000000,752,90696
205,66,0.357875,1.000000,528,91224
206,56,0.356086,1.000000,448,91672
207,64,0.354305,1.000000,512,92184
208,67,0.352534,1.000000,536,92720
209,67,0.350771,1.000000,536,93256
210,65,0.349017,1.000000,520,93776
211,110,0.347272,1.000000,880,94656
212,56,0.345536,1.000000,448,95104
213,73,0.343808,1.000000,584,95688
214,102,0.342089,1.000000,816,96504
215,133,0.340379,1.000000,1064,97568
216,69,0.338677,1.000000,552,98120
217,102,0.336983,1.000000,816,98936
218,94,0.335298,1.000000,752,99688
219,85,0.333622,1.000000,680,100368
220,82,0.331954,1.000000,656,101024
221,76,0.330294,1.000000,608,101632
222,94,0.328643,1.000000,752,102384
223,77,0.326999,1.000000,616,103000
224,78,0.325364,1.000000,624,103624
225,71,0.323738,1.000000,568,104192
226,74,0.322119,1.000000,592,104784
227,78,0.320508,1.000000,624,105408
228,82,0.318906,1.000000,656,106064
229,80,0.317311,1.000000,640,106704
230,71,0.315725,1.000000,568,107272
231,82,0.314146,1.000000,656,107928
232,72,0.312575,1.000000,576,108504
233,78,0.311012,1.000000,624,109128
234,70,0.309457,1.000000,560,109688
235,79,0.307910,1.000000,632,110320
236,120,0.306371,1.000000,960,111280
237,71,0.304839,1.000000,568,111848
238,72,0.303315,1.000000,576,112424
239,107,0.301798,1.000000,856,113280
240,72,0.300289,1.000000,576,113856
241,75,0.298788,1.000000,600,114456
242,76,0.297294,1.000000,608,115064
243,102,0.295807,1.000000,816,115880
244,78,0.294328,1.000000,624,116504
245,80,0.292856,1.000000,640,117144
246,80,0.291392,1.000000,640,117784
247,74,0.289935,1.000000,592,118376
248,78,0.288486,1.000000,624,119000
249,120,0.287043,1.000000,960,119960
250,114,0.285608,1.000000,912,120872
251,100,0.284180,1.000000,800,121672
252,84,0.282759,1.000000,672,122344
253,78,0.281345,1.000000,624,122968
254,97,0.279938,1.000000,776,123744
255,76,0.278539,1.000000,608,124352
256,135,0.277146,1.000000,1080,125432
257,76,0.275760,1.000000,608,126040
258,116,0.274382,1.000000,928,126968
259,74,0.273010,1.000000,592,127560
260,104,0.271645,1.000000,832,128392
261,115,0.270286,1.000000,920,129312
262,72,0.268935,1.000000,576,129888
263,80,0.267590,1.000000,640,130528
264,87,0.266252,1.000000,696,131224
265,131,0.264921,1.000000,1048,132272
266,111,0.263596,1.000000,888,133160
267,78,0.262278,1.000000,624,133784
268,78,0.260967,1.000000,624,134408
269,82,0.259662,1.000000,656,135064
270,109,0.258364,1.000000,872,135936
271,79,0.257072,1.000000,632,136568
272,74,0.255787,1.000000,592,137160
273,107,0.254508,1.000000,856,138016
274,92,0.253235,1.000000,736,138752
275,76,0.251969,1.000000,608,139360
276,78,0.250709,1.000000,624,139984
277,76,0.249456,1.000000,608,140592
278,76,0.248208,1.000000,608,141200
279,78,0.246967,1.000000,624,141824
280,147,0.245733,1.000000,1176,143000
281,151,0.244504,1.000000,1208,144208
282,121,0.243281,1.000000,968,145176
283,75,0.242065,1.000000,600,145776
284,76,0.240855,1.000000,608,146384
285,96,0.239650,1.000000,768,147152
286,96,0.238452,1.000000,768,147920
287,106,0.237260,1.000000,848,148768
288,78,0.236074,1.000000,624,149392
289,99,0.234893,1.000000,792,150184
290,151,0.233719,1.000000,1208,151392
291,91,0.232550,1.000000,728,152120
292,80,0.231387,1.000000,640,152760
293,96,0.230230,1.000000,768,153528
294,153,0.229079,1.000000,1224,154752
295,113,0.227934,1.000000,904,155656
296,151,0.226794,1.000000,1208,156864
297,86,0.225660,1.000000,688,157552
298,127,0.224532,1.000000,1016,158568
299,78,0.223409,1.000000,624,159192
300,84,0.222292,1.000000,672,159864
301,76,0.221181,1.000000,608,160472
302,143,0.220075,1.000000,1144,161616
303,105,0.218974,1.000000,840,162456
304,125,0.217880,1.000000,1000,163456
305,111,0.216790,1.000000,888,164344
306,96,0.215706,1.000000,768,165112
307,84,0.214628,1.000000,672,165784
308,85,0.213555,1.000000,680,166464
309,120,0.212487,1.000000,960,167424
310,129,0.211424,1.000000,1032,168456
311,121,0.210367,1.000000,968,169424
312,80,0.209315,1.000000,640,170064
313,82,0.208269,1.000000,656,170720
314,86,0.207227,1.000000,688,171408
315,149,0.206191,1.000000,1192,172600
316,104,0.205160,1.000000,832,173432
317,82,0.204135,1.000000,656,174088
318,136,0.203114,1.000000,1088,175176
319,80,0.202098,1.000000,640,175816
320,108,0.201088,1.000000,864,176680
321,79,0.200082,1.000000,632,177312
322,97,0.199082,1.000000,776,178088
323,86,0.198087,1.000000,688,178776
324,84,0.197096,1.000000,672,179448
325,97,0.196111,1.000000,776,180224
326,151,0.195130,1.000000,1208,181432
327,86,0.194154,1.000000,688,182120
328,80,0.193184,1.000000,640,182760
329,151,0.192218,1.000000,1208,183968
330,84,0.191257,1.000000,672,184640
331,84,0.190300,1.000000,672,185312
332,103,0.189349,1.000000,824,186136
333,120,0.188402,1.000000,960,187096
334,82,0.187460,1.000000,656,187752
335,142,0.186523,1.000000,1136,188888
336,151,0.185590,1.000000,1208,190096
337,86,0.184662,1.000000,688,190784
338,104,0.183739,1.000000,832,191616
339,84,0.182820,1.000000,672,192288
340,124,0.181906,1.000000,992,193280
341,80,0.180997,1.000000,640,193920
342,90,0.180092,1.000000,720,194640
343,86,0.179191,1.000000,688,195328
344,86,0.178295,1.000000,688,196016
345,88,0.177404,1.000000,704,196720
346,116,0.176517,1.000000,928,197648
347,137,0.175634,1.000000,1096,198744
348,152,0.174756,1.000000,1216,199960
349,81,0.173882,1.000000,648,200608
350,84,0.173013,1.000000,672,201280
351,88,0.172148,1.000000,704,201984
352,86,0.171287,1.000000,688,202672
353,86,0.170431,1.000000,688,203360
354,90,0.169578,1.000000,720,204080
355,88,0.168731,1.000000,704,204784
356,88,0.167887,1.000000,704,205488
357,136,0.167047,1.000000,1088,206576
358,116,0.166212,1.000000,928,207504
359,108,0.165381,1.000000,864,208368
360,140,0.164554,1.000000,1120,209488
361,82,0.163731,1.000000,656,210144
362,84,0.162913,1.000000,672,210816
363,140,0.162098,1.000000,1120,211936
364,86,0.161288,1.000000,688,212624
365,81,0.160481,1.000000,648,213272
366,88,0.159679,1.000000,704,213976
367,138,0.158881,1.000000,1104,215080
368,150,0.158086,1.000000,1200,216280
369,127,0.157296,1.000000,1016,217296
370,90,0.156509,1.000000,720,218016
371,98,0.155727,1.000000,784,218800
372,88,0.154948,1.000000,704,219504
373,80,0.154173,1.000000,640,220144
374,141,0.153402,1.000000,1128,221272
375,84,0.152635,1.000000,672,221944
376,86,0.151872,1.000000,688,222632
377,88,0.151113,1.000000,704,223336
378,118,0.150357,1.000000,944,224280
379,131,0.149606,1.000000,1048,225328
380,153,0.148857,1.000000,1224,226552
381,152,0.148113,1.000000,1216,227768
382,95,0.147373,1.000000,760,228528
383,120,0.146636,1.000000,960,229488
384,86,0.145903,1.000000,688,230176
385,92,0.145173,1.000000,736,230912
386,96,0.144447,1.000000,768,231680
387,94,0.143725,1.000000,752,232432
388,84,0.143006,1.000000,672,233104
389,125,0.142291,1.000000,1000,234104
390,107,0.141580,1.000000,856,234960
391,118,0.140872,1.000000,944,235904
392,146,0.140168,1.000000,1168,237072
393,151,0.139467,1.000000,1208,238280
394,80,0.138769,1.000000,640,238920
395,88,0.138076,1.000000,704,239624
396,152,0.137385,1.000000,1216,240840
397,103,0.136698,1.000000,824,241664
398,90,0.136015,1.000000,720,242384
399,111,0.135335,1.000000,888,243272
400,90,0.134658,1.000000,720,243992
401,90,0.133985,1.000000,720,244712
402,140,0.133315,1.000000,1120,245832
403,129,0.132648,1.000000,1032,246864
404,150,0.131985,1.000000,1200,248064
405,92,0.131325,1.000000,736,248800
406,149,0.130668,1.000000,1192,249992
407,131,0.130015,1.000000,1048,251040
408,151,0.129365,1.000000,1208,252248
409,90,0.128718,1.000000,720,252968
410,124,0.128075,1.000000,992,253960
411,82,0.127434,1.000000,656,254616
412,90,0.126797,1.000000,720,255336
413,92,0.126163,1.000000,736,256072
414,92,0.125532,1.000000,736,256808
415,135,0.124905,1.000000,1080,257888
416,115,0.124280,1.000000,920,258808
417,149,0.123659,1.000000,1192,260000
418,88,0.123040,1.000000,704,260704
419,88,0.122425,1.000000,704,261408
420,101,0.121813,1.000000,808,262216
421,154,0.121204,1.000000,1232,263448
422,88,0.120598,1.000000,704,264152
423,88,0.119995,1.000000,704,264856
424,92,0.119395,1.000000,736,265592
425,88,0.118798,1.000000,704,266296
426,103,0.118204,1.000000,824,267120
427,88,0.117613,1.000000,704,267824
428,153,0.117025,1.000000,1224,269048
429,92,0.116440,1.000000,736,269784
430,90,0.115858,1.000000,720,270504
431,93,0.115278,1.000000,744,271248
432,92,0.114702,1.000000,736,271984
433,90,0.114128,1.000000,720,272704
434,151,0.113558,1.000000,1208,273912
435,155,0.112990,1.000000,1240,275152
436,154,0.112425,1.000000,1232,276384
437,94,0.111863,1.000000,752,277136
438,131,0.111304,1.000000,1048,278184
439,90,0.110747,1.000000,720,278904
440,88,0.110193,1.000000,704,279608
441,129,0.109642,1.000000,1032,280640
442,133,0.109094,1.000000,1064,281704
443,90,0.108549,1.000000,720,282424
444,93,0.108006,1.000000,744,283168
445,88,0.107466,1.000000,704,283872
446,116,0.106929,1.000000,928,284800
447,126,0.106394,1.000000,1008,285808
448,153,0.105862,1.000000,1224,287032
449,101,0.105333,1.000000,808,287840
450,128,0.104806,1.000000,1024,288864
451,153,0.104282,1.000000,1224,290088
452,90,0.103761,1.000000,720,290808
453,127,0.103242,1.000000,1016,291824
454,97,0.102726,1.000000,776,292600
455,92,0.102212,1.000000,736,293336
456,94,0.101701,1.000000,752,294088
457,93,0.101192,1.000000,744,294832
458,90,0.100686,1.000000,720,295552
459,92,0.100183,1.000000,736,296288
460,84,0.099682,1.000000,672,296960
461,114,0.099184,1.000000,912,297872
462,94,0.098688,1.000000,752,298624
463,159,0.098194,1.000000,1272,299896
464,90,0.097703,1.000000,720,300616
465,102,0.097215,1.000000,816,301432
466,154,0.096729,1.000000,1232,302664
467,84,0.096245,1.000000,672,303336
468,103,0.095764,1.000000,824,304160
469,84,0.095285,1.000000,672,304832
470,155,0.094809,1.000000,1240,306072
471,95,0.094335,1.000000,760,306832
472,88,0.093863,1.000000,704,307536
473,99,0.093394,1.000000,792,308328
474,90,0.092927,1.000000,720,309048
475,136,0.092462,1.000000,1088,310136
476,158,0.092000,1.000000,1264,311400
477,155,0.091540,1.000000,1240,312640
478,84,0.091082,1.000000,672,313312
479,92,0.090627,1.000000,736,314048
480,143,0.090173,1.000000,1144,315192
481,131,0.089723,1.000000,1048,316240
482,114,0.089274,1.000000,912,317152
483,92,0.088828,1.000000,736,317888
484,133,0.088383,1.000000,1064,318952
485,154,0.087942,1.000000,1232,320184
486,126,0.087502,1.000000,1008,321192
487,92,0.087064,1.000000,736,321928
488,139,0.086629,1.000000,1112,323040
489,99,0.086196,1.000000,792,323832
490,84,0.085765,1.000000,672,324504
491,102,0.085336,1.000000,816,325320
492,90,0.084909,1.000000,720,326040
493,142,0.084485,1.000000,1136,327176
494,143,0.084062,1.000000,1144,328320
495,113,0.083642,1.000000,904,329224
496,99,0.083224,1.000000,792,330016
497,109,0.082808,1.000000,872,330888
498,99,0.082394,1.000000,792,331680
499,118,0.081982,1.000000,944,332624
500,92,0.081572,1.000000,736,333360
501,93,0.081164,1.000000,744,334104
502,122,0.080758,1.000000,976,335080
503,93,0.080354,1.000000,744,335824
504,123,0.079953,1.000000,984,336808
505,97,0.079553,1.000000,776,337584
506,150,0.079155,1.000000,1200,338784
507,151,0.078759,1.000000,1208,339992
508,90,0.078366,1.000000,720,340712
509,90,0.077974,1.000000,720,341432
510,94,0.077584,1.000000,752,342184
511,152,0.077196,1.000000,1216,343400
512,92,0.076810,1.000000,736,344136
513,157,0.076426,1.000000,1256,345392
514,153,0.076044,1.000000,1224,346616
515,90,0.075664,1.000000,720,347336
516,92,0.075285,1.000000,736,348072
517,134,0.074909,1.000000,1072,349144
518,153,0.074534,1.000000,1224,350368
519,114,0.074162,1.000000,912,351280
520,94,0.073791,1.000000,752,352032
521,96,0.073422,1.000000,768,352800
522,78,0.073055,1.000000,624,353424
523,138,0.072689,1.000000,1104,354528
524,131,0.072326,1.000000,1048,355576
525,149,0.071964,1.000000,1192,356768
526,96,0.071605,1.000000,768,357536
527,92,0.071247,1.000000,736,358272
528,82,0.070890,1.000000,656,358928
529,90,0.070536,1.000000,720,359648
530,96,0.070183,1.000000,768,360416
531,133,0.069832,1.000000,1064,361480
532,94,0.069483,1.000000,752,362232
533,147,0.069136,1.000000,1176,363408
534,114,0.068790,1.000000,912,364320
535,94,0.068446,1.000000,752,365072
536,115,0.068104,1.000000,920,365992
537,94,0.067763,1.000000,752,366744
538,151,0.067424,1.000000,1208,367952
539,156,0.067087,1.000000,1248,369200
540,156,0.066752,1.000000,1248,370448
541,92,0.066418,1.000000,736,371184
542,152,0.066086,1.000000,1216,372400
543,155,0.065756,1.000000,1240,373640
544,92,0.065427,1.000000,736,374376
545,155,0.065100,1.000000,1240,375616
546,90,0.064774,1.000000,720,376336
547,96,0.064450,1.000000,768,377104
548,138,0.064128,1.000000,1104,378208
549,116,0.063807,1.000000,928,379136
550,119,0.063488,1.000000,952,380088
551,94,0.063171,1.000000,752,380840
552,99,0.062855,1.000000,792,381632
553,96,0.062541,1.000000,768,382400
554,156,0.062228,1.000000,1248,383648
555,96,0.061917,1.000000,768,384416
556,96,0.061607,1.000000,768,385184
557,156,0.061299,1.000000,1248,386432
558,118,0.060993,1.000000,944,387376
559,94,0.060688,1.000000,752,388128
560,157,0.060384,1.000000,1256,389384
561,126,0.060083,1.000000,1008,390392
562,148,0.059782,1.000000,1184,391576
563,92,0.059483,1.000000,736,392312
564,96,0.059186,1.000000,768,393080
565,90,0.058890,1.000000,720,393800
566,97,0.058595,1.000000,776,394576
567,145,0.058302,1.000000,1160,395736
568,96,0.058011,1.000000,768,396504
569,154,0.057721,1.000000,1232,397736
570,157,0.057432,1.000000,1256,398992
571,100,0.057145,1.000000,800,399792
572,156,0.056859,1.000000,1248,401040
573,96,0.056575,1.000000,768,401808
574,157,0.056292,1.000000,1256,403064
575,98,0.056011,1.000000,784,403848
576,155,0.055731,1.000000,1240,405088
577,155,0.055452,1.000000,1240,406328
578,90,0.055175,1.000000,720,407048
579,129,0.054899,1.000000,1032,408080
580,97,0.054624,1.000000,776,408856
581,99,0.054351,1.000000,792,409648
582,97,0.054080,1.000000,776,410424
583,94,0.053809,1.000000,752,411176
584,94,0.053540,1.000000,752,411928
585,143,0.053272,1.000000,1144,413072
586,114,0.053006,1.000000,912,413984
587,88,0.052741,1.000000,704,414688
588,104,0.052477,1.000000,832,415520
589,155,0.052215,1.000000,1240,416760
590,143,0.051954,1.000000,1144,417904
591,121,0.051694,1.000000,968,418872
592,143,0.051436,1.000000,1144,420016
593,100,0.051178,1.000000,800,420816
594,92,0.050923,1.000000,736,421552
595,97,0.050668,1.000000,776,422328
596,156,0.050415,1.000000,1248,423576
597,94,0.050163,1.000000,752,424328
598,96,0.049912,1.000000,768,425096
599,97,0.049662,1.000000,776,425872
600,96,0.049414,1.000000,768,426640
601,96,0.049167,1.000000,768,427408
602,154,0.048921,1.000000,1232,428640
603,96,0.048676,1.000000,768,429408
604,153,0.048433,1.000000,1224,430632
605,130,0.048191,1.000000,1040,431672
606,94,0.047950,1.000000,752,432424
607,122,0.047710,1.000000,976,433400
608,96,0.047472,1.000000,768,434168
609,96,0.047234,1.000000,768,434936
610,157,0.046998,1.000000,1256,436192
611,151,0.046763,1.000000,1208,437400
612,153,0.046529,1.000000,1224,438624
613,97,0.046297,1.000000,776,439400
614,97,0.046065,1.000000,776,440176
615,127,0.045835,1.000000,1016,441192
616,156,0.045606,1.000000,1248,442440
617,157,0.045378,1.000000,1256,443696
618,155,0.045151,1.000000,1240,444936
619,96,0.044925,1.000000,768,445704
620,90,0.044700,1.000000,720,446424
621,97,0.044477,1.000000,776,447200
622,118,0.044254,1.000000,944,448144
623,155,0.044033,1.000000,1240,449384
624,157,0.043813,1.000000,1256,450640
625,158,0.043594,1.000000,1264,451904
626,97,0.043376,1.000000,776,452680
627,108,0.043159,1.000000,864,453544
628,156,0.042943,1.000000,1248,454792
629,156,0.042729,1.000000,1248,456040
630,96,0.042515,1.000000,768,456808
631,96,0.042302,1.000000,768,457576
632,99,0.042091,1.000000,792,458368
633,160,0.041880,1.000000,1280,459648
634,157,0.041671,1.000000,1256,460904
635,94,0.041463,1.000000,752,461656
636,155,0.041255,1.000000,1240,462896
637,98,0.041049,1.000000,784,463680
638,96,0.040844,1.000000,768,464448
639,158,0.040640,1.000000,1264,465712
640,99,0.040436,1.000000,792,466504
641,95,0.040234,1.000000,760,467264
642,96,0.040033,1.000000,768,468032
643,155,0.039833,1.000000,1240,469272
644,150,0.039634,1.000000,1200,470472
645,133,0.039435,1.000000,1064,471536
646,97,0.039238,1.000000,776,472312
647,156,0.039042,1.000000,1248,473560
648,108,0.038847,1.000000,864,474424
649,133,0.038653,1.000000,1064,475488
650,155,0.038459,1.000000,1240,476728
651,94,0.038267,1.000000,752,477480
652,114,0.038076,1.000000,912,478392
653,95,0.037885,1.000000,760,479152
654,156,0.037696,1.000000,1248,480400
655,97,0.037507,1.000000,776,481176
656,96,0.037320,1.000000,768,481944
657,93,0.037133,1.000000,744,482688
658,96,0.036948,1.000000,768,483456
659,97,0.036763,1.000000,776,484232
660,94,0.036579,1.000000,752,484984
661,110,0.036396,1.000000,880,485864
662,99,0.036214,1.000000,792,486656
663,156,0.036033,1.000000,1248,487904
664,108,0.035853,1.000000,864,488768
665,133,0.035674,1.000000,1064,489832
666,118,0.035495,1.000000,944,490776
667,154,0.035318,1.000000,1232,492008
668,156,0.035141,1.000000,1248,493256
669,154,0.034966,1.000000,1232,494488
670,94,0.034791,1.000000,752,495240
671,96,0.034617,1.000000,768,496008
672,96,0.034444,1.000000,768,496776
673,99,0.034272,1.000000,792,497568
674,97,0.034100,1.000000,776,498344
675,97,0.033930,1.000000,776,499120
676,96,0.033760,1.000000,768,499888
677,96,0.033591,1.000000,768,500656
678,103,0.033423,1.000000,824,501480
679,94,0.033256,1.000000,752,502232
680,156,0.033090,1.000000,1248,503480
681,155,0.032924,1.000000,1240,504720
682,98,0.032760,1.000000,784,505504
683,110,0.032596,1.000000,880,506384
684,96,0.032433,1.000000,768,507152
685,114,0.032271,1.000000,912,508064
686,97,0.032109,1.000000,776,508840
687,157,0.031949,1.000000,1256,510096
688,97,0.031789,1.000000,776,510872
689,157,0.031630,1.000000,1256,512128
690,96,0.031472,1.000000,768,512896
691,158,0.031315,1.000000,1264,514160
692,97,0.031158,1.000000,776,514936
693,156,0.031002,1.000000,1248,516184
694,96,0.030847,1.000000,768,516952
695,98,0.030693,1.000000,784,517736
696,154,0.030540,1.000000,1232,518968
697,92,0.030387,1.000000,736,519704
698,118,0.030235,1.000000,944,520648
699,97,0.030084,1.000000,776,521424
700,94,0.029933,1.000000,752,522176
701,96,0.029784,1.000000,768,522944
702,157,0.029635,1.000000,1256,524200
703,96,0.029487,1.000000,768,524968
704,96,0.029339,1.000000,768,525736
705,94,0.029193,1.000000,752,526488
706,155,0.029047,1.000000,1240,527728
707,158,0.028901,1.000000,1264,528992
708,109,0.028757,1.000000,872,529864
709,97,0.028613,1.000000,776,530640
710,156,0.028470,1.000000,1248,531888
711,94,0.028328,1.000000,752,532640
712,160,0.028186,1.000000,1280,533920
713,99,0.028045,1.000000,792,534712
714,99,0.027905,1.000000,792,535504
715,120,0.027765,1.000000,960,536464
716,156,0.027626,1.000000,1248,537712
717,157,0.027488,1.000000,1256,538968
718,155,0.027351,1.000000,1240,540208
719,94,0.027214,1.000000,752,540960
720,99,0.027078,1.000000,792,541752
721,97,0.026943,1.000000,776,542528
722,97,0.026808,1.000000,776,543304
723,97,0.026674,1.000000,776,544080
724,97,0.026541,1.000000,776,544856
725,88,0.026408,1.000000,704,545560
726,99,0.026276,1.000000,792,546352
727,118,0.026144,1.000000,944,547296
728,156,0.026014,1.000000,1248,548544
729,158,0.025884,1.000000,1264,549808
730,154,0.025754,1.000000,1232,551040
731,97,0.025625,1.000000,776,551816
732,104,0.025497,1.000000,832,552648
733,97,0.025370,1.000000,776,553424
734,97,0.025243,1.000000,776,554200
735,92,0.025117,1.000000,736,554936
736,97,0.024991,1.000000,776,555712
737,98,0.024866,1.000000,784,556496
738,97,0.024742,1.000000,776,557272
739,97,0.024618,1.000000,776,558048
740,97,0.024495,1.000000,776,558824
741,99,0.024373,1.000000,792,559616
742,97,0.024251,1.000000,776,560392
743,138,0.024130,1.000000,1104,561496
744,100,0.024009,1.000000,800,562296
745,157,0.023889,1.000000,1256,563552
746,96,0.023769,1.000000,768,564320
747,99,0.023651,1.000000,792,565112
748,110,0.023532,1.000000,880,565992
749,97,0.023415,1.000000,776,566768
750,158,0.023298,1.000000,1264,568032
751,97,0.023181,1.000000,776,568808
752,110,0.023065,1.000000,880,569688
753,158,0.022950,1.000000,1264,570952
754,158,0.022835,1.000000,1264,572216
755,155,0.022721,1.000000,1240,573456
756,97,0.022607,1.000000,776,574232
757,99,0.022494,1.000000,792,575024
758,158,0.022382,1.000000,1264,576288
759,152,0.022270,1.000000,1216,577504
760,155,0.022159,1.000000,1240,578744
761,157,0.022048,1.000000,1256,580000
762,94,0.021938,1.000000,752,580752
763,97,0.021828,1.000000,776,581528
764,158,0.021719,1.000000,1264,582792
765,103,0.021610,1.000000,824,583616
766,156,0.021502,1.000000,1248,584864
767,97,0.021395,1.000000,776,585640
768,97,0.021288,1.000000,776,586416
769,157,0.021181,1.000000,1256,587672
770,97,0.021075,1.000000,776,588448
771,96,0.020970,1.000000,768,589216
772,97,0.020865,1.000000,776,589992
773,99,0.020761,1.000000,792,590784
774,96,0.020657,1.000000,768,591552
775,155,0.020554,1.000000,1240,592792
776,156,0.020451,1.000000,1248,594040
777,99,0.020349,1.000000,792,594832
778,155,0.020247,1.000000,1240,596072
779,156,0.020146,1.000000,1248,597320
780,157,0.020045,1.000000,1256,598576
781,97,0.019945,1.000000,776,599352
782,158,0.019845,1.000000,1264,600616
783,157,0.019746,1.000000,1256,601872
784,116,0.019647,1.000000,928,602800
785,94,0.019549,1.000000,752,603552
786,121,0.019451,1.000000,968,604520
787,153,0.019354,1.000000,1224,605744
788,98,0.019257,1.000000,784,606528
789,156,0.019161,1.000000,1248,607776
790,130,0.019065,1.000000,1040,608816
791,97,0.018970,1.000000,776,609592
792,108,0.018875,1.000000,864,610456
793,97,0.018780,1.000000,776,611232
794,154,0.018686,1.000000,1232,612464
795,156,0.018593,1.000000,1248,613712
796,97,0.018500,1.000000,776,614488
797,97,0.018408,1.000000,776,615264
798,158,0.018315,1.000000,1264,616528
799,110,0.018224,1.000000,880,617408
800,97,0.018133,1.000000,776,618184
801,99,0.018042,1.000000,792,618976
802,156,0.017952,1.000000,1248,620224
803,96,0.017862,1.000000,768,620992
804,158,0.017773,1.000000,1264,622256
805,99,0.017684,1.000000,792,623048
806,97,0.017596,1.000000,776,623824
807,157,0.017508,1.000000,1256,625080
808,97,0.017420,1.000000,776,625856
809,96,0.017333,1.000000,768,626624
810,97,0.017246,1.000000,776,627400
811,97,0.017160,1.000000,776,628176
812,97,0.017074,1.000000,776,628952
813,99,0.016989,1.000000,792,629744
814,141,0.016904,1.000000,1128,630872
815,136,0.016819,1.000000,1088,631960
816,116,0.016735,1.000000,928,632888
817,122,0.016652,1.000000,976,633864
818,97,0.016568,1.000000,776,634640
819,99,0.016486,1.000000,792,635432
820,99,0.016403,1.000000,792,636224
821,156,0.016321,1.000000,1248,637472
822,155,0.016239,1.000000,1240,638712
823,157,0.016158,1.000000,1256,639968
824,98,0.016078,1.000000,784,640752
825,155,0.015997,1.000000,1240,641992
826,96,0.015917,1.000000,768,642760
827,97,0.015838,1.000000,776,643536
828,97,0.015758,1.000000,776,644312
829,99,0.015680,1.000000,792,645104
830,99,0.015601,1.000000,792,645896
831,99,0.015523,1.000000,792,646688
832,97,0.015446,1.000000,776,647464
833,99,0.015368,1.000000,792,648256
834,97,0.015291,1.000000,776,649032
835,97,0.015215,1.000000,776,649808
836,158,0.015139,1.000000,1264,651072
837,110,0.015063,1.000000,880,651952
838,156,0.014988,1.000000,1248,653200
839,158,0.014913,1.000000,1264,654464
840,98,0.014838,1.000000,784,655248
841,107,0.014764,1.000000,856,656104
842,155,0.014690,1.000000,1240,657344
843,99,0.014617,1.000000,792,658136
844,99,0.014544,1.000000,792,658928
845,156,0.014471,1.000000,1248,660176
846,97,0.014399,1.000000,776,660952
847,97,0.014327,1.000000,776,661728
848,99,0.014255,1.000000,792,662520
849,96,0.014184,1.000000,768,663288
850,96,0.014113,1.000000,768,664056
851,158,0.014042,1.000000,1264,665320
852,96,0.013972,1.000000,768,666088
853,154,0.013902,1.000000,1232,667320
854,99,0.013833,1.000000,792,668112
855,158,0.013764,1.000000,1264,669376
856,157,0.013695,1.000000,1256,670632
857,99,0.013626,1.000000,792,671424
858,158,0.013558,1.000000,1264,672688
859,99,0.013490,1.000000,792,673480
860,156,0.013423,1.000000,1248,674728
861,155,0.013356,1.000000,1240,675968
862,157,0.013289,1.000000,1256,677224
863,99,0.013223,1.000000,792,678016
864,158,0.013157,1.000000,1264,679280
865,158,0.013091,1.000000,1264,680544
866,97,0.013025,1.000000,776,681320
867,97,0.012960,1.000000,776,682096
868,99,0.012895,1.000000,792,682888
869,97,0.012831,1.000000,776,683664
870,158,0.012767,1.000000,1264,684928
871,97,0.012703,1.000000,776,685704
872,96,0.012639,1.000000,768,686472
873,156,0.012576,1.000000,1248,687720
874,158,0.012513,1.000000,1264,688984
875,99,0.012451,1.000000,792,689776
876,119,0.012389,1.000000,952,690728
877,158,0.012327,1.000000,1264,691992
878,99,0.012265,1.000000,792,692784
879,158,0.012204,1.000000,1264,694048
880,156,0.012143,1.000000,1248,695296
881,97,0.012082,1.000000,776,696072
882,97,0.012021,1.000000,776,696848
883,158,0.011961,1.000000,1264,698112
884,97,0.011902,1.000000,776,698888
885,158,0.011842,1.000000,1264,700152
886,158,0.011783,1.000000,1264,701416
887,158,0.011724,1.000000,1264,702680
888,99,0.011665,1.000000,792,703472
889,158,0.011607,1.000000,1264,704736
890,97,0.011549,1.000000,776,705512
891,99,0.011491,1.000000,792,706304
892,99,0.011434,1.000000,792,707096
893,97,0.011377,1.000000,776,707872
894,99,0.011320,1.000000,792,708664
895,157,0.011263,1.000000,1256,709920
896,99,0.011207,1.000000,792,710712
897,99,0.011151,1.000000,792,711504
898,158,0.011095,1.000000,1264,712768
899,157,0.011040,1.000000,1256,714024
900,114,0.010984,1.000000,912,714936
901,99,0.010929,1.000000,792,715728
902,99,0.010875,1.000000,792,716520
903,157,0.010820,1.000000,1256,717776
904,97,0.010766,1.000000,776,718552
905,97,0.010712,1.000000,776,719328
906,99,0.010659,1.000000,792,720120
907,158,0.010606,1.000000,1264,721384
908,97,0.010553,1.000000,776,722160
909,97,0.010500,1.000000,776,722936
910,99,0.010447,1.000000,792,723728
911,99,0.010395,1.000000,792,724520
912,97,0.010343,1.000000,776,725296
913,97,0.010291,1.000000,776,726072
914,123,0.010240,1.000000,984,727056
915,158,0.010189,1.000000,1264,728320
916,97,0.010138,1.000000,776,729096
917,99,0.010087,1.000000,792,729888
918,99,0.010037,1.000000,792,730680
919,97,0.010000,1.000000,776,731456
920,131,0.010000,1.000000,1048,732504
921,97,0.010000,1.000000,776,733280
922,97,0.010000,1.000000,776,734056
923,99,0.010000,1.000000,792,734848
924,119,0.010000,1.000000,952,735800
925,126,0.010000,1.000000,1008,736808
926,157,0.010000,1.000000,1256,738064
927,99,0.010000,1.000000,792,738856
928,97,0.010000,1.000000,776,739632
929,97,0.010000,1.000000,776,740408
930,99,0.010000,1.000000,792,741200
931,97,0.010000,1.000000,776,741976
932,158,0.010000,1.000000,1264,743240
933,97,0.010000,1.000000,776,744016
934,99,0.010000,1.000000,792,744808
935,99,0.010000,1.000000,792,745600
936,97,0.010000,1.000000,776,746376
937,99,0.010000,1.000000,792,747168
938,99,0.010000,1.000000,792,747960
939,97,0.010000,1.000000,776,748736
940,99,0.010000,1.000000,792,749528
941,158,0.010000,1.000000,1264,750792
942,97,0.010000,1.000000,776,751568
943,97,0.010000,1.000000,776,752344
944,99,0.010000,1.000000,792,753136
945,97,0.010000,1.000000,776,753912
946,158,0.010000,1.000000,1264,755176
947,97,0.010000,1.000000,776,755952
948,99,0.010000,1.000000,792,756744
949,99,0.010000,1.000000,792,757536
950,99,0.010000,1.000000,792,758328
951,156,0.010000,1.000000,1248,759576
952,157,0.010000,1.000000,1256,760832
953,131,0.010000,1.000000,1048,761880
954,114,0.010000,1.000000,912,762792
955,99,0.010000,1.000000,792,763584
956,157,0.010000,1.000000,1256,764840
957,157,0.010000,1.000000,1256,766096
958,96,0.010000,1.000000,768,766864
959,99,0.010000,1.000000,792,767656
960,157,0.010000,1.000000,1256,768912
961,137,0.010000,1.000000,1096,770008
962,157,0.010000,1.000000,1256,771264
963,96,0.010000,1.000000,768,772032
964,158,0.010000,1.000000,1264,773296
965,158,0.010000,1.000000,1264,774560
966,99,0.010000,1.000000,792,775352
967,97,0.010000,1.000000,776,776128
968,158,0.010000,1.000000,1264,777392
969,157,0.010000,1.000000,1256,778648
970,99,0.010000,1.000000,792,779440
971,97,0.010000,1.000000,776,780216
972,97,0.010000,1.000000,776,780992
973,158,0.010000,1.000000,1264,782256
974,96,0.010000,1.000000,768,783024
975,98,0.010000,1.000000,784,783808
976,158,0.010000,1.000000,1264,785072
977,99,0.010000,1.000000,792,785864
978,97,0.010000,1.000000,776,786640
979,99,0.010000,1.000000,792,787432
980,158,0.010000,1.000000,1264,788696
981,99,0.010000,1.000000,792,789488
982,97,0.010000,1.000000,776,790264
983,97,0.010000,1.000000,776,791040
984,99,0.010000,1.000000,792,791832
985,99,0.010000,1.000000,792,792624
986,99,0.010000,1.000000,792,793416
987,99,0.010000,1.000000,792,794208
988,94,0.010000,1.000000,752,794960
989,157,0.010000,1.000000,1256,796216
990,97,0.010000,1.000000,776,796992
991,99,0.010000,1.000000,792,797784
992,97,0.010000,1.000000,776,798560
993,96,0.010000,1.000000,768,799328
994,158,0.010000,1.000000,1264,800592
995,157,0.010000,1.000000,1256,801848
996,97,0.010000,1.000000,776,802624
997,99,0.010000,1.000000,792,803416
998,99,0.010000,1.000000,792,804208
999,158,0.010000,1.000000,1264,805472
1000,99,0.010000,1.000000,792,806264
1001,99,0.010000,1.000000,792,807056
1002,158,0.010000,1.000000,1264,808320
1003,156,0.010000,1.000000,1248,809568
1004,99,0.010000,1.000000,792,810360
1005,99,0.010000,1.000000,792,811152
1006,147,0.010000,1.000000,1176,812328
1007,99,0.010000,1.000000,792,813120
1008,97,0.010000,1.000000,776,813896
1009,99,0.010000,1.000000,792,814688
1010,99,0.010000,1.000000,792,815480
1011,97,0.010000,1.000000,776,816256
1012,158,0.010000,1.000000,1264,817520
1013,99,0.010000,1.000000,792,818312
1014,99,0.010000,1.000000,792,819104
1015,99,0.010000,1.000000,792,819896
1016,158,0.010000,1.000000,1264,821160
1017,158,0.010000,1.000000,1264,822424
1018,158,0.010000,1.000000,1264,823688
1019,127,0.010000,1.000000,1016,824704
1020,158,0.010000,1.000000,1264,825968
1021,142,0.010000,1.000000,1136,827104
1022,158,0.010000,1.000000,1264,828368
1023,99,0.010000,1.000000,792,829160
1024,99,0.010000,1.000000,792,829952
1025,97,0.010000,1.000000,776,830728
1026,99,0.010000,1.000000,792,831520
1027,157,0.010000,1.000000,1256,832776
1028,97,0.010000,1.000000,776,833552
1029,99,0.010000,1.000000,792,834344
1030,99,0.010000,1.000000,792,835136
1031,97,0.010000,1.000000,776,835912
1032,158,0.010000,1.000000,1264,837176
1033,97,0.010000,1.000000,776,837952
1034,99,0.010000,1.000000,792,838744
1035,157,0.010000,1.000000,1256,840000
1036,158,0.010000,1.000000,1264,841264
1037,99,0.010000,1.000000,792,842056
1038,98,0.010000,1.000000,784,842840
1039,99,0.010000,1.000000,792,843632
1040,99,0.010000,1.000000,792,844424
1041,99,0.010000,1.000000,792,845216
1042,156,0.010000,1.000000,1248,846464
1043,96,0.010000,1.000000,768,847232
1044,97,0.010000,1.000000,776,848008
1045,131,0.010000,1.000000,1048,849056
1046,99,0.010000,1.000000,792,849848
1047,157,0.010000,1.000000,1256,851104
1048,96,0.010000,1.000000,768,851872
1049,97,0.010000,1.000000,776,852648
1050,99,0.010000,1.000000,792,853440
1051,99,0.010000,1.000000,792,854232
1052,99,0.010000,1.000000,792,855024
1053,158,0.010000,1.000000,1264,856288
1054,99,0.010000,1.000000,792,857080
1055,158,0.010000,1.000000,1264,858344
1056,158,0.010000,1.000000,1264,859608
1057,156,0.010000,1.000000,1248,860856
1058,99,0.010000,1.000000,792,861648
1059,158,0.010000,1.000000,1264,862912
1060,97,0.010000,1.000000,776,863688
1061,99,0.010000,1.000000,792,864480
1062,158,0.010000,1.000000,1264,865744
1063,99,0.010000,1.000000,792,866536
1064,99,0.010000,1.000000,792,867328
1065,158,0.010000,1.000000,1264,868592
1066,97,0.010000,1.000000,776,869368
1067,157,0.010000,1.000000,1256,870624
1068,110,0.010000,1.000000,880,871504
1069,97,0.010000,1.000000,776,872280
1070,99,0.010000,1.000000,792,873072
1071,99,0.010000,1.000000,792,873864
1072,99,0.010000,1.000000,792,874656
1073,121,0.010000,1.000000,968,875624
1074,149,0.010000,1.000000,1192,876816
1075,155,0.010000,1.000000,1240,878056
1076,158,0.010000,1.000000,1264,879320
1077,99,0.010000,1.000000,792,880112
1078,97,0.010000,1.000000,776,880888
1079,97,0.010000,1.000000,776,881664
1080,125,0.010000,1.000000,1000,882664
1081,97,0.010000,1.000000,776,883440
1082,97,0.010000,1.000000,776,884216
1083,99,0.010000,1.000000,792,885008
1084,143,0.010000,1.000000,1144,886152
1085,158,0.010000,1.000000,1264,887416
1086,97,0.010000,1.000000,776,888192
1087,101,0.010000,1.000000,808,889000
1088,96,0.010000,1.000000,768,889768
1089,99,0.010000,1.000000,792,890560
1090,99,0.010000,1.000000,792,891352
1091,99,0.010000,1.000000,792,892144
1092,99,0.010000,1.000000,792,892936
1093,158,0.010000,1.000000,1264,894200
1094,97,0.010000,1.000000,776,894976
1095,99,0.010000,1.000000,792,895768
1096,99,0.010000,1.000000,792,896560
1097,157,0.010000,1.000000,1256,897816
1098,99,0.010000,1.000000,792,898608
1099,99,0.010000,1.000000,792,899400
1100,97,0.010000,1.000000,776,900176
1101,158,0.010000,1.000000,1264,901440
1102,158,0.010000,1.000000,1264,902704
1103,125,0.010000,1.000000,1000,903704
1104,99,0.010000,1.000000,792,904496
1105,99,0.010000,1.000000,792,905288
1106,157,0.010000,1.000000,1256,906544
1107,158,0.010000,1.000000,1264,907808
1108,99,0.010000,1.000000,792,908600
1109,157,0.010000,1.000000,1256,909856
1110,99,0.010000,1.000000,792,910648
1111,99,0.010000,1.000000,792,911440
1112,157,0.010000,1.000000,1256,912696
1113,97,0.010000,1.000000,776,913472
1114,109,0.010000,1.000000,872,914344
1115,97,0.010000,1.000000,776,915120
1116,96,0.010000,1.000000,768,915888
1117,156,0.010000,1.000000,1248,917136
1118,99,0.010000,1.000000,792,917928
1119,99,0.010000,1.000000,792,918720
1120,158,0.010000,1.000000,1264,919984
1121,158,0.010000,1.000000,1264,921248
1122,99,0.010000,1.000000,792,922040
1123,158,0.010000,1.000000,1264,923304
1124,134,0.010000,1.000000,1072,924376
1125,98,0.010000,1.000000,784,925160
1126,130,0.010000,1.000000,1040,926200
1127,97,0.010000,1.000000,776,926976
1128,97,0.010000,1.000000,776,927752
1129,157,0.010000,1.000000,1256,929008
1130,97,0.010000,1.000000,776,929784
1131,99,0.010000,1.000000,792,930576
1132,156,0.010000,1.000000,1248,931824
1133,100,0.010000,1.000000,800,932624
1134,156,0.010000,1.000000,1248,933872
1135,97,0.010000,1.000000,776,934648
1136,157,0.010000,1.000000,1256,935904
1137,99,0.010000,1.000000,792,936696
1138,99,0.010000,1.000000,792,937488
1139,99,0.010000,1.000000,792,938280
1140,156,0.010000,1.000000,1248,939528
1141,156,0.010000,1.000000,1248,940776
1142,97,0.010000,1.000000,776,941552
1143,96,0.010000,1.000000,768,942320
1144,99,0.010000,1.000000,792,943112
1145,156,0.010000,1.000000,1248,944360
1146,157,0.010000,1.000000,1256,945616
1147,97,0.010000,1.000000,776,946392
1148,97,0.010000,1.000000,776,947168
1149,97,0.010000,1.000000,776,947944
1150,106,0.010000,1.000000,848,948792
1151,158,0.010000,1.000000,1264,950056
1152,158,0.010000,1.000000,1264,951320
1153,158,0.010000,1.000000,1264,952584
1154,97,0.010000,1.000000,776,953360
1155,129,0.010000,1.000000,1032,954392
1156,158,0.010000,1.000000,1264,955656
1157,156,0.010000,1.000000,1248,956904
1158,99,0.010000,1.000000,792,957696
1159,97,0.010000,1.000000,776,958472
1160,97,0.010000,1.000000,776,959248
1161,158,0.010000,1.000000,1264,960512
1162,96,0.010000,1.000000,768,961280
1163,96,0.010000,1.000000,768,962048
1164,140,0.010000,1.000000,1120,963168
1165,97,0.010000,1.000000,776,963944
1166,157,0.010000,1.000000,1256,965200
1167,94,0.010000,1.000000,752,965952
1168,97,0.010000,1.000000,776,966728
1169,97,0.010000,1.000000,776,967504
1170,99,0.010000,1.000000,792,968296
1171,157,0.010000,1.000000,1256,969552
1172,99,0.010000,1.000000,792,970344
1173,97,0.010000,1.000000,776,971120
1174,96,0.010000,1.000000,768,971888
1175,97,0.010000,1.000000,776,972664
1176,99,0.010000,1.000000,792,973456
1177,157,0.010000,1.000000,1256,974712
1178,97,0.010000,1.000000,776,975488
1179,97,0.010000,1.000000,776,976264
1180,158,0.010000,1.000000,1264,977528
1181,156,0.010000,1.000000,1248,978776
1182,153,0.010000,1.000000,1224,980000
1183,96,0.010000,1.000000,768,980768
1184,97,0.010000,1.000000,776,981544
1185,158,0.010000,1.000000,1264,982808
1186,97,0.010000,1.000000,776,983584
1187,158,0.010000,1.000000,1264,984848
1188,158,0.010000,1.000000,1264,986112
1189,154,0.010000,1.000000,1232,987344
1190,96,0.010000,1.000000,768,988112
1191,99,0.010000,1.000000,792,988904
1192,156,0.010000,1.000000,1248,990152
1193,123,0.010000,1.000000,984,991136
1194,156,0.010000,1.000000,1248,992384
1195,97,0.010000,1.000000,776,993160
1196,117,0.010000,1.000000,936,994096
1197,157,0.010000,1.000000,1256,995352
1198,97,0.010000,1.000000,776,996128
1199,158,0.010000,1.000000,1264,997392
1200,97,0.010000,1.000000,776,998168
1201,97,0.010000,1.000000,776,998944
1202,97,0.010000,1.000000,776,999720
1203,99,0.010000,1.000000,792,1000512
1204,97,0.010000,1.000000,776,1001288
1205,97,0.010000,1.000000,776,1002064
1206,97,0.010000,1.000000,776,1002840
1207,99,0.010000,1.000000,792,1003632
1208,158,0.010000,1.000000,1264,1004896
1209,99,0.010000,1.000000,792,1005688
1210,99,0.010000,1.000000,792,1006480
1211,97,0.010000,1.000000,776,1007256
1212,99,0.010000,1.000000,792,1008048
1213,158,0.010000,1.000000,1264,1009312
1214,158,0.010000,1.000000,1264,1010576
1215,99,0.010000,1.000000,792,1011368
1216,99,0.010000,1.000000,792,1012160
1217,96,0.010000,1.000000,768,1012928
1218,97,0.010000,1.000000,776,1013704
1219,97,0.010000,1.000000,776,1014480
1220,155,0.010000,1.000000,1240,1015720
1221,157,0.010000,1.000000,1256,1016976
1222,158,0.010000,1.000000,1264,1018240
1223,97,0.010000,1.000000,776,1019016
1224,142,0.010000,1.000000,1136,1020152
1225,151,0.010000,1.000000,1208,1021360
1226,156,0.010000,1.000000,1248,1022608
1227,97,0.010000,1.000000,776,1023384
1228,97,0.010000,1.000000,776,1024160
1229,97,0.010000,1.000000,776,1024936
1230,158,0.010000,1.000000,1264,1026200
1231,99,0.010000,1.000000,792,1026992
1232,134,0.010000,1.000000,1072,1028064
1233,96,0.010000,1.000000,768,1028832
1234,97,0.010000,1.000000,776,1029608
1235,99,0.010000,1.000000,792,1030400
1236,158,0.010000,1.000000,1264,1031664
1237,99,0.010000,1.000000,792,1032456
1238,96,0.010000,1.000000,768,1033224
1239,158,0.010000,1.000000,1264,1034488
1240,99,0.010000,1.000000,792,1035280
1241,97,0.010000,1.000000,776,1036056
1242,97,0.010000,1.000000,776,1036832
1243,99,0.010000,1.000000,792,1037624
1244,158,0.010000,1.000000,1264,1038888
1245,97,0.010000,1.000000,776,1039664
1246,99,0.010000,1.000000,792,1040456
1247,97,0.010000,1.000000,776,1041232
1248,104,0.010000,1.000000,832,1042064
1249,158,0.010000,1.000000,1264,1043328
1250,156,0.010000,1.000000,1248,1044576
1251,123,0.010000,1.000000,984,1045560
1252,99,0.010000,1.000000,792,1046352
1253,97,0.010000,1.000000,776,1047128
1254,158,0.010000,1.000000,1264,1048392
1255,99,0.010000,1.000000,792,1049184
1256,99,0.010000,1.000000,792,1049976
1257,154,0.010000,1.000000,1232,1051208
1258,153,0.010000,1.000000,1224,1052432
1259,96,0.010000,1.000000,768,1053200
1260,158,0.010000,1.000000,1264,1054464
1261,157,0.010000,1.000000,1256,1055720
1262,157,0.010000,1.000000,1256,1056976
1263,97,0.010000,1.000000,776,1057752
1264,97,0.010000,1.000000,776,1058528
1265,158,0.010000,1.000000,1264,1059792
1266,99,0.010000,1.000000,792,1060584
1267,97,0.010000,1.000000,776,1061360
1268,158,0.010000,1.000000,1264,1062624
1269,158,0.010000,1.000000,1264,1063888
1270,99,0.010000,1.000000,792,1064680
1271,158,0.010000,1.000000,1264,1065944
1272,158,0.010000,1.000000,1264,1067208
1273,158,0.010000,1.000000,1264,1068472
1274,158,0.010000,1.000000,1264,1069736
1275,156,0.010000,1.000000,1248,1070984
1276,99,0.010000,1.000000,792,1071776
1277,158,0.010000,1.000000,1264,1073040
1278,157,0.010000,1.000000,1256,1074296
1279,97,0.010000,1.000000,776,1075072
1280,96,0.010000,1.000000,768,1075840
1281,156,0.010000,1.000000,1248,1077088
1282,97,0.010000,1.000000,776,1077864
1283,97,0.010000,1.000000,776,1078640
1284,157,0.010000,1.000000,1256,1079896
1285,158,0.010000,1.000000,1264,1081160
1286,138,0.010000,1.000000,1104,1082264
1287,158,0.010000,1.000000,1264,1083528
1288,99,0.010000,1.000000,792,1084320
1289,157,0.010000,1.000000,1256,1085576
1290,97,0.010000,1.000000,776,1086352
1291,154,0.010000,1.000000,1232,1087584
1292,97,0.010000,1.000000,776,1088360
1293,157,0.010000,1.000000,1256,1089616
1294,97,0.010000,1.000000,776,1090392
1295,99,0.010000,1.000000,792,1091184
1296,99,0.010000,1.000000,792,1091976
1297,97,0.010000,1.000000,776,1092752
1298,99,0.010000,1.000000,792,1093544
1299,97,0.010000,1.000000,776,1094320
1300,99,0.010000,1.000000,792,1095112
1301,158,0.010000,1.000000,1264,1096376
1302,158,0.010000,1.000000,1264,1097640
1303,154,0.010000,1.000000,1232,1098872
1304,157,0.010000,1.000000,1256,1100128
1305,157,0.010000,1.000000,1256,1101384
1306,99,0.010000,1.000000,792,1102176
1307,96,0.010000,1.000000,768,1102944
1308,99,0.010000,1.000000,792,1103736
1309,158,0.010000,1.000000,1264,1105000
1310,97,0.010000,1.000000,776,1105776
1311,158,0.010000,1.000000,1264,1107040
1312,99,0.010000,1.000000,792,1107832
1313,98,0.010000,1.000000,784,1108616
1314,97,0.010000,1.000000,776,1109392
1315,158,0.010000,1.000000,1264,1110656
1316,150,0.010000,1.000000,1200,1111856
1317,156,0.010000,1.000000,1248,1113104
1318,99,0.010000,1.000000,792,1113896
1319,156,0.010000,1.000000,1248,1115144
1320,158,0.010000,1.000000,1264,1116408
1321,158,0.010000,1.000000,1264,1117672
1322,97,0.010000,1.000000,776,1118448
1323,156,0.010000,1.000000,1248,1119696
1324,97,0.010000,1.000000,776,1120472
1325,99,0.010000,1.000000,792,1121264
1326,96,0.010000,1.000000,768,1122032
1327,97,0.010000,1.000000,776,1122808
1328,97,0.010000,1.000000,776,1123584
1329,156,0.010000,1.000000,1248,1124832
1330,158,0.010000,1.000000,1264,1126096
1331,97,0.010000,1.000000,776,1126872
1332,99,0.010000,1.000000,792,1127664
1333,97,0.010000,1.000000,776,1128440
1334,99,0.010000,1.000000,792,1129232
1335,96,0.010000,1.000000,768,1130000
1336,158,0.010000,1.000000,1264,1131264
1337,158,0.010000,1.000000,1264,1132528
1338,97,0.010000,1.000000,776,1133304
1339,158,0.010000,1.000000,1264,1134568
1340,97,0.010000,1.000000,776,1135344
1341,99,0.010000,1.000000,792,1136136
1342,158,0.010000,1.000000,1264,1137400
1343,158,0.010000,1.000000,1264,1138664
1344,94,0.010000,1.000000,752,1139416
1345,99,0.010000,1.000000,792,1140208
1346,97,0.010000,1.000000,776,1140984
1347,132,0.010000,1.000000,1056,1142040
1348,96,0.010000,1.000000,768,1142808
1349,158,0.010000,1.000000,1264,1144072
1350,99,0.010000,1.000000,792,1144864
1351,99,0.010000,1.000000,792,1145656
1352,97,0.010000,1.000000,776,1146432
1353,97,0.010000,1.000000,776,1147208
1354,158,0.010000,1.000000,1264,1148472
1355,156,0.010000,1.000000,1248,1149720
1356,99,0.010000,1.000000,792,1150512
1357,99,0.010000,1.000000,792,1151304
1358,97,0.010000,1.000000,776,1152080
1359,99,0.010000,1.000000,792,1152872
1360,99,0.010000,1.000000,792,1153664
1361,158,0.010000,1.000000,1264,1154928
1362,99,0.010000,1.000000,792,1155720
1363,99,0.010000,1.000000,792,1156512
1364,158,0.010000,1.000000,1264,1157776
1365,130,0.010000,1.000000,1040,1158816
1366,158,0.010000,1.000000,1264,1160080
1367,113,0.010000,1.000000,904,1160984
1368,123,0.010000,1.000000,984,1161968
1369,96,0.010000,1.000000,768,1162736
1370,99,0.010000,1.000000,792,1163528
1371,139,0.010000,1.000000,1112,1164640
1372,158,0.010000,1.000000,1264,1165904
1373,97,0.010000,1.000000,776,1166680
1374,98,0.010000,1.000000,784,1167464
1375,140,0.010000,1.000000,1120,1168584
1376,157,0.010000,1.000000,1256,1169840
1377,97,0.010000,1.000000,776,1170616
1378,157,0.010000,1.000000,1256,1171872
1379,97,0.010000,1.000000,776,1172648
1380,97,0.010000,1.000000,776,1173424
1381,99,0.010000,1.000000,792,1174216
1382,99,0.010000,1.000000,792,1175008
1383,97,0.010000,1.000000,776,1175784
1384,99,0.010000,1.000000,792,1176576
1385,157,0.010000,1.000000,1256,1177832
1386,97,0.010000,1.000000,776,1178608
1387,158,0.010000,1.000000,1264,1179872
1388,97,0.010000,1.000000,776,1180648
1389,99,0.010000,1.000000,792,1181440
1390,157,0.010000,1.000000,1256,1182696
1391,97,0.010000,1.000000,776,1183472
1392,155,0.010000,1.000000,1240,1184712
1393,156,0.010000,1.000000,1248,1185960
1394,158,0.010000,1.000000,1264,1187224
1395,97,0.010000,1.000000,776,1188000
1396,135,0.010000,1.000000,1080,1189080
1397,157,0.010000,1.000000,1256,1190336
1398,99,0.010000,1.000000,792,1191128
1399,157,0.010000,1.000000,1256,1192384
1400,158,0.010000,1.000000,1264,1193648
1401,97,0.010000,1.000000,776,1194424
1402,158,0.010000,1.000000,1264,1195688
1403,99,0.010000,1.000000,792,1196480
1404,158,0.010000,1.000000,1264,1197744
1405,119,0.010000,1.000000,952,1198696
1406,157,0.010000,1.000000,1256,1199952
1407,156,0.010000,1.000000,1248,1201200
1408,97,0.010000,1.000000,776,1201976
1409,129,0.010000,1.000000,1032,1203008
1410,157,0.010000,1.000000,1256,1204264
1411,158,0.010000,1.000000,1264,1205528
1412,157,0.010000,1.000000,1256,1206784
1413,99,0.010000,1.000000,792,1207576
1414,146,0.010000,1.000000,1168,1208744
1415,158,0.010000,1.000000,1264,1210008
1416,97,0.010000,1.000000,776,1210784
1417,115,0.010000,1.000000,920,1211704
1418,99,0.010000,1.000000,792,1212496
1419,158,0.010000,1.000000,1264,1213760
1420,97,0.010000,1.000000,776,1214536
1421,156,0.010000,1.000000,1248,1215784
1422,149,0.010000,1.000000,1192,1216976
1423,158,0.010000,1.000000,1264,1218240
1424,158,0.010000,1.000000,1264,1219504
1425,97,0.010000,1.000000,776,1220280
1426,158,0.010000,1.000000,1264,1221544
1427,99,0.010000,1.000000,792,1222336
1428,97,0.010000,1.000000,776,1223112
1429,158,0.010000,1.000000,1264,1224376
1430,99,0.010000,1.000000,792,1225168
1431,97,0.010000,1.000000,776,1225944
1432,97,0.010000,1.000000,776,1226720
1433,156,0.010000,1.000000,1248,1227968
1434,157,0.010000,1.000000,1256,1229224
1435,158,0.010000,1.000000,1264,1230488
1436,158,0.010000,1.000000,1264,1231752
1437,97,0.010000,1.000000,776,1232528
1438,99,0.010000,1.000000,792,1233320
1439,99,0.010000,1.000000,792,1234112
1440,99,0.010000,1.000000,792,1234904
1441,144,0.010000,1.000000,1152,1236056
1442,99,0.010000,1.000000,792,1236848
1443,97,0.010000,1.000000,776,1237624
1444,97,0.010000,1.000000,776,1238400
1445,97,0.010000,1.000000,776,1239176
1446,163,0.010000,1.000000,1304,1240480
1447,99,0.010000,1.000000,792,1241272
1448,158,0.010000,1.000000,1264,1242536
1449,158,0.010000,1.000000,1264,1243800
1450,97,0.010000,1.000000,776,1244576
1451,132,0.010000,1.000000,1056,1245632
1452,97,0.010000,1.000000,776,1246408
1453,137,0.010000,1.000000,1096,1247504
1454,158,0.010000,1.000000,1264,1248768
1455,157,0.010000,1.000000,1256,1250024
1456,157,0.010000,1.000000,1256,1251280
1457,157,0.010000,1.000000,1256,1252536
1458,157,0.010000,1.000000,1256,1253792
1459,156,0.010000,1.000000,1248,1255040
1460,158,0.010000,1.000000,1264,1256304
1461,155,0.010000,1.000000,1240,1257544
1462,99,0.010000,1.000000,792,1258336
1463,97,0.010000,1.000000,776,1259112
1464,97,0.010000,1.000000,776,1259888
1465,99,0.010000,1.000000,792,1260680
1466,158,0.010000,1.000000,1264,1261944
1467,158,0.010000,1.000000,1264,1263208
1468,99,0.010000,1.000000,792,1264000
1469,158,0.010000,1.000000,1264,1265264
1470,158,0.010000,1.000000,1264,1266528
1471,97,0.010000,1.000000,776,1267304
1472,97,0.010000,1.000000,776,1268080
1473,158,0.010000,1.000000,1264,1269344
1474,96,0.010000,1.000000,768,1270112
1475,158,0.010000,1.000000,1264,1271376
1476,158,0.010000,1.000000,1264,1272640
1477,97,0.010000,1.000000,776,1273416
1478,99,0.010000,1.000000,792,1274208
1479,97,0.010000,1.000000,776,1274984
1480,125,0.010000,1.000000,1000,1275984
1481,158,0.010000,1.000000,1264,1277248
1482,158,0.010000,1.000000,1264,1278512
1483,114,0.010000,1.000000,912,1279424
1484,97,0.010000,1.000000,776,1280200
1485,96,0.010000,1.000000,768,1280968
1486,156,0.010000,1.000000,1248,1282216
1487,99,0.010000,1.000000,792,1283008
1488,158,0.010000,1.000000,1264,1284272
1489,99,0.010000,1.000000,792,1285064
1490,99,0.010000,1.000000,792,1285856
1491,157,0.010000,1.000000,1256,1287112
1492,157,0.010000,1.000000,1256,1288368
1493,158,0.010000,1.000000,1264,1289632
1494,97,0.010000,1.000000,776,1290408
1495,156,0.010000,1.000000,1248,1291656
1496,97,0.010000,1.000000,776,1292432
1497,97,0.010000,1.000000,776,1293208
1498,99,0.010000,1.000000,792,1294000
1499,158,0.010000,1.000000,1264,1295264
1500,97,0.010000,1.000000,776,1296040
1501,97,0.010000,1.000000,776,1296816
1502,158,0.010000,1.000000,1264,1298080
1503,97,0.010000,1.000000,776,1298856
1504,99,0.010000,1.000000,792,1299648
1505,99,0.010000,1.000000,792,1300440
1506,158,0.010000,1.000000,1264,1301704
1507,97,0.010000,1.000000,776,1302480
1508,158,0.010000,1.000000,1264,1303744
1509,99,0.010000,1.000000,792,1304536
1510,158,0.010000,1.000000,1264,1305800
1511,97,0.010000,1.000000,776,1306576
1512,158,0.010000,1.000000,1264,1307840
1513,96,0.010000,1.000000,768,1308608
1514,99,0.010000,1.000000,792,1309400
1515,130,0.010000,1.000000,1040,1310440
1516,117,0.010000,1.000000,936,1311376
1517,158,0.010000,1.000000,1264,1312640
1518,156,0.010000,1.000000,1248,1313888
1519,97,0.010000,1.000000,776,1314664
1520,99,0.010000,1.000000,792,1315456
1521,135,0.010000,1.000000,1080,1316536
1522,96,0.010000,1.000000,768,1317304
1523,97,0.010000,1.000000,776,1318080
1524,97,0.010000,1.000000,776,1318856
1525,97,0.010000,1.000000,776,1319632
1526,97,0.010000,1.000000,776,1320408
1527,97,0.010000,1.000000,776,1321184
1528,158,0.010000,1.000000,1264,1322448
1529,157,0.010000,1.000000,1256,1323704
1530,97,0.010000,1.000000,776,1324480
1531,156,0.010000,1.000000,1248,1325728
1532,142,0.010000,1.000000,1136,1326864
1533,96,0.010000,1.000000,768,1327632
1534,97,0.010000,1.000000,776,1328408
1535,99,0.010000,1.000000,792,1329200
1536,158,0.010000,1.000000,1264,1330464
1537,158,0.010000,1.000000,1264,1331728
1538,97,0.010000,1.000000,776,1332504
1539,99,0.010000,1.000000,792,1333296
1540,97,0.010000,1.000000,776,1334072
1541,97,0.010000,1.000000,776,1334848
1542,97,0.010000,1.000000,776,1335624
1543,97,0.010000,1.000000,776,1336400
1544,99,0.010000,1.000000,792,1337192
1545,158,0.010000,1.000000,1264,1338456
1546,97,0.010000,1.000000,776,1339232
1547,158,0.010000,1.000000,1264,1340496
1548,97,0.010000,1.000000,776,1341272
1549,158,0.010000,1.000000,1264,1342536
1550,97,0.010000,1.000000,776,1343312
1551,156,0.010000,1.000000,1248,1344560
1552,158,0.010000,1.000000,1264,1345824
1553,97,0.010000,1.000000,776,1346600
1554,97,0.010000,1.000000,776,1347376
1555,158,0.010000,1.000000,1264,1348640
1556,157,0.010000,1.000000,1256,1349896
1557,97,0.010000,1.000000,776,1350672
1558,97,0.010000,1.000000,776,1351448
1559,158,0.010000,1.000000,1264,1352712
1560,97,0.010000,1.000000,776,1353488
1561,157,0.010000,1.000000,1256,1354744
1562,99,0.010000,1.000000,792,1355536
1563,99,0.010000,1.000000,792,1356328
1564,97,0.010000,1.000000,776,1357104
1565,99,0.010000,1.000000,792,1357896
1566,156,0.010000,1.000000,1248,1359144
1567,97,0.010000,1.000000,776,1359920
1568,156,0.010000,1.000000,1248,1361168
1569,97,0.010000,1.000000,776,1361944
1570,97,0.010000,1.000000,776,1362720
1571,99,0.010000,1.000000,792,1363512
1572,97,0.010000,1.000000,776,1364288
1573,97,0.010000,1.000000,776,1365064
1574,97,0.010000,1.000000,776,1365840
1575,97,0.010000,1.000000,776,1366616
1576,158,0.010000,1.000000,1264,1367880
1577,99,0.010000,1.000000,792,1368672
1578,97,0.010000,1.000000,776,1369448
1579,99,0.010000,1.000000,792,1370240
1580,158,0.010000,1.000000,1264,1371504
1581,158,0.010000,1.000000,1264,1372768
1582,158,0.010000,1.000000,1264,1374032
1583,97,0.010000,1.000000,776,1374808
1584,99,0.010000,1.000000,792,1375600
1585,158,0.010000,1.000000,1264,1376864
1586,97,0.010000,1.000000,776,1377640
1587,97,0.010000,1.000000,776,1378416
1588,158,0.010000,1.000000,1264,1379680
1589,158,0.010000,1.000000,1264,1380944
1590,94,0.010000,1.000000,752,1381696
1591,136,0.010000,1.000000,1088,1382784
1592,155,0.010000,1.000000,1240,1384024
1593,97,0.010000,1.000000,776,1384800
1594,97,0.010000,1.000000,776,1385576
1595,156,0.010000,1.000000,1248,1386824
1596,157,0.010000,1.000000,1256,1388080
1597,97,0.010000,1.000000,776,1388856
1598,97,0.010000,1.000000,776,1389632
1599,158,0.010000,1.000000,1264,1390896
1600,99,0.010000,1.000000,792,1391688
1601,97,0.010000,1.000000,776,1392464
1602,97,0.010000,1.000000,776,1393240
1603,97,0.010000,1.000000,776,1394016
1604,97,0.010000,1.000000,776,1394792
1605,97,0.010000,1.000000,776,1395568
1606,158,0.010000,1.000000,1264,1396832
1607,97,0.010000,1.000000,776,1397608
1608,158,0.010000,1.000000,1264,1398872
1609,97,0.010000,1.000000,776,1399648
1610,157,0.010000,1.000000,1256,1400904
1611,96,0.010000,1.000000,768,1401672
1612,97,0.010000,1.000000,776,1402448
1613,97,0.010000,1.000000,776,1403224
1614,158,0.010000,1.000000,1264,1404488
1615,158,0.010000,1.000000,1264,1405752
1616,97,0.010000,1.000000,776,1406528
1617,155,0.010000,1.000000,1240,1407768
1618,157,0.010000,1.000000,1256,1409024
1619,97,0.010000,1.000000,776,1409800
1620,99,0.010000,1.000000,792,1410592
1621,158,0.010000,1.000000,1264,1411856
1622,158,0.010000,1.000000,1264,1413120
1623,99,0.010000,1.000000,792,1413912
1624,97,0.010000,1.000000,776,1414688
1625,97,0.010000,1.000000,776,1415464
1626,99,0.010000,1.000000,792,1416256
1627,158,0.010000,1.000000,1264,1417520
1628,99,0.010000,1.000000,792,1418312
1629,99,0.010000,1.000000,792,1419104
1630,156,0.010000,1.000000,1248,1420352
1631,157,0.010000,1.000000,1256,1421608
1632,158,0.010000,1.000000,1264,1422872
1633,158,0.010000,1.000000,1264,1424136
1634,158,0.010000,1.000000,1264,1425400
1635,155,0.010000,1.000000,1240,1426640
1636,99,0.010000,1.000000,792,1427432
1637,157,0.010000,1.000000,1256,1428688
1638,97,0.010000,1.000000,776,1429464
1639,99,0.010000,1.000000,792,1430256
1640,157,0.010000,1.000000,1256,1431512
1641,97,0.010000,1.000000,776,1432288
1642,99,0.010000,1.000000,792,1433080
1643,158,0.010000,1.000000,1264,1434344
1644,99,0.010000,1.000000,792,1435136
1645,158,0.010000,1.000000,1264,1436400
1646,153,0.010000,1.000000,1224,1437624
1647,99,0.010000,1.000000,792,1438416
1648,99,0.010000,1.000000,792,1439208
1649,97,0.010000,1.000000,776,1439984
1650,99,0.010000,1.000000,792,1440776
1651,157,0.010000,1.000000,1256,1442032
1652,153,0.010000,1.000000,1224,1443256
1653,147,0.010000,1.000000,1176,1444432
1654,97,0.010000,1.000000,776,1445208
1655,119,0.010000,1.000000,952,1446160
1656,97,0.010000,1.000000,776,1446936
1657,158,0.010000,1.000000,1264,1448200
1658,99,0.010000,1.000000,792,1448992
1659,99,0.010000,1.000000,792,1449784
1660,99,0.010000,1.000000,792,1450576
1661,99,0.010000,1.000000,792,1451368
1662,158,0.010000,1.000000,1264,1452632
1663,96,0.010000,1.000000,768,1453400
1664,158,0.010000,1.000000,1264,1454664
1665,97,0.010000,1.000000,776,1455440
1666,97,0.010000,1.000000,776,1456216
1667,107,0.010000,1.000000,856,1457072
1668,158,0.010000,1.000000,1264,1458336
1669,158,0.010000,1.000000,1264,1459600
1670,99,0.010000,1.000000,792,1460392
1671,97,0.010000,1.000000,776,1461168
1672,99,0.010000,1.000000,792,1461960
1673,97,0.010000,1.000000,776,1462736
1674,97,0.010000,1.000000,776,1463512
1675,97,0.010000,1.000000,776,1464288
1676,158,0.010000,1.000000,1264,1465552
1677,99,0.010000,1.000000,792,1466344
1678,97,0.010000,1.000000,776,1467120
1679,97,0.010000,1.000000,776,1467896
1680,156,0.010000,1.000000,1248,1469144
1681,158,0.010000,1.000000,1264,1470408
1682,99,0.010000,1.000000,792,1471200
1683,97,0.010000,1.000000,776,1471976
1684,155,0.010000,1.000000,1240,1473216
1685,97,0.010000,1.000000,776,1473992
1686,157,0.010000,1.000000,1256,1475248
1687,99,0.010000,1.000000,792,1476040
1688,97,0.010000,1.000000,776,1476816
1689,99,0.010000,1.000000,792,1477608
1690,97,0.010000,1.000000,776,1478384
1691,97,0.010000,1.000000,776,1479160
1692,97,0.010000,1.000000,776,1479936
1693,136,0.010000,1.000000,1088,1481024
1694,158,0.010000,1.000000,1264,1482288
1695,97,0.010000,1.000000,776,1483064
1696,158,0.010000,1.000000,1264,1484328
1697,158,0.010000,1.000000,1264,1485592
1698,97,0.010000,1.000000,776,1486368
1699,97,0.010000,1.000000,776,1487144
1700,97,0.010000,1.000000,776,1487920
1701,99,0.010000,1.000000,792,1488712
1702,158,0.010000,1.000000,1264,1489976
1703,158,0.010000,1.000000,1264,1491240
1704,99,0.010000,1.000000,792,1492032
1705,157,0.010000,1.000000,1256,1493288
1706,120,0.010000,1.000000,960,1494248
1707,97,0.010000,1.000000,776,1495024
1708,125,0.010000,1.000000,1000,1496024
1709,156,0.010000,1.000000,1248,1497272
1710,99,0.010000,1.000000,792,1498064
1711,97,0.010000,1.000000,776,1498840
1712,97,0.010000,1.000000,776,1499616
1713,97,0.010000,1.000000,776,1500392
1714,158,0.010000,1.000000,1264,1501656
1715,96,0.010000,1.000000,768,1502424
1716,124,0.010000,1.000000,992,1503416
1717,98,0.010000,1.000000,784,1504200
1718,97,0.010000,1.000000,776,1504976
1719,157,0.010000,1.000000,1256,1506232
1720,97,0.010000,1.000000,776,1507008
1721,158,0.010000,1.000000,1264,1508272
1722,99,0.010000,1.000000,792,1509064
1723,156,0.010000,1.000000,1248,1510312
1724,154,0.010000,1.000000,1232,1511544
1725,97,0.010000,1.000000,776,1512320
1726,97,0.010000,1.000000,776,1513096
1727,99,0.010000,1.000000,792,1513888
1728,97,0.010000,1.000000,776,1514664
1729,99,0.010000,1.000000,792,1515456
1730,97,0.010000,1.000000,776,1516232
1731,99,0.010000,1.000000,792,1517024
1732,158,0.010000,1.000000,1264,1518288
1733,158,0.010000,1.000000,1264,1519552
1734,97,0.010000,1.000000,776,1520328
1735,158,0.010000,1.000000,1264,1521592
1736,157,0.010000,1.000000,1256,1522848
1737,99,0.010000,1.000000,792,1523640
1738,99,0.010000,1.000000,792,1524432
1739,99,0.010000,1.000000,792,1525224
1740,97,0.010000,1.000000,776,1526000
1741,158,0.010000,1.000000,1264,1527264
1742,99,0.010000,1.000000,792,1528056
1743,97,0.010000,1.000000,776,1528832
1744,158,0.010000,1.000000,1264,1530096
1745,157,0.010000,1.000000,1256,1531352
1746,158,0.010000,1.000000,1264,1532616
1747,155,0.010000,1.000000,1240,1533856
1748,149,0.010000,1.000000,1192,1535048
1749,97,0.010000,1.000000,776,1535824
1750,124,0.010000,1.000000,992,1536816
1751,115,0.010000,1.000000,920,1537736
1752,99,0.010000,1.000000,792,1538528
1753,156,0.010000,1.000000,1248,1539776
1754,99,0.010000,1.000000,792,1540568
1755,99,0.010000,1.000000,792,1541360
1756,157,0.010000,1.000000,1256,1542616
1757,97,0.010000,1.000000,776,1543392
1758,158,0.010000,1.000000,1264,1544656
1759,97,0.010000,1.000000,776,1545432
1760,99,0.010000,1.000000,792,1546224
1761,99,0.010000,1.000000,792,1547016
1762,99,0.010000,1.000000,792,1547808
1763,156,0.010000,1.000000,1248,1549056
1764,97,0.010000,1.000000,776,1549832
1765,97,0.010000,1.000000,776,1550608
1766,158,0.010000,1.000000,1264,1551872
1767,97,0.010000,1.000000,776,1552648
1768,143,0.010000,1.000000,1144,1553792
1769,156,0.010000,1.000000,1248,1555040
1770,158,0.010000,1.000000,1264,1556304
1771,97,0.010000,1.000000,776,1557080
1772,98,0.010000,1.000000,784,1557864
1773,97,0.010000,1.000000,776,1558640
1774,99,0.010000,1.000000,792,1559432
1775,97,0.010000,1.000000,776,1560208
1776,97,0.010000,1.000000,776,1560984
1777,99,0.010000,1.000000,792,1561776
1778,158,0.010000,1.000000,1264,1563040
1779,147,0.010000,1.000000,1176,1564216
1780,158,0.010000,1.000000,1264,1565480
1781,99,0.010000,1.000000,792,1566272
1782,97,0.010000,1.000000,776,1567048
1783,157,0.010000,1.000000,1256,1568304
1784,158,0.010000,1.000000,1264,1569568
1785,99,0.010000,1.000000,792,1570360
1786,99,0.010000,1.000000,792,1571152
1787,97,0.010000,1.000000,776,1571928
1788,99,0.010000,1.000000,792,1572720
1789,158,0.010000,1.000000,1264,1573984
1790,158,0.010000,1.000000,1264,1575248
1791,99,0.010000,1.000000,792,1576040
1792,97,0.010000,1.000000,776,1576816
1793,158,0.010000,1.000000,1264,1578080
1794,97,0.010000,1.000000,776,1578856
1795,158,0.010000,1.000000,1264,1580120
1796,108,0.010000,1.000000,864,1580984
1797,98,0.010000,1.000000,784,1581768
1798,158,0.010000,1.000000,1264,1583032
1799,137,0.010000,1.000000,1096,1584128
1800,118,0.010000,1.000000,944,1585072
1801,97,0.010000,1.000000,776,1585848
1802,158,0.010000,1.000000,1264,1587112
1803,158,0.010000,1.000000,1264,1588376
1804,97,0.010000,1.000000,776,1589152
1805,99,0.010000,1.000000,792,1589944
1806,97,0.010000,1.000000,776,1590720
1807,128,0.010000,1.000000,1024,1591744
1808,158,0.010000,1.000000,1264,1593008
1809,97,0.010000,1.000000,776,1593784
1810,158,0.010000,1.000000,1264,1595048
1811,158,0.010000,1.000000,1264,1596312
1812,158,0.010000,1.000000,1264,1597576
1813,99,0.010000,1.000000,792,1598368
1814,99,0.010000,1.000000,792,1599160
1815,158,0.010000,1.000000,1264,1600424
1816,99,0.010000,1.000000,792,1601216
1817,158,0.010000,1.000000,1264,1602480
1818,158,0.010000,1.000000,1264,1603744
1819,97,0.010000,1.000000,776,1604520
1820,157,0.010000,1.000000,1256,1605776
1821,157,0.010000,1.000000,1256,1607032
1822,97,0.010000,1.000000,776,1607808
1823,96,0.010000,1.000000,768,1608576
1824,96,0.010000,1.000000,768,1609344
1825,158,0.010000,1.000000,1264,1610608
1826,99,0.010000,1.000000,792,1611400
1827,96,0.010000,1.000000,768,1612168
1828,158,0.010000,1.000000,1264,1613432
1829,97,0.010000,1.000000,776,1614208
1830,97,0.010000,1.000000,776,1614984
1831,158,0.010000,1.000000,1264,1616248
1832,158,0.010000,1.000000,1264,1617512
1833,97,0.010000,1.000000,776,1618288
1834,99,0.010000,1.000000,792,1619080
1835,97,0.010000,1.000000,776,1619856
1836,97,0.010000,1.000000,776,1620632
1837,97,0.010000,1.000000,776,1621408
1838,142,0.010000,1.000000,1136,1622544
1839,157,0.010000,1.000000,1256,1623800
1840,99,0.010000,1.000000,792,1624592
1841,97,0.010000,1.000000,776,1625368
1842,158,0.010000,1.000000,1264,1626632
1843,158,0.010000,1.000000,1264,1627896
1844,97,0.010000,1.000000,776,1628672
1845,97,0.010000,1.000000,776,1629448
1846,99,0.010000,1.000000,792,1630240
1847,97,0.010000,1.000000,776,1631016
1848,158,0.010000,1.000000,1264,1632280
1849,98,0.010000,1.000000,784,1633064
1850,97,0.010000,1.000000,776,1633840
1851,99,0.010000,1.000000,792,1634632
1852,158,0.010000,1.000000,1264,1635896
1853,158,0.010000,1.000000,1264,1637160
1854,99,0.010000,1.000000,792,1637952
1855,158,0.010000,1.000000,1264,1639216
1856,99,0.010000,1.000000,792,1640008
1857,99,0.010000,1.000000,792,1640800
1858,97,0.010000,1.000000,776,1641576
1859,99,0.010000,1.000000,792,1642368
1860,158,0.010000,1.000000,1264,1643632
1861,99,0.010000,1.000000,792,1644424
1862,97,0.010000,1.000000,776,1645200
1863,158,0.010000,1.000000,1264,1646464
1864,97,0.010000,1.000000,776,1647240
1865,151,0.010000,1.000000,1208,1648448
1866,156,0.010000,1.000000,1248,1649696
1867,99,0.010000,1.000000,792,1650488
1868,99,0.010000,1.000000,792,1651280
1869,97,0.010000,1.000000,776,1652056
1870,120,0.010000,1.000000,960,1653016
1871,155,0.010000,1.000000,1240,1654256
1872,158,0.010000,1.000000,1264,1655520
1873,97,0.010000,1.000000,776,1656296
1874,157,0.010000,1.000000,1256,1657552
1875,158,0.010000,1.000000,1264,1658816
1876,158,0.010000,1.000000,1264,1660080
1877,97,0.010000,1.000000,776,1660856
1878,158,0.010000,1.000000,1264,1662120
1879,96,0.010000,1.000000,768,1662888
1880,157,0.010000,1.000000,1256,1664144
1881,97,0.010000,1.000000,776,1664920
1882,99,0.010000,1.000000,792,1665712
1883,158,0.010000,1.000000,1264,1666976
1884,99,0.010000,1.000000,792,1667768
1885,99,0.010000,1.000000,792,1668560
1886,99,0.010000,1.000000,792,1669352
1887,99,0.010000,1.000000,792,1670144
1888,158,0.010000,1.000000,1264,1671408
1889,158,0.010000,1.000000,1264,1672672
1890,99,0.010000,1.000000,792,1673464
1891,97,0.010000,1.000000,776,1674240
1892,99,0.010000,1.000000,792,1675032
1893,125,0.010000,1.000000,1000,1676032
1894,158,0.010000,1.000000,1264,1677296
1895,99,0.010000,1.000000,792,1678088
1896,97,0.010000,1.000000,776,1678864
1897,146,0.010000,1.000000,1168,1680032
1898,99,0.010000,1.000000,792,1680824
1899,97,0.010000,1.000000,776,1681600
1900,157,0.010000,1.000000,1256,1682856
1901,96,0.010000,1.000000,768,1683624
1902,158,0.010000,1.000000,1264,1684888
1903,136,0.010000,1.000000,1088,1685976
1904,158,0.010000,1.000000,1264,1687240
1905,97,0.010000,1.000000,776,1688016
1906,157,0.010000,1.000000,1256,1689272
1907,97,0.010000,1.000000,776,1690048
1908,157,0.010000,1.000000,1256,1691304
1909,158,0.010000,1.000000,1264,1692568
1910,158,0.010000,1.000000,1264,1693832
1911,97,0.010000,1.000000,776,1694608
1912,99,0.010000,1.000000,792,1695400
1913,99,0.010000,1.000000,792,1696192
1914,99,0.010000,1.000000,792,1696984
1915,97,0.010000,1.000000,776,1697760
1916,155,0.010000,1.000000,1240,1699000
1917,97,0.010000,1.000000,776,1699776
1918,97,0.010000,1.000000,776,1700552
1919,96,0.010000,1.000000,768,1701320
1920,158,0.010000,1.000000,1264,1702584
1921,97,0.010000,1.000000,776,1703360
1922,99,0.010000,1.000000,792,1704152
1923,97,0.010000,1.000000,776,1704928
1924,158,0.010000,1.000000,1264,1706192
1925,96,0.010000,1.000000,768,1706960
1926,102,0.010000,1.000000,816,1707776
1927,97,0.010000,1.000000,776,1708552
1928,157,0.010000,1.000000,1256,1709808
1929,97,0.010000,1.000000,776,1710584
1930,97,0.010000,1.000000,776,1711360
1931,97,0.010000,1.000000,776,1712136
1932,97,0.010000,1.000000,776,1712912
1933,122,0.010000,1.000000,976,1713888
1934,97,0.010000,1.000000,776,1714664
1935,97,0.010000,1.000000,776,1715440
1936,97,0.010000,1.000000,776,1716216
1937,158,0.010000,1.000000,1264,1717480
1938,99,0.010000,1.000000,792,1718272
1939,157,0.010000,1.000000,1256,1719528
1940,99,0.010000,1.000000,792,1720320
1941,158,0.010000,1.000000,1264,1721584
1942,97,0.010000,1.000000,776,1722360
1943,97,0.010000,1.000000,776,1723136
1944,158,0.010000,1.000000,1264,1724400
1945,97,0.010000,1.000000,776,1725176
1946,158,0.010000,1.000000,1264,1726440
1947,158,0.010000,1.000000,1264,1727704
1948,158,0.010000,1.000000,1264,1728968
1949,156,0.010000,1.000000,1248,1730216
1950,97,0.010000,1.000000,776,1730992
1951,158,0.010000,1.000000,1264,1732256
1952,118,0.010000,1.000000,944,1733200
1953,157,0.010000,1.000000,1256,1734456
1954,158,0.010000,1.000000,1264,1735720
1955,156,0.010000,1.000000,1248,1736968
1956,138,0.010000,1.000000,1104,1738072
1957,99,0.010000,1.000000,792,1738864
1958,97,0.010000,1.000000,776,1739640
1959,99,0.010000,1.000000,792,1740432
1960,158,0.010000,1.000000,1264,1741696
1961,146,0.010000,1.000000,1168,1742864
1962,97,0.010000,1.000000,776,1743640
1963,108,0.010000,1.000000,864,1744504
1964,147,0.010000,1.000000,1176,1745680
1965,158,0.010000,1.000000,1264,1746944
1966,137,0.010000,1.000000,1096,1748040
1967,99,0.010000,1.000000,792,1748832
1968,158,0.010000,1.000000,1264,1750096
1969,157,0.010000,1.000000,1256,1751352
1970,157,0.010000,1.000000,1256,1752608
1971,158,0.010000,1.000000,1264,1753872
1972,157,0.010000,1.000000,1256,1755128
1973,96,0.010000,1.000000,768,1755896
1974,97,0.010000,1.000000,776,1756672
1975,99,0.010000,1.000000,792,1757464
1976,97,0.010000,1.000000,776,1758240
1977,97,0.010000,1.000000,776,1759016
1978,158,0.010000,1.000000,1264,1760280
1979,99,0.010000,1.000000,792,1761072
1980,97,0.010000,1.000000,776,1761848
1981,158,0.010000,1.000000,1264,1763112
1982,158,0.010000,1.000000,1264,1764376
1983,158,0.010000,1.000000,1264,1765640
1984,157,0.010000,1.000000,1256,1766896
1985,97,0.010000,1.000000,776,1767672
1986,158,0.010000,1.000000,1264,1768936
1987,130,0.010000,1.000000,1040,1769976
1988,99,0.010000,1.000000,792,1770768
1989,96,0.010000,1.000000,768,1771536
1990,97,0.010000,1.000000,776,1772312
1991,156,0.010000,1.000000,1248,1773560
1992,97,0.010000,1.000000,776,1774336
1993,158,0.010000,1.000000,1264,1775600
1994,158,0.010000,1.000000,1264,1776864
1995,97,0.010000,1.000000,776,1777640
1996,131,0.010000,1.000000,1048,1778688
1997,157,0.010000,1.000000,1256,1779944
1998,107,0.010000,1.000000,856,1780800
1999,97,0.010000,1.000000,776,1781576
2000,158,0.010000,1.000000,1264,1782840
2001,96,0.010000,1.000000,768,1783608
2002,97,0.010000,1.000000,776,1784384
2003,157,0.010000,1.000000,1256,1785640
2004,97,0.010000,1.000000,776,1786416
2005,158,0.010000,1.000000,1264,1787680
2006,97,0.010000,1.000000,776,1788456
2007,97,0.010000,1.000000,776,1789232
2008,97,0.010000,1.000000,776,1790008
2009,157,0.010000,1.000000,1256,1791264
2010,158,0.010000,1.000000,1264,1792528
2011,97,0.010000,1.000000,776,1793304
2012,99,0.010000,1.000000,792,1794096
2013,135,0.010000,1.000000,1080,1795176
2014,97,0.010000,1.000000,776,1795952
2015,158,0.010000,1.000000,1264,1797216
2016,157,0.010000,1.000000,1256,1798472
2017,97,0.010000,1.000000,776,1799248
2018,97,0.010000,1.000000,776,1800024
2019,97,0.010000,1.000000,776,1800800
2020,156,0.010000,1.000000,1248,1802048
2021,97,0.010000,1.000000,776,1802824
2022,158,0.010000,1.000000,1264,1804088
2023,158,0.010000,1.000000,1264,1805352
2024,97,0.010000,1.000000,776,1806128
2025,158,0.010000,1.000000,1264,1807392
2026,157,0.010000,1.000000,1256,1808648
2027,158,0.010000,1.000000,1264,1809912
2028,99,0.010000,1.000000,792,1810704
2029,158,0.010000,1.000000,1264,1811968
2030,142,0.010000,1.000000,1136,1813104
2031,122,0.010000,1.000000,976,1814080
2032,158,0.010000,1.000000,1264,1815344
2033,97,0.010000,1.000000,776,1816120
2034,158,0.010000,1.000000,1264,1817384
2035,97,0.010000,1.000000,776,1818160
2036,146,0.010000,1.000000,1168,1819328
2037,97,0.010000,1.000000,776,1820104
2038,157,0.010000,1.000000,1256,1821360
2039,158,0.010000,1.000000,1264,1822624
2040,157,0.010000,1.000000,1256,1823880
2041,157,0.010000,1.000000,1256,1825136
2042,152,0.010000,1.000000,1216,1826352
2043,136,0.010000,1.000000,1088,1827440
2044,158,0.010000,1.000000,1264,1828704
2045,158,0.010000,1.000000,1264,1829968
2046,157,0.010000,1.000000,1256,1831224
2047,97,0.010000,1.000000,776,1832000
2048,158,0.010000,1.000000,1264,1833264
2049,156,0.010000,1.000000,1248,1834512
2050,97,0.010000,1.000000,776,1835288
2051,158,0.010000,1.000000,1264,1836552
2052,97,0.010000,1.000000,776,1837328
2053,158,0.010000,1.000000,1264,1838592
2054,156,0.010000,1.000000,1248,1839840
2055,99,0.010000,1.000000,792,1840632
2056,157,0.010000,1.000000,1256,1841888
2057,140,0.010000,1.000000,1120,1843008
2058,112,0.010000,1.000000,896,1843904
2059,97,0.010000,1.000000,776,1844680
2060,99,0.010000,1.000000,792,1845472
2061,156,0.010000,1.000000,1248,1846720
2062,97,0.010000,1.000000,776,1847496
2063,158,0.010000,1.000000,1264,1848760
2064,158,0.010000,1.000000,1264,1850024
2065,118,0.010000,1.000000,944,1850968
2066,158,0.010000,1.000000,1264,1852232
2067,158,0.010000,1.000000,1264,1853496
2068,97,0.010000,1.000000,776,1854272
2069,97,0.010000,1.000000,776,1855048
2070,158,0.010000,1.000000,1264,1856312
2071,99,0.010000,1.000000,792,1857104
2072,158,0.010000,1.000000,1264,1858368
2073,96,0.010000,1.000000,768,1859136
2074,99,0.010000,1.000000,792,1859928
2075,158,0.010000,1.000000,1264,1861192
2076,158,0.010000,1.000000,1264,1862456
2077,157,0.010000,1.000000,1256,1863712
2078,96,0.010000,1.000000,768,1864480
2079,158,0.010000,1.000000,1264,1865744
2080,156,0.010000,1.000000,1248,1866992
2081,158,0.010000,1.000000,1264,1868256
2082,97,0.010000,1.000000,776,1869032
2083,97,0.010000,1.000000,776,1869808
2084,97,0.010000,1.000000,776,1870584
2085,157,0.010000,1.000000,1256,1871840
2086,157,0.010000,1.000000,1256,1873096
2087,158,0.010000,1.000000,1264,1874360
2088,157,0.010000,1.000000,1256,1875616
2089,155,0.010000,1.000000,1240,1876856
2090,99,0.010000,1.000000,792,1877648
2091,96,0.010000,1.000000,768,1878416
2092,158,0.010000,1.000000,1264,1879680
2093,97,0.010000,1.000000,776,1880456
2094,97,0.010000,1.000000,776,1881232
2095,158,0.010000,1.000000,1264,1882496
2096,97,0.010000,1.000000,776,1883272
2097,99,0.010000,1.000000,792,1884064
2098,96,0.010000,1.000000,768,1884832
2099,158,0.010000,1.000000,1264,1886096
2100,158,0.010000,1.000000,1264,1887360
2101,97,0.010000,1.000000,776,1888136
2102,99,0.010000,1.000000,792,1888928
2103,97,0.010000,1.000000,776,1889704
2104,157,0.010000,1.000000,1256,1890960
2105,99,0.010000,1.000000,792,1891752
2106,97,0.010000,1.000000,776,1892528
2107,99,0.010000,1.000000,792,1893320
2108,97,0.010000,1.000000,776,1894096
2109,97,0.010000,1.000000,776,1894872
2110,99,0.010000,1.000000,792,1895664
2111,158,0.010000,1.000000,1264,1896928
2112,97,0.010000,1.000000,776,1897704
2113,134,0.010000,1.000000,1072,1898776
2114,97,0.010000,1.000000,776,1899552
2115,97,0.010000,1.000000,776,1900328
2116,158,0.010000,1.000000,1264,1901592
2117,99,0.010000,1.000000,792,1902384
2118,99,0.010000,1.000000,792,1903176
2119,97,0.010000,1.000000,776,1903952
2120,96,0.010000,1.000000,768,1904720
2121,99,0.010000,1.000000,792,1905512
2122,158,0.010000,1.000000,1264,1906776
2123,97,0.010000,1.000000,776,1907552
2124,97,0.010000,1.000000,776,1908328
2125,152,0.010000,1.000000,1216,1909544
2126,97,0.010000,1.000000,776,1910320
2127,97,0.010000,1.000000,776,1911096
2128,99,0.010000,1.000000,792,1911888
2129,123,0.010000,1.000000,984,1912872
2130,96,0.010000,1.000000,768,1913640
2131,99,0.010000,1.000000,792,1914432
2132,158,0.010000,1.000000,1264,1915696
2133,102,0.010000,1.000000,816,1916512
2134,99,0.010000,1.000000,792,1917304
2135,99,0.010000,1.000000,792,1918096
2136,99,0.010000,1.000000,792,1918888
2137,158,0.010000,1.000000,1264,1920152
2138,97,0.010000,1.000000,776,1920928
2139,99,0.010000,1.000000,792,1921720
2140,158,0.010000,1.000000,1264,1922984
2141,157,0.010000,1.000000,1256,1924240
2142,97,0.010000,1.000000,776,1925016
2143,154,0.010000,1.000000,1232,1926248
2144,99,0.010000,1.000000,792,1927040
2145,158,0.010000,1.000000,1264,1928304
2146,99,0.010000,1.000000,792,1929096
2147,158,0.010000,1.000000,1264,1930360
2148,158,0.010000,1.000000,1264,1931624
2149,158,0.010000,1.000000,1264,1932888
2150,97,0.010000,1.000000,776,1933664
2151,99,0.010000,1.000000,792,1934456
2152,99,0.010000,1.000000,792,1935248
2153,97,0.010000,1.000000,776,1936024
2154,115,0.010000,1.000000,920,1936944
2155,97,0.010000,1.000000,776,1937720
2156,108,0.010000,1.000000,864,1938584
2157,99,0.010000,1.000000,792,1939376
2158,99,0.010000,1.000000,792,1940168
2159,97,0.010000,1.000000,776,1940944
2160,97,0.010000,1.000000,776,1941720
2161,97,0.010000,1.000000,776,1942496
2162,158,0.010000,1.000000,1264,1943760
2163,155,0.010000,1.000000,1240,1945000
2164,99,0.010000,1.000000,792,1945792
2165,99,0.010000,1.000000,792,1946584
2166,97,0.010000,1.000000,776,1947360
2167,97,0.010000,1.000000,776,1948136
2168,99,0.010000,1.000000,792,1948928
2169,158,0.010000,1.000000,1264,1950192
2170,158,0.010000,1.000000,1264,1951456
2171,97,0.010000,1.000000,776,1952232
2172,99,0.010000,1.000000,792,1953024
2173,158,0.010000,1.000000,1264,1954288
2174,99,0.010000,1.000000,792,1955080
2175,97,0.010000,1.000000,776,1955856
2176,158,0.010000,1.000000,1264,1957120
2177,158,0.010000,1.000000,1264,1958384
2178,132,0.010000,1.000000,1056,1959440
2179,99,0.010000,1.000000,792,1960232
2180,97,0.010000,1.000000,776,1961008
2181,97,0.010000,1.000000,776,1961784
2182,97,0.010000,1.000000,776,1962560
2183,96,0.010000,1.000000,768,1963328
2184,97,0.010000,1.000000,776,1964104
2185,158,0.010000,1.000000,1264,1965368
2186,99,0.010000,1.000000,792,1966160
2187,99,0.010000,1.000000,792,1966952
2188,158,0.010000,1.000000,1264,1968216
2189,97,0.010000,1.000000,776,1968992
2190,99,0.010000,1.000000,792,1969784
2191,99,0.010000,1.000000,792,1970576
2192,99,0.010000,1.000000,792,1971368
2193,157,0.010000,1.000000,1256,1972624
2194,143,0.010000,1.000000,1144,1973768
2195,99,0.010000,1.000000,792,1974560
2196,158,0.010000,1.000000,1264,1975824
2197,96,0.010000,1.000000,768,1976592
2198,97,0.010000,1.000000,776,1977368
2199,127,0.010000,1.000000,1016,1978384
2200,97,0.010000,1.000000,776,1979160
2201,132,0.010000,1.000000,1056,1980216
2202,99,0.010000,1.000000,792,1981008
2203,158,0.010000,1.000000,1264,1982272
2204,96,0.010000,1.000000,768,1983040
2205,154,0.010000,1.000000,1232,1984272
2206,158,0.010000,1.000000,1264,1985536
2207,133,0.010000,1.000000,1064,1986600
2208,99,0.010000,1.000000,792,1987392
2209,158,0.010000,1.000000,1264,1988656
2210,99,0.010000,1.000000,792,1989448
2211,99,0.010000,1.000000,792,1990240
2212,97,0.010000,1.000000,776,1991016
2213,157,0.010000,1.000000,1256,1992272
2214,97,0.010000,1.000000,776,1993048
2215,158,0.010000,1.000000,1264,1994312
2216,99,0.010000,1.000000,792,1995104
2217,99,0.010000,1.000000,792,1995896
2218,99,0.010000,1.000000,792,1996688
2219,156,0.010000,1.000000,1248,1997936
2220,99,0.010000,1.000000,792,1998728
2221,157,0.010000,1.000000,1256,1999984
2222,158,0.010000,1.000000,1264,2001248
2223,158,0.010000,1.000000,1264,2002512
2224,158,0.010000,1.000000,1264,2003776
2225,97,0.010000,1.000000,776,2004552
2226,99,0.010000,1.000000,792,2005344
2227,97,0.010000,1.000000,776,2006120
2228,158,0.010000,1.000000,1264,2007384
2229,158,0.010000,1.000000,1264,2008648
2230,158,0.010000,1.000000,1264,2009912
2231,99,0.010000,1.000000,792,2010704
2232,99,0.010000,1.000000,792,2011496
2233,97,0.010000,1.000000,776,2012272
2234,99,0.010000,1.000000,792,2013064
2235,158,0.010000,1.000000,1264,2014328
2236,157,0.010000,1.000000,1256,2015584
2237,99,0.010000,1.000000,792,2016376
2238,158,0.010000,1.000000,1264,2017640
2239,97,0.010000,1.000000,776,2018416
2240,158,0.010000,1.000000,1264,2019680
2241,158,0.010000,1.000000,1264,2020944
2242,99,0.010000,1.000000,792,2021736
2243,99,0.010000,1.000000,792,2022528
2244,115,0.010000,1.000000,920,2023448
2245,99,0.010000,1.000000,792,2024240
2246,99,0.010000,1.000000,792,2025032
2247,158,0.010000,1.000000,1264,2026296
2248,99,0.010000,1.000000,792,2027088
2249,99,0.010000,1.000000,792,2027880
2250,157,0.010000,1.000000,1256,2029136
2251,97,0.010000,1.000000,776,2029912
2252,120,0.010000,1.000000,960,2030872
2253,99,0.010000,1.000000,792,2031664
2254,99,0.010000,1.000000,792,2032456
2255,99,0.010000,1.000000,792,2033248
2256,99,0.010000,1.000000,792,2034040
2257,99,0.010000,1.000000,792,2034832
2258,158,0.010000,1.000000,1264,2036096
2259,99,0.010000,1.000000,792,2036888
2260,99,0.010000,1.000000,792,2037680
2261,99,0.010000,1.000000,792,2038472
2262,99,0.010000,1.000000,792,2039264
2263,158,0.010000,1.000000,1264,2040528
2264,97,0.010000,1.000000,776,2041304
2265,132,0.010000,1.000000,1056,2042360
2266,99,0.010000,1.000000,792,2043152
2267,97,0.010000,1.000000,776,2043928
2268,99,0.010000,1.000000,792,2044720
2269,157,0.010000,1.000000,1256,2045976
2270,99,0.010000,1.000000,792,2046768
2271,96,0.010000,1.000000,768,2047536
2272,99,0.010000,1.000000,792,2048328
2273,99,0.010000,1.000000,792,2049120
2274,96,0.010000,1.000000,768,2049888
2275,99,0.010000,1.000000,792,2050680
2276,158,0.010000,1.000000,1264,2051944
2277,97,0.010000,1.000000,776,2052720
2278,96,0.010000,1.000000,768,2053488
2279,97,0.010000,1.000000,776,2054264
2280,99,0.010000,1.000000,792,2055056
2281,97,0.010000,1.000000,776,2055832
2282,99,0.010000,1.000000,792,2056624
2283,155,0.010000,1.000000,1240,2057864
2284,96,0.010000,1.000000,768,2058632
2285,97,0.010000,1.000000,776,2059408
2286,158,0.010000,1.000000,1264,2060672
2287,158,0.010000,1.000000,1264,2061936
2288,99,0.010000,1.000000,792,2062728
2289,99,0.010000,1.000000,792,2063520
2290,158,0.010000,1.000000,1264,2064784
2291,120,0.010000,1.000000,960,2065744
2292,99,0.010000,1.000000,792,2066536
2293,99,0.010000,1.000000,792,2067328
2294,99,0.010000,1.000000,792,2068120
2295,99,0.010000,1.000000,792,2068912
2296,99,0.010000,1.000000,792,2069704
2297,122,0.010000,1.000000,976,2070680
2298,97,0.010000,1.000000,776,2071456
2299,99,0.010000,1.000000,792,2072248
2300,99,0.010000,1.000000,792,2073040
2301,97,0.010000,1.000000,776,2073816
2302,99,0.010000,1.000000,792,2074608
2303,99,0.010000,1.000000,792,2075400
2304,99,0.010000,1.000000,792,2076192
2305,99,0.010000,1.000000,792,2076984
2306,97,0.010000,1.000000,776,2077760
2307,99,0.010000,1.000000,792,2078552
2308,157,0.010000,1.000000,1256,2079808
2309,97,0.010000,1.000000,776,2080584
2310,99,0.010000,1.000000,792,2081376
2311,99,0.010000,1.000000,792,2082168
2312,144,0.010000,1.000000,1152,2083320
2313,99,0.010000,1.000000,792,2084112
2314,99,0.010000,1.000000,792,2084904
2315,149,0.010000,1.000000,1192,2086096
2316,156,0.010000,1.000000,1248,2087344
2317,99,0.010000,1.000000,792,2088136
2318,158,0.010000,1.000000,1264,2089400
2319,97,0.010000,1.000000,776,2090176
2320,99,0.010000,1.000000,792,2090968
2321,97,0.010000,1.000000,776,2091744
2322,99,0.010000,1.000000,792,2092536
2323,97,0.010000,1.000000,776,2093312
2324,97,0.010000,1.000000,776,2094088
2325,158,0.010000,1.000000,1264,2095352
2326,99,0.010000,1.000000,792,2096144
2327,99,0.010000,1.000000,792,2096936
2328,158,0.010000,1.000000,1264,2098200
2329,98,0.010000,1.000000,784,2098984
2330,158,0.010000,1.000000,1264,2100248
2331,156,0.010000,1.000000,1248,2101496
2332,96,0.010000,1.000000,768,2102264
2333,97,0.010000,1.000000,776,2103040
2334,120,0.010000,1.000000,960,2104000
2335,96,0.010000,1.000000,768,2104768
2336,99,0.010000,1.000000,792,2105560
2337,139,0.010000,1.000000,1112,2106672
2338,99,0.010000,1.000000,792,2107464
2339,99,0.010000,1.000000,792,2108256
2340,99,0.010000,1.000000,792,2109048
2341,99,0.010000,1.000000,792,2109840
2342,99,0.010000,1.000000,792,2110632
2343,97,0.010000,1.000000,776,2111408
2344,99,0.010000,1.000000,792,2112200
2345,158,0.010000,1.000000,1264,2113464
2346,99,0.010000,1.000000,792,2114256
2347,99,0.010000,1.000000,792,2115048
2348,99,0.010000,1.000000,792,2115840
2349,99,0.010000,1.000000,792,2116632
2350,99,0.010000,1.000000,792,2117424
2351,158,0.010000,1.000000,1264,2118688
2352,99,0.010000,1.000000,792,2119480
2353,99,0.010000,1.000000,792,2120272
2354,156,0.010000,1.000000,1248,2121520
2355,99,0.010000,1.000000,792,2122312
2356,97,0.010000,1.000000,776,2123088
2357,99,0.010000,1.000000,792,2123880
2358,99,0.010000,1.000000,792,2124672
2359,158,0.010000,1.000000,1264,2125936
2360,97,0.010000,1.000000,776,2126712
2361,99,0.010000,1.000000,792,2127504
2362,99,0.010000,1.000000,792,2128296
2363,99,0.010000,1.000000,792,2129088
2364,99,0.010000,1.000000,792,2129880
2365,99,0.010000,1.000000,792,2130672
2366,140,0.010000,1.000000,1120,2131792
2367,106,0.010000,1.000000,848,2132640
2368,155,0.010000,1.000000,1240,2133880
2369,99,0.010000,1.000000,792,2134672
2370,99,0.010000,1.000000,792,2135464
2371,99,0.010000,1.000000,792,2136256
2372,99,0.010000,1.000000,792,2137048
2373,99,0.010000,1.000000,792,2137840
2374,99,0.010000,1.000000,792,2138632
2375,158,0.010000,1.000000,1264,2139896
2376,99,0.010000,1.000000,792,2140688
2377,99,0.010000,1.000000,792,2141480
2378,158,0.010000,1.000000,1264,2142744
2379,99,0.010000,1.000000,792,2143536
2380,126,0.010000,1.000000,1008,2144544
2381,158,0.010000,1.000000,1264,2145808
2382,157,0.010000,1.000000,1256,2147064
2383,158,0.010000,1.000000,1264,2148328
2384,99,0.010000,1.000000,792,2149120
2385,158,0.010000,1.000000,1264,2150384
2386,97,0.010000,1.000000,776,2151160
2387,97,0.010000,1.000000,776,2151936
2388,99,0.010000,1.000000,792,2152728
2389,99,0.010000,1.000000,792,2153520
2390,97,0.010000,1.000000,776,2154296
2391,99,0.010000,1.000000,792,2155088
2392,123,0.010000,1.000000,984,2156072
2393,99,0.010000,1.000000,792,2156864
2394,99,0.010000,1.000000,792,2157656
2395,99,0.010000,1.000000,792,2158448
2396,99,0.010000,1.000000,792,2159240
2397,99,0.010000,1.000000,792,2160032
2398,99,0.010000,1.000000,792,2160824
2399,158,0.010000,1.000000,1264,2162088
2400,99,0.010000,1.000000,792,2162880
2401,99,0.010000,1.000000,792,2163672
2402,99,0.010000,1.000000,792,2164464
2403,97,0.010000,1.000000,776,2165240
2404,158,0.010000,1.000000,1264,2166504
2405,158,0.010000,1.000000,1264,2167768
2406,157,0.010000,1.000000,1256,2169024
2407,99,0.010000,1.000000,792,2169816
2408,158,0.010000,1.000000,1264,2171080
2409,99,0.010000,1.000000,792,2171872
2410,99,0.010000,1.000000,792,2172664
2411,156,0.010000,1.000000,1248,2173912
2412,99,0.010000,1.000000,792,2174704
2413,99,0.010000,1.000000,792,2175496
2414,96,0.010000,1.000000,768,2176264
2415,155,0.010000,1.000000,1240,2177504
2416,99,0.010000,1.000000,792,2178296
2417,99,0.010000,1.000000,792,2179088
2418,166,0.010000,1.000000,1328,2180416
2419,156,0.010000,1.000000,1248,2181664
2420,99,0.010000,1.000000,792,2182456
2421,97,0.010000,1.000000,776,2183232
2422,99,0.010000,1.000000,792,2184024
2423,157,0.010000,1.000000,1256,2185280
2424,99,0.010000,1.000000,792,2186072
2425,99,0.010000,1.000000,792,2186864
2426,99,0.010000,1.000000,792,2187656
2427,158,0.010000,1.000000,1264,2188920
2428,119,0.010000,1.000000,952,2189872
2429,99,0.010000,1.000000,792,2190664
2430,99,0.010000,1.000000,792,2191456
2431,130,0.010000,1.000000,1040,2192496
2432,99,0.010000,1.000000,792,2193288
2433,99,0.010000,1.000000,792,2194080
2434,158,0.010000,1.000000,1264,2195344
2435,99,0.010000,1.000000,792,2196136
2436,97,0.010000,1.000000,776,2196912
2437,99,0.010000,1.000000,792,2197704
2438,158,0.010000,1.000000,1264,2198968
2439,99,0.010000,1.000000,792,2199760
2440,99,0.010000,1.000000,792,2200552
2441,99,0.010000,1.000000,792,2201344
2442,99,0.010000,1.000000,792,2202136
2443,158,0.010000,1.000000,1264,2203400
2444,97,0.010000,1.000000,776,2204176
2445,99,0.010000,1.000000,792,2204968
2446,99,0.010000,1.000000,792,2205760
2447,97,0.010000,1.000000,776,2206536
2448,158,0.010000,1.000000,1264,2207800
2449,97,0.010000,1.000000,776,2208576
2450,97,0.010000,1.000000,776,2209352
2451,99,0.010000,1.000000,792,2210144
2452,99,0.010000,1.000000,792,2210936
2453,99,0.010000,1.000000,792,2211728
2454,97,0.010000,1.000000,776,2212504
2455,97,0.010000,1.000000,776,2213280
2456,99,0.010000,1.000000,792,2214072
2457,152,0.010000,1.000000,1216,2215288
2458,158,0.010000,1.000000,1264,2216552
2459,157,0.010000,1.000000,1256,2217808
2460,158,0.010000,1.000000,1264,2219072
2461,158,0.010000,1.000000,1264,2220336
2462,135,0.010000,1.000000,1080,2221416
2463,99,0.010000,1.000000,792,2222208
2464,147,0.010000,1.000000,1176,2223384
2465,117,0.010000,1.000000,936,2224320
2466,99,0.010000,1.000000,792,2225112
2467,158,0.010000,1.000000,1264,2226376
2468,99,0.010000,1.000000,792,2227168
2469,99,0.010000,1.000000,792,2227960
2470,97,0.010000,1.000000,776,2228736
2471,109,0.010000,1.000000,872,2229608
2472,99,0.010000,1.000000,792,2230400
2473,158,0.010000,1.000000,1264,2231664
2474,158,0.010000,1.000000,1264,2232928
2475,99,0.010000,1.000000,792,2233720
2476,156,0.010000,1.000000,1248,2234968
2477,158,0.010000,1.000000,1264,2236232
2478,97,0.010000,1.000000,776,2237008
2479,99,0.010000,1.000000,792,2237800
2480,158,0.010000,1.000000,1264,2239064
2481,97,0.010000,1.000000,776,2239840
2482,158,0.010000,1.000000,1264,2241104
2483,151,0.010000,1.000000,1208,2242312
2484,99,0.010000,1.000000,792,2243104
2485,122,0.010000,1.000000,976,2244080
2486,106,0.010000,1.000000,848,2244928
2487,148,0.010000,1.000000,1184,2246112
2488,99,0.010000,1.000000,792,2246904
2489,99,0.010000,1.000000,792,2247696
2490,158,0.010000,1.000000,1264,2248960
2491,156,0.010000,1.000000,1248,2250208
2492,97,0.010000,1.000000,776,2250984
2493,99,0.010000,1.000000,792,2251776
2494,158,0.010000,1.000000,1264,2253040
2495,99,0.010000,1.000000,792,2253832
2496,158,0.010000,1.000000,1264,2255096
2497,97,0.010000,1.000000,776,2255872
2498,97,0.010000,1.000000,776,2256648
2499,96,0.010000,1.000000,768,2257416
2500,99,0.010000,1.000000,792,2258208
2501,99,0.010000,1.000000,792,2259000
2502,105,0.010000,1.000000,840,2259840
2503,99,0.010000,1.000000,792,2260632
2504,99,0.010000,1.000000,792,2261424
2505,97,0.010000,1.000000,776,2262200
2506,97,0.010000,1.000000,776,2262976
2507,158,0.010000,1.000000,1264,2264240
2508,158,0.010000,1.000000,1264,2265504
2509,99,0.010000,1.000000,792,2266296
2510,99,0.010000,1.000000,792,2267088
2511,99,0.010000,1.000000,792,2267880
2512,97,0.010000,1.000000,776,2268656
2513,99,0.010000,1.000000,792,2269448
2514,158,0.010000,1.000000,1264,2270712
2515,99,0.010000,1.000000,792,2271504
2516,97,0.010000,1.000000,776,2272280
2517,157,0.010000,1.000000,1256,2273536
2518,99,0.010000,1.000000,792,2274328
2519,99,0.010000,1.000000,792,2275120
2520,99,0.010000,1.000000,792,2275912
2521,97,0.010000,1.000000,776,2276688
2522,158,0.010000,1.000000,1264,2277952
2523,99,0.010000,1.000000,792,2278744
2524,99,0.010000,1.000000,792,2279536
2525,99,0.010000,1.000000,792,2280328
2526,99,0.010000,1.000000,792,2281120
2527,99,0.010000,1.000000,792,2281912
2528,99,0.010000,1.000000,792,2282704
2529,156,0.010000,1.000000,1248,2283952
2530,99,0.010000,1.000000,792,2284744
2531,99,0.010000,1.000000,792,2285536
2532,99,0.010000,1.000000,792,2286328
2533,99,0.010000,1.000000,792,2287120
2534,99,0.010000,1.000000,792,2287912
2535,97,0.010000,1.000000,776,2288688
2536,99,0.010000,1.000000,792,2289480
2537,97,0.010000,1.000000,776,2290256
2538,99,0.010000,1.000000,792,2291048
2539,99,0.010000,1.000000,792,2291840
2540,102,0.010000,1.000000,816,2292656
2541,97,0.010000,1.000000,776,2293432
2542,117,0.010000,1.000000,936,2294368
2543,99,0.010000,1.000000,792,2295160
2544,99,0.010000,1.000000,792,2295952
2545,99,0.010000,1.000000,792,2296744
2546,101,0.010000,1.000000,808,2297552
2547,99,0.010000,1.000000,792,2298344
2548,99,0.010000,1.000000,792,2299136
2549,158,0.010000,1.000000,1264,2300400
2550,158,0.010000,1.000000,1264,2301664
2551,99,0.010000,1.000000,792,2302456
2552,163,0.010000,1.000000,1304,2303760
2553,158,0.010000,1.000000,1264,2305024
2554,99,0.010000,1.000000,792,2305816
2555,99,0.010000,1.000000,792,2306608
2556,99,0.010000,1.000000,792,2307400
2557,99,0.010000,1.000000,792,2308192
2558,99,0.010000,1.000000,792,2308984
2559,99,0.010000,1.000000,792,2309776
2560,157,0.010000,1.000000,1256,2311032
2561,99,0.010000,1.000000,792,2311824
2562,99,0.010000,1.000000,792,2312616
2563,158,0.010000,1.000000,1264,2313880
2564,97,0.010000,1.000000,776,2314656
2565,99,0.010000,1.000000,792,2315448
2566,99,0.010000,1.000000,792,2316240
2567,99,0.010000,1.000000,792,2317032
2568,99,0.010000,1.000000,792,2317824
2569,99,0.010000,1.000000,792,2318616
2570,99,0.010000,1.000000,792,2319408
2571,156,0.010000,1.000000,1248,2320656
2572,97,0.010000,1.000000,776,2321432
2573,158,0.010000,1.000000,1264,2322696
2574,97,0.010000,1.000000,776,2323472
2575,158,0.010000,1.000000,1264,2324736
2576,99,0.010000,1.000000,792,2325528
2577,99,0.010000,1.000000,792,2326320
2578,99,0.010000,1.000000,792,2327112
2579,99,0.010000,1.000000,792,2327904
2580,99,0.010000,1.000000,792,2328696
2581,99,0.010000,1.000000,792,2329488
2582,148,0.010000,1.000000,1184,2330672
2583,99,0.010000,1.000000,792,2331464
2584,158,0.010000,1.000000,1264,2332728
2585,99,0.010000,1.000000,792,2333520
2586,99,0.010000,1.000000,792,2334312
2587,120,0.010000,1.000000,960,2335272
2588,99,0.010000,1.000000,792,2336064
2589,98,0.010000,1.000000,784,2336848
2590,99,0.010000,1.000000,792,2337640
2591,99,0.010000,1.000000,792,2338432
2592,99,0.010000,1.000000,792,2339224
2593,99,0.010000,1.000000,792,2340016
2594,99,0.010000,1.000000,792,2340808
2595,99,0.010000,1.000000,792,2341600
2596,99,0.010000,1.000000,792,2342392
2597,99,0.010000,1.000000,792,2343184
2598,99,0.010000,1.000000,792,2343976
2599,112,0.010000,1.000000,896,2344872
2600,99,0.010000,1.000000,792,2345664
2601,99,0.010000,1.000000,792,2346456
2602,99,0.010000,1.000000,792,2347248
2603,132,0.010000,1.000000,1056,2348304
2604,99,0.010000,1.000000,792,2349096
2605,156,0.010000,1.000000,1248,2350344
2606,99,0.010000,1.000000,792,2351136
2607,99,0.010000,1.000000,792,2351928
2608,99,0.010000,1.000000,792,2352720
2609,158,0.010000,1.000000,1264,2353984
2610,109,0.010000,1.000000,872,2354856
2611,158,0.010000,1.000000,1264,2356120
2612,99,0.010000,1.000000,792,2356912
2613,99,0.010000,1.000000,792,2357704
2614,97,0.010000,1.000000,776,2358480
2615,99,0.010000,1.000000,792,2359272
2616,158,0.010000,1.000000,1264,2360536
2617,99,0.010000,1.000000,792,2361328
2618,99,0.010000,1.000000,792,2362120
2619,111,0.010000,1.000000,888,2363008
2620,99,0.010000,1.000000,792,2363800
2621,99,0.010000,1.000000,792,2364592
2622,99,0.010000,1.000000,792,2365384
2623,99,0.010000,1.000000,792,2366176
2624,99,0.010000,1.000000,792,2366968
2625,99,0.010000,1.000000,792,2367760
2626,99,0.010000,1.000000,792,2368552
2627,158,0.010000,1.000000,1264,2369816
2628,99,0.010000,1.000000,792,2370608
2629,158,0.010000,1.000000,1264,2371872
2630,99,0.010000,1.000000,792,2372664
2631,158,0.010000,1.000000,1264,2373928
2632,157,0.010000,1.000000,1256,2375184
2633,158,0.010000,1.000000,1264,2376448
2634,99,0.010000,1.000000,792,2377240
2635,99,0.010000,1.000000,792,2378032
2636,99,0.010000,1.000000,792,2378824
2637,99,0.010000,1.000000,792,2379616
2638,99,0.010000,1.000000,792,2380408
2639,99,0.010000,1.000000,792,2381200
2640,99,0.010000,1.000000,792,2381992
2641,98,0.010000,1.000000,784,2382776
2642,99,0.010000,1.000000,792,2383568
2643,99,0.010000,1.000000,792,2384360
2644,117,0.010000,1.000000,936,2385296
2645,99,0.010000,1.000000,792,2386088
2646,158,0.010000,1.000000,1264,2387352
2647,99,0.010000,1.000000,792,2388144
2648,99,0.010000,1.000000,792,2388936
2649,102,0.010000,1.000000,816,2389752
2650,158,0.010000,1.000000,1264,2391016
2651,99,0.010000,1.000000,792,2391808
2652,99,0.010000,1.000000,792,2392600
2653,158,0.010000,1.000000,1264,2393864
2654,99,0.010000,1.000000,792,2394656
2655,143,0.010000,1.000000,1144,2395800
2656,158,0.010000,1.000000,1264,2397064
2657,99,0.010000,1.000000,792,2397856
2658,97,0.010000,1.000000,776,2398632
2659,99,0.010000,1.000000,792,2399424
2660,156,0.010000,1.000000,1248,2400672
2661,158,0.010000,1.000000,1264,2401936
2662,158,0.010000,1.000000,1264,2403200
2663,99,0.010000,1.000000,792,2403992
2664,99,0.010000,1.000000,792,2404784
2665,158,0.010000,1.000000,1264,2406048
2666,99,0.010000,1.000000,792,2406840
2667,158,0.010000,1.000000,1264,2408104
2668,108,0.010000,1.000000,864,2408968
2669,99,0.010000,1.000000,792,2409760
2670,99,0.010000,1.000000,792,2410552
2671,158,0.010000,1.000000,1264,2411816
2672,158,0.010000,1.000000,1264,2413080
2673,99,0.010000,1.000000,792,2413872
2674,99,0.010000,1.000000,792,2414664
2675,99,0.010000,1.000000,792,2415456
2676,158,0.010000,1.000000,1264,2416720
2677,97,0.010000,1.000000,776,2417496
2678,99,0.010000,1.000000,792,2418288
2679,126,0.010000,1.000000,1008,2419296
2680,99,0.010000,1.000000,792,2420088
2681,99,0.010000,1.000000,792,2420880
2682,97,0.010000,1.000000,776,2421656
2683,97,0.010000,1.000000,776,2422432
2684,158,0.010000,1.000000,1264,2423696
2685,97,0.010000,1.000000,776,2424472
2686,127,0.010000,1.000000,1016,2425488
2687,99,0.010000,1.000000,792,2426280
2688,99,0.010000,1.000000,792,2427072
2689,140,0.010000,1.000000,1120,2428192
2690,97,0.010000,1.000000,776,2428968
2691,99,0.010000,1.000000,792,2429760
2692,99,0.010000,1.000000,792,2430552
2693,157,0.010000,1.000000,1256,2431808
2694,99,0.010000,1.000000,792,2432600
2695,99,0.010000,1.000000,792,2433392
2696,161,0.010000,1.000000,1288,2434680
2697,99,0.010000,1.000000,792,2435472
2698,158,0.010000,1.000000,1264,2436736
2699,99,0.010000,1.000000,792,2437528
2700,99,0.010000,1.000000,792,2438320
2701,99,0.010000,1.000000,792,2439112
2702,99,0.010000,1.000000,792,2439904
2703,158,0.010000,1.000000,1264,2441168
2704,99,0.010000,1.000000,792,2441960
2705,99,0.010000,1.000000,792,2442752
2706,97,0.010000,1.000000,776,2443528
2707,99,0.010000,1.000000,792,2444320
2708,158,0.010000,1.000000,1264,2445584
2709,99,0.010000,1.000000,792,2446376
2710,99,0.010000,1.000000,792,2447168
2711,99,0.010000,1.000000,792,2447960
2712,99,0.010000,1.000000,792,2448752
2713,158,0.010000,1.000000,1264,2450016
2714,99,0.010000,1.000000,792,2450808
2715,99,0.010000,1.000000,792,2451600
2716,158,0.010000,1.000000,1264,2452864
2717,99,0.010000,1.000000,792,2453656
2718,100,0.010000,1.000000,800,2454456
2719,158,0.010000,1.000000,1264,2455720
2720,99,0.010000,1.000000,792,2456512
2721,97,0.010000,1.000000,776,2457288
2722,99,0.010000,1.000000,792,2458080
2723,99,0.010000,1.000000,792,2458872
2724,99,0.010000,1.000000,792,2459664
2725,97,0.010000,1.000000,776,2460440
2726,99,0.010000,1.000000,792,2461232
2727,151,0.010000,1.000000,1208,2462440
2728,158,0.010000,1.000000,1264,2463704
2729,110,0.010000,1.000000,880,2464584
2730,99,0.010000,1.000000,792,2465376
2731,99,0.010000,1.000000,792,2466168
2732,99,0.010000,1.000000,792,2466960
2733,97,0.010000,1.000000,776,2467736
2734,97,0.010000,1.000000,776,2468512
2735,99,0.010000,1.000000,792,2469304
2736,99,0.010000,1.000000,792,2470096
2737,99,0.010000,1.000000,792,2470888
2738,99,0.010000,1.000000,792,2471680
2739,158,0.010000,1.000000,1264,2472944
2740,99,0.010000,1.000000,792,2473736
2741,99,0.010000,1.000000,792,2474528
2742,99,0.010000,1.000000,792,2475320
2743,99,0.010000,1.000000,792,2476112
2744,99,0.010000,1.000000,792,2476904
2745,99,0.010000,1.000000,792,2477696
2746,99,0.010000,1.000000,792,2478488
2747,99,0.010000,1.000000,792,2479280
2748,125,0.010000,1.000000,1000,2480280
2749,111,0.010000,1.000000,888,2481168
2750,99,0.010000,1.000000,792,2481960
2751,99,0.010000,1.000000,792,2482752
2752,158,0.010000,1.000000,1264,2484016
2753,99,0.010000,1.000000,792,2484808
2754,97,0.010000,1.000000,776,2485584
2755,97,0.010000,1.000000,776,2486360
2756,158,0.010000,1.000000,1264,2487624
2757,99,0.010000,1.000000,792,2488416
2758,99,0.010000,1.000000,792,2489208
2759,99,0.010000,1.000000,792,2490000
2760,99,0.010000,1.000000,792,2490792
2761,99,0.010000,1.000000,792,2491584
2762,99,0.010000,1.000000,792,2492376
2763,99,0.010000,1.000000,792,2493168
2764,97,0.010000,1.000000,776,2493944
2765,97,0.010000,1.000000,776,2494720
2766,99,0.010000,1.000000,792,2495512
2767,109,0.010000,1.000000,872,2496384
2768,99,0.010000,1.000000,792,2497176
2769,97,0.010000,1.000000,776,2497952
2770,99,0.010000,1.000000,792,2498744
2771,158,0.010000,1.000000,1264,2500008
2772,99,0.010000,1.000000,792,2500800
2773,158,0.010000,1.000000,1264,2502064
2774,99,0.010000,1.000000,792,2502856
2775,103,0.010000,1.000000,824,2503680
2776,99,0.010000,1.000000,792,2504472
2777,144,0.010000,1.000000,1152,2505624
2778,99,0.010000,1.000000,792,2506416
2779,99,0.010000,1.000000,792,2507208
2780,99,0.010000,1.000000,792,2508000
2781,99,0.010000,1.000000,792,2508792
2782,99,0.010000,1.000000,792,2509584
2783,97,0.010000,1.000000,776,2510360
2784,99,0.010000,1.000000,792,2511152
2785,98,0.010000,1.000000,784,2511936
2786,97,0.010000,1.000000,776,2512712
2787,158,0.010000,1.000000,1264,2513976
2788,99,0.010000,1.000000,792,2514768
2789,138,0.010000,1.000000,1104,2515872
2790,99,0.010000,1.000000,792,2516664
2791,97,0.010000,1.000000,776,2517440
2792,99,0.010000,1.000000,792,2518232
2793,99,0.010000,1.000000,792,2519024
2794,99,0.010000,1.000000,792,2519816
2795,158,0.010000,1.000000,1264,2521080
2796,99,0.010000,1.000000,792,2521872
2797,99,0.010000,1.000000,792,2522664
2798,99,0.010000,1.000000,792,2523456
2799,112,0.010000,1.000000,896,2524352
2800,99,0.010000,1.000000,792,2525144
2801,158,0.010000,1.000000,1264,2526408
2802,97,0.010000,1.000000,776,2527184
2803,97,0.010000,1.000000,776,2527960
2804,112,0.010000,1.000000,896,2528856
2805,158,0.010000,1.000000,1264,2530120
2806,99,0.010000,1.000000,792,2530912
2807,97,0.010000,1.000000,776,2531688
2808,99,0.010000,1.000000,792,2532480
2809,99,0.010000,1.000000,792,2533272
2810,99,0.010000,1.000000,792,2534064
2811,99,0.010000,1.000000,792,2534856
2812,97,0.010000,1.000000,776,2535632
2813,99,0.010000,1.000000,792,2536424
2814,99,0.010000,1.000000,792,2537216
2815,99,0.010000,1.000000,792,2538008
2816,158,0.010000,1.000000,1264,2539272
2817,158,0.010000,1.000000,1264,2540536
2818,97,0.010000,1.000000,776,2541312
2819,99,0.010000,1.000000,792,2542104
2820,99,0.010000,1.000000,792,2542896
2821,99,0.010000,1.000000,792,2543688
2822,99,0.010000,1.000000,792,2544480
2823,99,0.010000,1.000000,792,2545272
2824,99,0.010000,1.000000,792,2546064
2825,158,0.010000,1.000000,1264,2547328
2826,99,0.010000,1.000000,792,2548120
2827,99,0.010000,1.000000,792,2548912
2828,99,0.010000,1.000000,792,2549704
2829,98,0.010000,1.000000,784,2550488
2830,157,0.010000,1.000000,1256,2551744
2831,99,0.010000,1.000000,792,2552536
2832,99,0.010000,1.000000,792,2553328
2833,99,0.010000,1.000000,792,2554120
2834,99,0.010000,1.000000,792,2554912
2835,99,0.010000,1.000000,792,2555704
2836,99,0.010000,1.000000,792,2556496
2837,154,0.010000,1.000000,1232,2557728
2838,149,0.010000,1.000000,1192,2558920
2839,99,0.010000,1.000000,792,2559712
2840,99,0.010000,1.000000,792,2560504
2841,99,0.010000,1.000000,792,2561296
2842,99,0.010000,1.000000,792,2562088
2843,99,0.010000,1.000000,792,2562880
2844,99,0.010000,1.000000,792,2563672
2845,99,0.010000,1.000000,792,2564464
2846,99,0.010000,1.000000,792,2565256
2847,99,0.010000,1.000000,792,2566048
2848,99,0.010000,1.000000,792,2566840
2849,149,0.010000,1.000000,1192,2568032
2850,158,0.010000,1.000000,1264,2569296
2851,99,0.010000,1.000000,792,2570088
2852,158,0.010000,1.000000,1264,2571352
2853,99,0.010000,1.000000,792,2572144
2854,99,0.010000,1.000000,792,2572936
2855,99,0.010000,1.000000,792,2573728
2856,99,0.010000,1.000000,792,2574520
2857,158,0.010000,1.000000,1264,2575784
2858,99,0.010000,1.000000,792,2576576
2859,99,0.010000,1.000000,792,2577368
2860,99,0.010000,1.000000,792,2578160
2861,99,0.010000,1.000000,792,2578952
2862,99,0.010000,1.000000,792,2579744
2863,158,0.010000,1.000000,1264,2581008
2864,99,0.010000,1.000000,792,2581800
2865,155,0.010000,1.000000,1240,2583040
2866,99,0.010000,1.000000,792,2583832
2867,97,0.010000,1.000000,776,2584608
2868,99,0.010000,1.000000,792,2585400
2869,147,0.010000,1.000000,1176,2586576
2870,124,0.010000,1.000000,992,2587568
2871,127,0.010000,1.000000,1016,2588584
2872,99,0.010000,1.000000,792,2589376
2873,158,0.010000,1.000000,1264,2590640
2874,99,0.010000,1.000000,792,2591432
2875,156,0.010000,1.000000,1248,2592680
2876,99,0.010000,1.000000,792,2593472
2877,144,0.010000,1.000000,1152,2594624
2878,96,0.010000,1.000000,768,2595392
2879,97,0.010000,1.000000,776,2596168
2880,144,0.010000,1.000000,1152,2597320
2881,99,0.010000,1.000000,792,2598112
2882,99,0.010000,1.000000,792,2598904
2883,99,0.010000,1.000000,792,2599696
2884,99,0.010000,1.000000,792,2600488
2885,99,0.010000,1.000000,792,2601280
2886,99,0.010000,1.000000,792,2602072
2887,158,0.010000,1.000000,1264,2603336
2888,99,0.010000,1.000000,792,2604128
2889,99,0.010000,1.000000,792,2604920
2890,97,0.010000,1.000000,776,2605696
2891,99,0.010000,1.000000,792,2606488
2892,99,0.010000,1.000000,792,2607280
2893,158,0.010000,1.000000,1264,2608544
2894,158,0.010000,1.000000,1264,2609808
2895,99,0.010000,1.000000,792,2610600
2896,99,0.010000,1.000000,792,2611392
2897,99,0.010000,1.000000,792,2612184
2898,99,0.010000,1.000000,792,2612976
2899,99,0.010000,1.000000,792,2613768
2900,146,0.010000,1.000000,1168,2614936
2901,158,0.010000,1.000000,1264,2616200
2902,99,0.010000,1.000000,792,2616992
2903,98,0.010000,1.000000,784,2617776
2904,99,0.010000,1.000000,792,2618568
2905,99,0.010000,1.000000,792,2619360
2906,99,0.010000,1.000000,792,2620152
2907,99,0.010000,1.000000,792,2620944
2908,99,0.010000,1.000000,792,2621736
2909,99,0.010000,1.000000,792,2622528
2910,99,0.010000,1.000000,792,2623320
2911,158,0.010000,1.000000,1264,2624584
2912,158,0.010000,1.000000,1264,2625848
2913,158,0.010000,1.000000,1264,2627112
2914,99,0.010000,1.000000,792,2627904
2915,99,0.010000,1.000000,792,2628696
2916,99,0.010000,1.000000,792,2629488
2917,158,0.010000,1.000000,1264,2630752
2918,99,0.010000,1.000000,792,2631544
2919,158,0.010000,1.000000,1264,2632808
2920,99,0.010000,1.000000,792,2633600
2921,99,0.010000,1.000000,792,2634392
2922,158,0.010000,1.000000,1264,2635656
2923,99,0.010000,1.000000,792,2636448
2924,99,0.010000,1.000000,792,2637240
2925,99,0.010000,1.000000,792,2638032
2926,99,0.010000,1.000000,792,2638824
2927,99,0.010000,1.000000,792,2639616
2928,158,0.010000,1.000000,1264,2640880
2929,158,0.010000,1.000000,1264,2642144
2930,99,0.010000,1.000000,792,2642936
2931,99,0.010000,1.000000,792,2643728
2932,99,0.010000,1.000000,792,2644520
2933,99,0.010000,1.000000,792,2645312
2934,99,0.010000,1.000000,792,2646104
2935,140,0.010000,1.000000,1120,2647224
2936,99,0.010000,1.000000,792,2648016
2937,99,0.010000,1.000000,792,2648808
2938,99,0.010000,1.000000,792,2649600
2939,158,0.010000,1.000000,1264,2650864
2940,99,0.010000,1.000000,792,2651656
2941,157,0.010000,1.000000,1256,2652912
2942,99,0.010000,1.000000,792,2653704
2943,99,0.010000,1.000000,792,2654496
2944,99,0.010000,1.000000,792,2655288
2945,99,0.010000,1.000000,792,2656080
2946,99,0.010000,1.000000,792,2656872
2947,99,0.010000,1.000000,792,2657664
2948,99,0.010000,1.000000,792,2658456
2949,158,0.010000,1.000000,1264,2659720
2950,158,0.010000,1.000000,1264,2660984
2951,99,0.010000,1.000000,792,2661776
2952,99,0.010000,1.000000,792,2662568
2953,157,0.010000,1.000000,1256,2663824
2954,99,0.010000,1.000000,792,2664616
2955,99,0.010000,1.000000,792,2665408
2956,99,0.010000,1.000000,792,2666200
2957,99,0.010000,1.000000,792,2666992
2958,97,0.010000,1.000000,776,2667768
2959,99,0.010000,1.000000,792,2668560
2960,99,0.010000,1.000000,792,2669352
2961,99,0.010000,1.000000,792,2670144
2962,99,0.010000,1.000000,792,2670936
2963,158,0.010000,1.000000,1264,2672200
2964,99,0.010000,1.000000,792,2672992
2965,99,0.010000,1.000000,792,2673784
2966,99,0.010000,1.000000,792,2674576
2967,99,0.010000,1.000000,792,2675368
2968,99,0.010000,1.000000,792,2676160
2969,158,0.010000,1.000000,1264,2677424
2970,158,0.010000,1.000000,1264,2678688
2971,99,0.010000,1.000000,792,2679480
2972,157,0.010000,1.000000,1256,2680736
2973,99,0.010000,1.000000,792,2681528
2974,99,0.010000,1.000000,792,2682320
2975,157,0.010000,1.000000,1256,2683576
2976,98,0.010000,1.000000,784,2684360
2977,99,0.010000,1.000000,792,2685152
2978,99,0.010000,1.000000,792,2685944
2979,99,0.010000,1.000000,792,2686736
2980,99,0.010000,1.000000,792,2687528
2981,99,0.010000,1.000000,792,2688320
2982,99,0.010000,1.000000,792,2689112
2983,99,0.010000,1.000000,792,2689904
2984,99,0.010000,1.000000,792,2690696
2985,99,0.010000,1.000000,792,2691488
2986,99,0.010000,1.000000,792,2692280
2987,99,0.010000,1.000000,792,2693072
2988,99,0.010000,1.000000,792,2693864
2989,99,0.010000,1.000000,792,2694656
2990,99,0.010000,1.000000,792,2695448
2991,99,0.010000,1.000000,792,2696240
2992,99,0.010000,1.000000,792,2697032
2993,99,0.010000,1.000000,792,2697824
2994,99,0.010000,1.000000,792,2698616
2995,99,0.010000,1.000000,792,2699408
2996,99,0.010000,1.000000,792,2700200
2997,158,0.010000,1.000000,1264,2701464
2998,99,0.010000,1.000000,792,2702256
2999,99,0.010000,1.000000,792,2703048
3000,99,0.010000,1.000000,792,2703840
3001,99,0.010000,1.000000,792,2704632
3002,99,0.010000,1.000000,792,2705424
3003,147,0.010000,1.000000,1176,2706600
3004,99,0.010000,1.000000,792,2707392
3005,99,0.010000,1.000000,792,2708184
3006,156,0.010000,1.000000,1248,2709432
3007,157,0.010000,1.000000,1256,2710688
3008,99,0.010000,1.000000,792,2711480
3009,99,0.010000,1.000000,792,2712272
3010,99,0.010000,1.000000,792,2713064
3011,99,0.010000,1.000000,792,2713856
3012,99,0.010000,1.000000,792,2714648
3013,99,0.010000,1.000000,792,2715440
3014,99,0.010000,1.000000,792,2716232
3015,99,0.010000,1.000000,792,2717024
3016,99,0.010000,1.000000,792,2717816
3017,158,0.010000,1.000000,1264,2719080
3018,99,0.010000,1.000000,792,2719872
3019,158,0.010000,1.000000,1264,2721136
3020,99,0.010000,1.000000,792,2721928
3021,99,0.010000,1.000000,792,2722720
3022,99,0.010000,1.000000,792,2723512
3023,99,0.010000,1.000000,792,2724304
3024,99,0.010000,1.000000,792,2725096
3025,99,0.010000,1.000000,792,2725888
3026,99,0.010000,1.000000,792,2726680
3027,129,0.010000,1.000000,1032,2727712
3028,99,0.010000,1.000000,792,2728504
3029,99,0.010000,1.000000,792,2729296
3030,158,0.010000,1.000000,1264,2730560
3031,99,0.010000,1.000000,792,2731352
3032,158,0.010000,1.000000,1264,2732616
3033,99,0.010000,1.000000,792,2733408
3034,99,0.010000,1.000000,792,2734200
3035,99,0.010000,1.000000,792,2734992
3036,137,0.010000,1.000000,1096,2736088
3037,99,0.010000,1.000000,792,2736880
3038,99,0.010000,1.000000,792,2737672
3039,99,0.010000,1.000000,792,2738464
3040,99,0.010000,1.000000,792,2739256
3041,99,0.010000,1.000000,792,2740048
3042,99,0.010000,1.000000,792,2740840
3043,99,0.010000,1.000000,792,2741632
3044,158,0.010000,1.000000,1264,2742896
3045,99,0.010000,1.000000,792,2743688
3046,97,0.010000,1.000000,776,2744464
3047,99,0.010000,1.000000,792,2745256
3048,99,0.010000,1.000000,792,2746048
3049,99,0.010000,1.000000,792,2746840
3050,99,0.010000,1.000000,792,2747632
3051,158,0.010000,1.000000,1264,2748896
3052,99,0.010000,1.000000,792,2749688
3053,99,0.010000,1.000000,792,2750480
3054,99,0.010000,1.000000,792,2751272
3055,99,0.010000,1.000000,792,2752064
3056,99,0.010000,1.000000,792,2752856
3057,99,0.010000,1.000000,792,2753648
3058,99,0.010000,1.000000,792,2754440
3059,99,0.010000,1.000000,792,2755232
3060,99,0.010000,1.000000,792,2756024
3061,137,0.010000,1.000000,1096,2757120
3062,99,0.010000,1.000000,792,2757912
3063,99,0.010000,1.000000,792,2758704
3064,101,0.010000,1.000000,808,2759512
3065,99,0.010000,1.000000,792,2760304
3066,158,0.010000,1.000000,1264,2761568
3067,97,0.010000,1.000000,776,2762344
3068,99,0.010000,1.000000,792,2763136
3069,99,0.010000,1.000000,792,2763928
3070,99,0.010000,1.000000,792,2764720
3071,99,0.010000,1.000000,792,2765512
3072,99,0.010000,1.000000,792,2766304
3073,99,0.010000,1.000000,792,2767096
3074,99,0.010000,1.000000,792,2767888
3075,99,0.010000,1.000000,792,2768680
3076,99,0.010000,1.000000,792,2769472
3077,99,0.010000,1.000000,792,2770264
3078,99,0.010000,1.000000,792,2771056
3079,150,0.010000,1.000000,1200,2772256
3080,99,0.010000,1.000000,792,2773048
3081,99,0.010000,1.000000,792,2773840
3082,97,0.010000,1.000000,776,2774616
3083,97,0.010000,1.000000,776,2775392
3084,99,0.010000,1.000000,792,2776184
3085,99,0.010000,1.000000,792,2776976
3086,98,0.010000,1.000000,784,2777760
3087,99,0.010000,1.000000,792,2778552
3088,99,0.010000,1.000000,792,2779344
3089,99,0.010000,1.000000,792,2780136
3090,157,0.010000,1.000000,1256,2781392
3091,158,0.010000,1.000000,1264,2782656
3092,99,0.010000,1.000000,792,2783448
3093,158,0.010000,1.000000,1264,2784712
3094,99,0.010000,1.000000,792,2785504
3095,99,0.010000,1.000000,792,2786296
3096,99,0.010000,1.000000,792,2787088
3097,99,0.010000,1.000000,792,2787880
3098,99,0.010000,1.000000,792,2788672
3099,99,0.010000,1.000000,792,2789464
3100,99,0.010000,1.000000,792,2790256
3101,99,0.010000,1.000000,792,2791048
3102,158,0.010000,1.000000,1264,2792312
3103,99,0.010000,1.000000,792,2793104
3104,99,0.010000,1.000000,792,2793896
3105,158,0.010000,1.000000,1264,2795160
3106,96,0.010000,1.000000,768,2795928
3107,130,0.010000,1.000000,1040,2796968
3108,99,0.010000,1.000000,792,2797760
3109,99,0.010000,1.000000,792,2798552
3110,157,0.010000,1.000000,1256,2799808
3111,99,0.010000,1.000000,792,2800600
3112,99,0.010000,1.000000,792,2801392
3113,99,0.010000,1.000000,792,2802184
3114,158,0.010000,1.000000,1264,2803448
3115,99,0.010000,1.000000,792,2804240
3116,99,0.010000,1.000000,792,2805032
3117,99,0.010000,1.000000,792,2805824
3118,99,0.010000,1.000000,792,2806616
3119,99,0.010000,1.000000,792,2807408
3120,99,0.010000,1.000000,792,2808200
3121,99,0.010000,1.000000,792,2808992
3122,158,0.010000,1.000000,1264,2810256
3123,136,0.010000,1.000000,1088,2811344
3124,99,0.010000,1.000000,792,2812136
3125,99,0.010000,1.000000,792,2812928
3126,97,0.010000,1.000000,776,2813704
3127,99,0.010000,1.000000,792,2814496
3128,99,0.010000,1.000000,792,2815288
3129,99,0.010000,1.000000,792,2816080
3130,99,0.010000,1.000000,792,2816872
3131,158,0.010000,1.000000,1264,2818136
3132,150,0.010000,1.000000,1200,2819336
3133,99,0.010000,1.000000,792,2820128
3134,158,0.010000,1.000000,1264,2821392
3135,99,0.010000,1.000000,792,2822184
3136,99,0.010000,1.000000,792,2822976
3137,99,0.010000,1.000000,792,2823768
3138,99,0.010000,1.000000,792,2824560
3139,99,0.010000,1.000000,792,2825352
3140,99,0.010000,1.000000,792,2826144
3141,158,0.010000,1.000000,1264,2827408
3142,99,0.010000,1.000000,792,2828200
3143,158,0.010000,1.000000,1264,2829464
3144,99,0.010000,1.000000,792,2830256
3145,99,0.010000,1.000000,792,2831048
3146,99,0.010000,1.000000,792,2831840
3147,99,0.010000,1.000000,792,2832632
3148,158,0.010000,1.000000,1264,2833896
3149,99,0.010000,1.000000,792,2834688
3150,99,0.010000,1.000000,792,2835480
3151,99,0.010000,1.000000,792,2836272
3152,99,0.010000,1.000000,792,2837064
3153,99,0.010000,1.000000,792,2837856
3154,99,0.010000,1.000000,792,2838648
3155,99,0.010000,1.000000,792,2839440
3156,99,0.010000,1.000000,792,2840232
3157,99,0.010000,1.000000,792,2841024
3158,99,0.010000,1.000000,792,2841816
3159,99,0.010000,1.000000,792,2842608
3160,99,0.010000,1.000000,792,2843400
3161,99,0.010000,1.000000,792,2844192
3162,158,0.010000,1.000000,1264,2845456
3163,99,0.010000,1.000000,792,2846248
3164,99,0.010000,1.000000,792,2847040
3165,99,0.010000,1.000000,792,2847832
3166,99,0.010000,1.000000,792,2848624
3167,99,0.010000,1.000000,792,2849416
3168,99,0.010000,1.000000,792,2850208
3169,99,0.010000,1.000000,792,2851000
3170,99,0.010000,1.000000,792,2851792
3171,129,0.010000,1.000000,1032,2852824
3172,99,0.010000,1.000000,792,2853616
3173,99,0.010000,1.000000,792,2854408
3174,99,0.010000,1.000000,792,2855200
3175,99,0.010000,1.000000,792,2855992
3176,99,0.010000,1.000000,792,2856784
3177,158,0.010000,1.000000,1264,2858048
3178,99,0.010000,1.000000,792,2858840
3179,99,0.010000,1.000000,792,2859632
3180,99,0.010000,1.000000,792,2860424
3181,99,0.010000,1.000000,792,2861216
3182,99,0.010000,1.000000,792,2862008
3183,99,0.010000,1.000000,792,2862800
3184,99,0.010000,1.000000,792,2863592
3185,99,0.010000,1.000000,792,2864384
3186,99,0.010000,1.000000,792,2865176
3187,99,0.010000,1.000000,792,2865968
3188,99,0.010000,1.000000,792,2866760
3189,99,0.010000,1.000000,792,2867552
3190,99,0.010000,1.000000,792,2868344
3191,99,0.010000,1.000000,792,2869136
3192,99,0.010000,1.000000,792,2869928
3193,158,0.010000,1.000000,1264,2871192
3194,99,0.010000,1.000000,792,2871984
3195,99,0.010000,1.000000,792,2872776
3196,99,0.010000,1.000000,792,2873568
3197,99,0.010000,1.000000,792,2874360
3198,99,0.010000,1.000000,792,2875152
3199,99,0.010000,1.000000,792,2875944
3200,99,0.010000,1.000000,792,2876736
3201,99,0.010000,1.000000,792,2877528
3202,99,0.010000,1.000000,792,2878320
3203,99,0.010000,1.000000,792,2879112
3204,99,0.010000,1.000000,792,2879904
3205,99,0.010000,1.000000,792,2880696
3206,154,0.010000,1.000000,1232,2881928
3207,158,0.010000,1.000000,1264,2883192
3208,99,0.010000,1.000000,792,2883984
3209,99,0.010000,1.000000,792,2884776
3210,158,0.010000,1.000000,1264,2886040
3211,99,0.010000,1.000000,792,2886832
3212,157,0.010000,1.000000,1256,2888088
3213,99,0.010000,1.000000,792,2888880
3214,99,0.010000,1.000000,792,2889672
3215,158,0.010000,1.000000,1264,2890936
3216,99,0.010000,1.000000,792,2891728
3217,99,0.010000,1.000000,792,2892520
3218,158,0.010000,1.000000,1264,2893784
3219,99,0.010000,1.000000,792,2894576
3220,99,0.010000,1.000000,792,2895368
3221,99,0.010000,1.000000,792,2896160
3222,99,0.010000,1.000000,792,2896952
3223,99,0.010000,1.000000,792,2897744
3224,99,0.010000,1.000000,792,2898536
3225,99,0.010000,1.000000,792,2899328
3226,99,0.010000,1.000000,792,2900120
3227,99,0.010000,1.000000,792,2900912
3228,158,0.010000,1.000000,1264,2902176
3229,99,0.010000,1.000000,792,2902968
3230,99,0.010000,1.000000,792,2903760
3231,99,0.010000,1.000000,792,2904552
3232,99,0.010000,1.000000,792,2905344
3233,99,0.010000,1.000000,792,2906136
3234,99,0.010000,1.000000,792,2906928
3235,99,0.010000,1.000000,792,2907720
3236,99,0.010000,1.000000,792,2908512
3237,99,0.010000,1.000000,792,2909304
3238,99,0.010000,1.000000,792,2910096
3239,99,0.010000,1.000000,792,2910888
3240,99,0.010000,1.000000,792,2911680
3241,99,0.010000,1.000000,792,2912472
3242,99,0.010000,1.000000,792,2913264
3243,99,0.010000,1.000000,792,2914056
3244,99,0.010000,1.000000,792,2914848
3245,99,0.010000,1.000000,792,2915640
3246,99,0.010000,1.000000,792,2916432
3247,99,0.010000,1.000000,792,2917224
3248,99,0.010000,1.000000,792,2918016
3249,99,0.010000,1.000000,792,2918808
3250,99,0.010000,1.000000,792,2919600
3251,99,0.010000,1.000000,792,2920392
3252,158,0.010000,1.000000,1264,2921656
3253,99,0.010000,1.000000,792,2922448
3254,99,0.010000,1.000000,792,2923240
3255,99,0.010000,1.000000,792,2924032
3256,99,0.010000,1.000000,792,2924824
3257,99,0.010000,1.000000,792,2925616
3258,99,0.010000,1.000000,792,2926408
3259,99,0.010000,1.000000,792,2927200
3260,99,0.010000,1.000000,792,2927992
3261,158,0.010000,1.000000,1264,2929256
3262,99,0.010000,1.000000,792,2930048
3263,99,0.010000,1.000000,792,2930840
3264,99,0.010000,1.000000,792,2931632
3265,99,0.010000,1.000000,792,2932424
3266,99,0.010000,1.000000,792,2933216
3267,99,0.010000,1.000000,792,2934008
3268,99,0.010000,1.000000,792,2934800
3269,99,0.010000,1.000000,792,2935592
3270,99,0.010000,1.000000,792,2936384
3271,99,0.010000,1.000000,792,2937176
3272,99,0.010000,1.000000,792,2937968
3273,99,0.010000,1.000000,792,2938760
3274,99,0.010000,1.000000,792,2939552
3275,99,0.010000,1.000000,792,2940344
3276,156,0.010000,1.000000,1248,2941592
3277,99,0.010000,1.000000,792,2942384
3278,99,0.010000,1.000000,792,2943176
3279,99,0.010000,1.000000,792,2943968
3280,99,0.010000,1.000000,792,2944760
3281,99,0.010000,1.000000,792,2945552
3282,99,0.010000,1.000000,792,2946344
3283,99,0.010000,1.000000,792,2947136
3284,154,0.010000,1.000000,1232,2948368
3285,99,0.010000,1.000000,792,2949160
3286,99,0.010000,1.000000,792,2949952
3287,99,0.010000,1.000000,792,2950744
3288,99,0.010000,1.000000,792,2951536
3289,99,0.010000,1.000000,792,2952328
3290,99,0.010000,1.000000,792,2953120
3291,99,0.010000,1.000000,792,2953912
3292,99,0.010000,1.000000,792,2954704
3293,99,0.010000,1.000000,792,2955496
3294,99,0.010000,1.000000,792,2956288
3295,99,0.010000,1.000000,792,2957080
3296,99,0.010000,1.000000,792,2957872
3297,99,0.010000,1.000000,792,2958664
3298,99,0.010000,1.000000,792,2959456
3299,99,0.010000,1.000000,792,2960248
3300,99,0.010000,1.000000,792,2961040
3301,99,0.010000,1.000000,792,2961832
3302,99,0.010000,1.000000,792,2962624
3303,99,0.010000,1.000000,792,2963416
3304,99,0.010000,1.000000,792,2964208
3305,99,0.010000,1.000000,792,2965000
3306,99,0.010000,1.000000,792,2965792
3307,99,0.010000,1.000000,792,2966584
3308,99,0.010000,1.000000,792,2967376
3309,99,0.010000,1.000000,792,2968168
3310,99,0.010000,1.000000,792,2968960
3311,99,0.010000,1.000000,792,2969752
3312,99,0.010000,1.000000,792,2970544
3313,99,0.010000,1.000000,792,2971336
3314,99,0.010000,1.000000,792,2972128
3315,158,0.010000,1.000000,1264,2973392
3316,99,0.010000,1.000000,792,2974184
3317,99,0.010000,1.000000,792,2974976
3318,145,0.010000,1.000000,1160,2976136
3319,99,0.010000,1.000000,792,2976928
3320,99,0.010000,1.000000,792,2977720
3321,99,0.010000,1.000000,792,2978512
3322,99,0.010000,1.000000,792,2979304
3323,99,0.010000,1.000000,792,2980096
3324,99,0.010000,1.000000,792,2980888
3325,99,0.010000,1.000000,792,2981680
3326,99,0.010000,1.000000,792,2982472
3327,99,0.010000,1.000000,792,2983264
3328,99,0.010000,1.000000,792,2984056
3329,99,0.010000,1.000000,792,2984848
3330,99,0.010000,1.000000,792,2985640
3331,99,0.010000,1.000000,792,2986432
3332,99,0.010000,1.000000,792,2987224
3333,99,0.010000,1.000000,792,2988016
3334,99,0.010000,1.000000,792,2988808
3335,99,0.010000,1.000000,792,2989600
3336,99,0.010000,1.000000,792,2990392
3337,99,0.010000,1.000000,792,2991184
3338,99,0.010000,1.000000,792,2991976
3339,99,0.010000,1.000000,792,2992768
3340,99,0.010000,1.000000,792,2993560
3341,99,0.010000,1.000000,792,2994352
3342,99,0.010000,1.000000,792,2995144
3343,99,0.010000,1.000000,792,2995936
3344,99,0.010000,1.000000,792,2996728
3345,158,0.010000,1.000000,1264,2997992
3346,99,0.010000,1.000000,792,2998784
3347,99,0.010000,1.000000,792,2999576
3348,99,0.010000,1.000000,792,3000368
3349,99,0.010000,1.000000,792,3001160
3350,99,0.010000,1.000000,792,3001952
3351,99,0.010000,1.000000,792,3002744
3352,99,0.010000,1.000000,792,3003536
3353,99,0.010000,1.000000,792,3004328
3354,99,0.010000,1.000000,792,3005120
3355,99,0.010000,1.000000,792,3005912
3356,157,0.010000,1.000000,1256,3007168
3357,158,0.010000,1.000000,1264,3008432
3358,99,0.010000,1.000000,792,3009224
3359,99,0.010000,1.000000,792,3010016
3360,99,0.010000,1.000000,792,3010808
3361,99,0.010000,1.000000,792,3011600
3362,99,0.010000,1.000000,792,3012392
3363,99,0.010000,1.000000,792,3013184
3364,99,0.010000,1.000000,792,3013976
3365,99,0.010000,1.000000,792,3014768
3366,99,0.010000,1.000000,792,3015560
3367,99,0.010000,1.000000,792,3016352
3368,158,0.010000,1.000000,1264,3017616
3369,99,0.010000,1.000000,792,3018408
3370,99,0.010000,1.000000,792,3019200
3371,99,0.010000,1.000000,792,3019992
3372,99,0.010000,1.000000,792,3020784
3373,99,0.010000,1.000000,792,3021576
3374,99,0.010000,1.000000,792,3022368
3375,99,0.010000,1.000000,792,3023160
3376,99,0.010000,1.000000,792,3023952
3377,99,0.010000,1.000000,792,3024744
3378,99,0.010000,1.000000,792,3025536
3379,99,0.010000,1.000000,792,3026328
3380,99,0.010000,1.000000,792,3027120
3381,99,0.010000,1.000000,792,3027912
3382,99,0.010000,1.000000,792,3028704
3383,99,0.010000,1.000000,792,3029496
3384,99,0.010000,1.000000,792,3030288
3385,99,0.010000,1.000000,792,3031080
3386,99,0.010000,1.000000,792,3031872
3387,99,0.010000,1.000000,792,3032664
3388,158,0.010000,1.000000,1264,3033928
3389,99,0.010000,1.000000,792,3034720
3390,99,0.010000,1.000000,792,3035512
3391,99,0.010000,1.000000,792,3036304
3392,133,0.010000,1.000000,1064,3037368
3393,99,0.010000,1.000000,792,3038160
3394,99,0.010000,1.000000,792,3038952
3395,99,0.010000,1.000000,792,3039744
3396,158,0.010000,1.000000,1264,3041008
3397,99,0.010000,1.000000,792,3041800
3398,99,0.010000,1.000000,792,3042592
3399,99,0.010000,1.000000,792,3043384
3400,99,0.010000,1.000000,792,3044176
3401,99,0.010000,1.000000,792,3044968
3402,99,0.010000,1.000000,792,3045760
3403,99,0.010000,1.000000,792,3046552
3404,99,0.010000,1.000000,792,3047344
3405,99,0.010000,1.000000,792,3048136
3406,99,0.010000,1.000000,792,3048928
3407,99,0.010000,1.000000,792,3049720
3408,99,0.010000,1.000000,792,3050512
3409,99,0.010000,1.000000,792,3051304
3410,99,0.010000,1.000000,792,3052096
3411,99,0.010000,1.000000,792,3052888
3412,99,0.010000,1.000000,792,3053680
3413,99,0.010000,1.000000,792,3054472
3414,99,0.010000,1.000000,792,3055264
3415,99,0.010000,1.000000,792,3056056
3416,97,0.010000,1.000000,776,3056832
3417,99,0.010000,1.000000,792,3057624
3418,99,0.010000,1.000000,792,3058416
3419,99,0.010000,1.000000,792,3059208
3420,99,0.010000,1.000000,792,3060000
3421,99,0.010000,1.000000,792,3060792
3422,99,0.010000,1.000000,792,3061584
3423,99,0.010000,1.000000,792,3062376
3424,99,0.010000,1.000000,792,3063168
3425,99,0.010000,1.000000,792,3063960
3426,99,0.010000,1.000000,792,3064752
3427,99,0.010000,1.000000,792,3065544
3428,99,0.010000,1.000000,792,3066336
3429,156,0.010000,1.000000,1248,3067584
3430,99,0.010000,1.000000,792,3068376
3431,99,0.010000,1.000000,792,3069168
3432,99,0.010000,1.000000,792,3069960
3433,99,0.010000,1.000000,792,3070752
3434,99,0.010000,1.000000,792,3071544
3435,99,0.010000,1.000000,792,3072336
3436,99,0.010000,1.000000,792,3073128
3437,99,0.010000,1.000000,792,3073920
3438,99,0.010000,1.000000,792,3074712
3439,152,0.010000,1.000000,1216,3075928
3440,99,0.010000,1.000000,792,3076720
3441,99,0.010000,1.000000,792,3077512
3442,99,0.010000,1.000000,792,3078304
3443,99,0.010000,1.000000,792,3079096
3444,99,0.010000,1.000000,792,3079888
3445,99,0.010000,1.000000,792,3080680
3446,156,0.010000,1.000000,1248,3081928
3447,158,0.010000,1.000000,1264,3083192
3448,99,0.010000,1.000000,792,3083984
3449,105,0.010000,1.000000,840,3084824
3450,99,0.010000,1.000000,792,3085616
3451,99,0.010000,1.000000,792,3086408
3452,99,0.010000,1.000000,792,3087200
3453,99,0.010000,1.000000,792,3087992
3454,99,0.010000,1.000000,792,3088784
3455,99,0.010000,1.000000,792,3089576
3456,99,0.010000,1.000000,792,3090368
3457,99,0.010000,1.000000,792,3091160
3458,99,0.010000,1.000000,792,3091952
3459,99,0.010000,1.000000,792,3092744
3460,105,0.010000,1.000000,840,3093584
3461,99,0.010000,1.000000,792,3094376
3462,158,0.010000,1.000000,1264,3095640
3463,99,0.010000,1.000000,792,3096432
3464,99,0.010000,1.000000,792,3097224
3465,99,0.010000,1.000000,792,3098016
3466,99,0.010000,1.000000,792,3098808
3467,99,0.010000,1.000000,792,3099600
3468,99,0.010000,1.000000,792,3100392
3469,99,0.010000,1.000000,792,3101184
3470,99,0.010000,1.000000,792,3101976
3471,99,0.010000,1.000000,792,3102768
3472,99,0.010000,1.000000,792,3103560
3473,99,0.010000,1.000000,792,3104352
3474,99,0.010000,1.000000,792,3105144
3475,99,0.010000,1.000000,792,3105936
3476,158,0.010000,1.000000,1264,3107200
3477,99,0.010000,1.000000,792,3107992
3478,99,0.010000,1.000000,792,3108784
3479,158,0.010000,1.000000,1264,3110048
3480,99,0.010000,1.000000,792,3110840
3481,157,0.010000,1.000000,1256,3112096
3482,92,0.010000,1.000000,736,3112832
